epoch,train_loss,val_loss
1,1.1153696358782574,1.0567511372195864
2,0.9198945089451318,0.8837482547297061
3,0.9472877666788194,2.448148835052564
4,0.9427778489381364,3.507836338385795
5,0.9017809108623023,2.7124879279182954
6,0.9015754206666668,3.454751336458817
7,0.8642927280907492,1.9944986255423536
8,0.8278682393935121,1.82248567146005
9,0.8079096773295726,2.2065466468774
10,0.8201830271378304,1.624759352322921
11,0.7905184643939861,1.9412917049185743
12,0.8340968003550779,7.296240532282487
13,0.7905136231079842,3.557013807944881
14,0.781602978127674,2.5411173793876056
15,0.7719140376859498,3.106895755795599
16,0.7975200026938059,2.7367025729521965
17,0.8166557272661079,1.6975508060270144
18,0.7513908107303878,1.9950348046219464
19,0.7648414772691079,2.4649092769159853
20,0.7279412167743572,2.3277425059994448
21,0.7402178381831901,2.408419786147701
22,0.7209463171588565,3.872230378169458
23,0.7366800192490365,1.8963108028022988
24,0.7208856390517893,1.560800345198622
25,0.7072240279137509,2.45523202419281
26,0.681193917700388,1.6196750402450562
27,0.6921753154217618,1.4859571850415572
28,0.7364766354699737,3.460224324059718
29,0.7362713136719269,6.205840579514365
30,0.6960404683085322,5.887817003194568
31,0.708615833694495,3.6977500446791787
32,0.6988748780732016,5.779220701421349
33,0.6975261817858057,4.831409243704046
34,0.6815553614236776,2.6015909875480876
35,0.678241076978665,3.541118337112723
36,0.7390301690518277,3.9629066106185173
37,0.6963457297352911,3.000928110289342
38,0.7055287974552044,3.8462491000740275
39,0.7040103835966981,2.537753944258088
40,0.6858094733895608,3.1344043479382413
41,0.6761038419112418,5.734238387311547
42,0.7215609342149161,2.205148625142366
43,0.7085870978901687,2.3424055564750748
44,0.645587182739406,2.517329302806299
45,0.6540529027725887,3.8593134706460157
46,0.6365421825242275,4.017048674879722
47,0.7037726582832706,5.194227860969248
48,0.6680327243017918,1.5885920779218952
49,0.6275970591503439,0.7547256801892253
50,0.7166234486311385,0.986224240469701
51,0.6807173490524292,1.9844056113252362
52,0.6491107518233142,1.1260303432501635
53,0.6657933372895695,1.8073381914675815
54,0.6948716420571781,2.49073268140404
55,0.656747890328898,1.239265027555447
56,0.6364860511520534,1.572838499708083
57,0.6470430018832383,1.2063125533965027
58,0.6616389207469607,1.1246629652467746
59,0.6228539793236741,1.6951709806340411
60,0.6333863885657302,1.6906873387040444
61,0.63965572084038,1.1212876392799673
62,0.6810931135149836,1.0616686639276522
63,0.6275161724646114,1.0373650418901907
64,0.6394815135349348,1.5988720024673684
65,0.6140331816904753,1.4175542650870907
66,0.633047283853142,1.6182577772047912
67,0.6405454480532303,1.5570569721240441
68,0.6309437983244368,1.4692658978758506
69,0.6625795621895095,1.7560823791235396
70,0.6632835778217872,1.058522717466632
71,0.6479792392369613,1.168469426122684
72,0.6549919762657684,0.9436368398296023
73,0.6483079171875148,0.944554293039933
74,0.7014041282598255,2.377744297379429
75,0.6238425402965361,1.0837283990915538
76,0.6491247282444852,1.3590994297879413
77,0.6015236947721648,1.3817540997440376
78,0.6006780000566279,1.1695103969388796
79,0.6361983184096882,0.9085654228636362
80,0.5985495309227878,0.8696296932627854
81,0.6725009251566767,1.1614176555744653
82,0.6378972495643838,1.2310688322030225
83,0.6286265277168126,1.3550908443997207
84,0.6429227152206365,1.9434622259973322
85,0.6107663934670605,2.423555063969881
86,0.6097992438714481,1.622774817411182
87,0.6310474270755805,1.947422809971189
88,0.6446634490513107,1.6674973229760106
89,0.5838992435087278,2.2333909192131562
90,0.6618803571728826,1.9834089533796588
91,0.6349081576449199,1.4191738887897973
92,0.6232500735995838,0.8510438568383745
93,0.624254778172206,1.5251848824973244
94,0.6379051625149922,2.198687002496812
95,0.6614155167514838,1.8436967678440428
96,0.6393753533224458,1.5707299327387394
97,0.6623577631792976,1.3133422882811536
98,0.6436308735203975,1.2664808416829525
99,0.6596425505517756,0.9152806262368137
100,0.6308241903203206,0.8086802577509463
101,0.5876227252691695,2.307379698869094
102,0.6563099287088635,2.524866400413143
103,0.6107633588383499,1.9452135603404739
104,0.6202454514873837,3.171052941419546
105,0.6385242667013001,5.8015862911650276
106,0.6114385550461926,3.1225249645779436
107,0.6184434913894505,3.653494471485175
108,0.6128460938490711,1.7127024780199365
109,0.6277939318453224,3.242011650094708
110,0.6422597100433795,1.740761687454668
111,0.6246611447010225,2.298288696599238
112,0.5909452924450624,2.0951256740440445
113,0.6328761091510069,1.324766844221689
114,0.6262583883063307,1.2017281333219658
115,0.6098640370137484,2.036280779005254
116,0.6378439902101906,1.5941335715136482
117,0.6025484609372408,1.7944557290632748
118,0.6223368980352161,2.167252420221718
119,0.5708481189116691,2.9436471774740127
120,0.5988345938978843,1.510029565940783
121,0.6424319611012357,1.8659892116935508
122,0.5756435041288728,1.3115654292615873
123,0.6235546440754122,1.5850117947291402
124,0.611294019569471,1.9434307431711735
125,0.6317672729492188,2.062302503770995
126,0.6071310254555304,1.2565897298090667
127,0.5906142470906082,0.8172025229167013
128,0.5807298858767574,0.697228973351636
129,0.5881929715860237,0.7345363908601039
130,0.6174455603349556,1.0955234684990447
131,0.6489610834029115,1.7325731458015812
132,0.611403645820988,1.077406126318626
133,0.6202567688469748,1.4353804160090327
134,0.6068091907547516,1.1219426931686771
135,0.6043067227289515,0.8474454630925817
136,0.6069531973125866,2.2723229955700996
137,0.5725379337384863,2.199751285673345
138,0.606562361844535,2.428588835359777
139,0.5880389832755895,1.3363088062665995
140,0.6332020499173877,0.99645663465111
141,0.6143891053292357,1.013131856918335
142,0.5750569024132294,0.9325684048597095
143,0.6291599678761751,1.0805526393131144
144,0.5697396796883889,1.7266577580600109
145,0.6379533479514631,1.823866799618434
146,0.6420856864706984,2.315678999261949
147,0.5486930302045878,1.1653001794537294
148,0.5758866436273149,0.9749050742214166
149,0.5662742639050901,0.9541219808522937
150,0.6118960293751319,1.079666103552846
151,0.5849362588623195,1.006992378859844
152,0.5973261149184218,1.0096401687964653
153,0.6148712264681325,0.9573547151482221
154,0.6084033765839142,0.8394461071606979
155,0.6165857031507399,0.7807990491968914
156,0.590070714070959,2.0159918064052618
157,0.5510811831765962,2.0986589239638986
158,0.6413358623541675,1.9828513038968576
159,0.6061829953517729,1.3698290540176687
160,0.5802589585480181,1.1837664090313957
161,0.5944312972929872,1.3781480627152527
162,0.5766538560969158,1.1969463663193787
163,0.6155011798571615,1.6851822473470448
164,0.5886890992377568,1.3049380432054833
165,0.5949112119026554,2.0919373498379605
166,0.6275839224023726,1.1994477452583683
167,0.5954126403169725,0.9643030004593932
168,0.5769792737312687,0.8984834684908969
169,0.6065400977736538,0.9021817862408833
170,0.5837187929060853,1.0307891762372359
171,0.566910004152835,1.104685794959948
172,0.5703637484207894,1.3439230855228832
173,0.6205245580488038,1.7924957738339322
174,0.5944982934924006,1.2423215525821574
175,0.5993597420673926,0.9749315114854609
176,0.5709853152048241,1.162643871839764
177,0.6110111139353039,1.805996966014788
178,0.6022010972198931,1.23460918838538
179,0.6171722469977963,0.8676156395847358
180,0.5608752161553763,0.8778424465540543
181,0.6468286884641185,0.6838741250408505
182,0.6068903601285324,0.7009726959524802
183,0.5544576523373428,1.0205512492402087
184,0.5470688111573747,0.9177342178752121
185,0.6156182254402383,0.8871384303546647
186,0.6043331565208805,1.4167160507544732
187,0.6132584966502144,1.2577136853366222
188,0.5917945521549114,1.2228176703730833
189,0.5896735139263486,1.1664950836052015
190,0.6432504344333723,1.0181375394747094
191,0.6390702886488832,1.0653934536628353
192,0.5973690910246766,1.1958033922806526
193,0.5676947745304664,1.533997393348842
194,0.6145902843151277,1.1571586247786736
195,0.5721501991586778,1.1313752057482895
196,0.6155623307505858,1.0761670724859516
197,0.5645897654653753,1.0958580131669646
198,0.6251793370663541,0.9896575258773508
199,0.588795975574012,0.95988216214967
200,0.6079637263585063,0.9007946391707485
201,0.581892643160033,1.021978051917067
202,0.5752145491757439,0.9158067275019526
203,0.6042277251632469,1.0374379210101747
204,0.6031005967010572,0.9296493773321504
205,0.6105740753192346,1.6038361168602138
206,0.6102079592862175,1.7291730046272278
207,0.6098664087577931,1.3974208635033913
208,0.5717763634561335,1.4240462496442703
209,0.5821331571606756,1.2647837822877088
210,0.6092815173482432,1.7327525893461357
211,0.578850544193416,1.7658402242706817
212,0.5773669950013022,1.7661398741805439
213,0.6179953159637821,1.8950812752964428
214,0.5927882640107164,2.1242797646707703
215,0.5820236987280614,3.5426336359051827
216,0.5173787654024883,2.9211817551585075
217,0.6107103622075424,1.9728285722362184
218,0.5793385852887792,1.8345875549084931
219,0.5483584432925993,1.2729334177322758
220,0.5691029678270655,1.7572413995427993
221,0.561655013306627,1.5499553142242062
222,0.5843420711535852,1.2217514740610587
223,0.5724918827848527,1.5596030244549501
224,0.5728098790622452,1.1068158317538141
225,0.5833465268889677,1.3676752482803123
226,0.6203640693599738,1.4107779831562228
227,0.5571549773505591,1.512848378385155
228,0.5994799056099457,1.0189429666232137
229,0.6112351631655276,0.9176764684973411
230,0.6043977615902725,0.9314597179588763
231,0.5723860223316452,0.9160868716471403
232,0.5900400674458847,0.9286751307330086
233,0.5521292032547367,1.0176435292345807
234,0.5855822204386146,1.26835042585447
235,0.581749051519968,1.1066359651898874
236,0.5562700672635754,1.3037635504620746
237,0.586771110886509,1.0136193054393656
238,0.559665615118823,0.9747043495039338
239,0.6026478383726287,7.488103809287247
240,0.5650349693390929,5.067657280315474
241,0.5521398562829472,3.6754365991620186
242,0.5412502598415301,4.160394194056686
243,0.5923615821356912,4.337851229223233
244,0.5594323873519897,3.0033633049251964
245,0.5671333967192659,1.5267730337902181
246,0.5925113845218732,1.9677870863849678
247,0.5417384349026726,2.161692566663316
248,0.5846939225798672,2.1228572002892356
249,0.6040713434080476,2.476346050651328
250,0.5703856403966552,1.9052684694817923
251,0.5700795013927719,2.0980603961111273
252,0.5685845335710396,1.4131781412559805
253,0.633176980088058,1.7651920914649963
254,0.5607921492706225,1.5214347075490118
255,0.5977130376019524,1.7027048225541717
256,0.5765228838596529,2.425979630461017
257,0.5855847342500409,2.137683048989009
258,0.5785325279513609,1.6565054655075073
259,0.5876445888894276,1.3378093879199722
260,0.5809931951819114,1.4726277300455037
261,0.5744070347073009,1.25659161748238
262,0.5674588645546181,1.254328308753597
263,0.5656432515209161,1.2154584856866633
264,0.5456382545452674,1.9168028056042865
265,0.5335899001186334,1.560220701023213
266,0.5735585307612002,0.9840616832659083
267,0.5664466049485993,1.144244288356559
268,0.6141236464954117,1.3078650311358924
269,0.5567279741602037,1.0770353223513631
270,0.5336669443301785,1.291838720585536
271,0.5626164929380695,1.1052561616434635
272,0.5829038729945433,1.2672174000045628
273,0.5821302405838827,1.0652441064130913
274,0.57289779996409,0.8977911825318938
275,0.5987875800109604,0.9781672410594607
276,0.5700563852069447,0.8960187076364906
277,0.5847485210131673,1.2059844743858263
278,0.5965614365142526,1.07047428668124
279,0.5827233004338533,0.9530444052612898
280,0.5922923666759602,0.9323515307556078
281,0.5645115433387387,0.8359234211514297
282,0.5813832676526413,0.7623620392049401
283,0.596998384855326,0.7765701476810047
284,0.5608749705032238,0.9290649184902895
285,0.6077233359072972,1.1327294030235808
286,0.562920841198523,0.9952156416420798
287,0.5980172076271576,0.9705269521879918
288,0.5953560459961011,1.2567897884591113
289,0.5943889612133063,1.116119564736931
290,0.5437585141473603,1.0180860422189952
291,0.5531254292113109,0.8658389506988156
292,0.5189722108030782,0.9007397149373026
293,0.5537309212592042,0.9068467906377848
294,0.5549039470339284,1.156719108229702
295,0.613662744610055,0.9999772090356327
296,0.5547482730115502,1.2604312890941658
297,0.5904418976561537,1.2164261346881828
298,0.5590670331589227,1.33639378975896
299,0.6068925756273917,1.3427707633925874
300,0.5665392979834843,1.3953036833735346
301,0.592829095507131,2.291567938999065
302,0.5597064680266148,3.195878340202628
303,0.5498485113810567,2.430349916509054
304,0.5854117881904528,2.6849708557128906
305,0.6109649050004274,3.0577193087744483
306,0.5751891871100491,1.532753370919274
307,0.6049133731612881,1.4798695861714557
308,0.6033356635315904,1.2258502256523058
309,0.5940311360127718,1.303007830115198
310,0.5641380918836131,2.509592772687523
311,0.5805466047768454,1.6705985451207577
312,0.5722147023793563,1.288432398467388
313,0.5491820371266708,1.1587768185485914
314,0.5746815621274189,1.5383663524701758
315,0.5665343204169597,1.0940877691055964
316,0.5949967963602937,1.2946364057874216
317,0.520344583733568,1.212475520893208
318,0.5663845238176365,1.525852918624878
319,0.5848323893778532,1.1827092772548637
320,0.5732822930349887,1.4151468577894193
321,0.5980468149324065,1.798435772506936
322,0.5579911609297817,1.7999250263843722
323,0.5979361100104249,2.156760937380559
324,0.5472545062454002,1.4022652570483753
325,0.5567533501143594,1.3763382567942721
326,0.5915134126700244,1.5706744078293586
327,0.5927891117855183,2.134224998140798
328,0.5654149376651616,1.3210411934019293
329,0.5974121061922277,0.8840236987882447
330,0.5969061883329188,1.1379004473825103
331,0.6144202027506042,1.025424504743039
332,0.589186754620191,0.8608353566197515
333,0.5681984933834632,0.9077126592108347
334,0.5612692086442003,1.3291999743980112
335,0.5654514693808788,0.9383721455786992
336,0.5752748534517381,0.8162774379970958
337,0.5895201054591577,0.720308298046149
338,0.5604310226671904,0.781947888795612
339,0.5678811935545172,0.8040923730840961
340,0.5679929548675574,0.8300650715827942
341,0.5598698764750101,0.9010024244345508
342,0.5985342212093686,0.8071540987607345
343,0.5544840357836011,0.7419967489335143
344,0.5536903032978762,0.8050059137992489
345,0.5493736128205234,0.789127451702229
346,0.6050697773405649,0.7816364707298649
347,0.566062331199646,0.7749882982772531
348,0.5474952496949909,0.7558871287744022
349,0.533191604521668,0.7853508012966045
350,0.581090537089746,0.8219562271266307
351,0.5871930984617437,1.0640408819161573
352,0.5426945096080743,1.4794665233602802
353,0.5739650141845629,1.2880060504941107
354,0.5523111198133636,1.5950597217939433
355,0.5600905227429659,1.3952647424438624
356,0.571976400116115,1.4321960540651117
357,0.578926087583153,1.1730447174275962
358,0.5984953550748455,1.014257626047412
359,0.5885167688999361,0.9448906576749191
360,0.5729470930053192,0.9295192818039829
361,0.5284271836280823,0.9277494104163161
362,0.5619752719564345,0.8203755055816428
363,0.609852779837488,0.8275816116518188
364,0.5715834541806897,0.8681414260447604
365,0.58411433280093,0.7227011218811702
366,0.6033948150653283,0.9452382349273534
367,0.5917071219786857,0.981711551402379
368,0.5585296784789817,0.7837200876578544
369,0.53363018186347,0.9482948768486097
370,0.6022872994246992,1.1251414169385596
371,0.5461610393616759,1.5220588237336539
372,0.5913722211296119,2.350089318543962
373,0.5497424683524567,2.2982418542926752
374,0.5632068439594751,1.3709694644779835
375,0.6135074953431064,1.0420985823696098
376,0.5923454518457061,1.110855898810822
377,0.5899740607993117,1.148774973397116
378,0.5876315600663713,1.7647540546157985
379,0.5676881537854093,1.8729852825692557
380,0.5720337635105096,1.3383908838901706
381,0.5876112736544563,1.0182083162289222
382,0.5876446441539283,1.011112319612966
383,0.5916693268470394,1.0969197466535476
384,0.6056180955136864,1.2447896640277603
385,0.5518641905877196,1.545074075749777
386,0.5543790453846015,2.160198873686559
387,0.5599827905303066,1.2232472190579164
388,0.5652939312666365,1.0520202505935743
389,0.5069622125440431,0.9518246488663756
390,0.5531125172828008,1.1777643289380861
391,0.5469594175375782,1.1980869694820886
392,0.5549159408773033,1.4410342464169252
393,0.5098811069738518,1.9157137332610714
394,0.5436848349941587,1.8229881606055696
395,0.5750040695505235,1.6871752218135352
396,0.5318656083449577,2.4521691185756795
397,0.5762199177904036,1.8433645871079083
398,0.5095477211243898,1.4724045800931245
399,0.573484453182776,1.219536384911213
400,0.5879989411067037,1.3059478107007962
401,0.5873250266880665,1.3349453419157602
402,0.6086985752420518,1.1311147166687308
403,0.5482397270434111,1.2619968953641874
404,0.5325694778590526,1.3342309507351477
405,0.549043555282852,1.286699634732552
406,0.5491112945149246,1.0667659727115075
407,0.558433265651314,1.2976584943752845
408,0.5626202555536066,1.1708442279436055
409,0.6267115658926732,0.7003053490397999
410,0.5886411047676234,0.7048947081982511
411,0.6031189928355726,0.693459838339426
412,0.5376810981231985,1.6776014034030506
413,0.5531709269412513,1.7675967824111865
414,0.5507484680240594,1.7228066278892813
415,0.532651996728286,1.145782104973654
416,0.5721416832173912,1.1386604488474652
417,0.5531808681858396,1.3301951867862813
418,0.5495537947682501,2.184922019254814
419,0.5651478483838942,1.8688144197741758
420,0.606822363381247,1.720538197211849
421,0.5841039997860066,1.668676644853018
422,0.5732461439753042,1.4247743012835679
423,0.5722084392621679,1.7524884777161682
424,0.6360879112215876,1.641179846328439
425,0.6005330843832887,1.3031352642670417
426,0.5235241148078326,1.2712520279930632
427,0.5952776033901473,1.4584148474109984
428,0.5765134686405219,1.222475077920747
429,0.6091013926904179,1.2214716296751522
430,0.5451158782810841,1.41922012000408
431,0.563114908135053,1.214092015641407
432,0.5361272536435173,1.2767175285561572
433,0.5366309018968378,1.6570524827947894
434,0.5463617331194646,1.2961908382119485
435,0.6078281790307425,1.4744306443964394
436,0.5348338455829805,1.6928011028512011
437,0.5262322741226085,1.6106720740355334
438,0.5962183533362972,1.257115809662828
439,0.5586822906744133,1.6524070472393222
440,0.595103694397269,1.3849144143965637
441,0.5751094818115234,1.8996729399394063
442,0.5694012844446793,1.2696698545252236
443,0.555865110702885,1.065040327970264
444,0.5251920547300172,1.0305477808980108
445,0.5528908276442185,1.0324148165369498
446,0.5380121666250877,1.0026232415032619
447,0.5684952877678917,1.2155081988538352
448,0.5450882714928933,1.085478849202684
449,0.560500068571961,0.9284848796511159
450,0.5853967342561889,0.8563273277097535
451,0.5650812173352658,0.9387794096493026
452,0.5292690147473974,1.1566800729742328
453,0.5478311481985073,1.2554648894708134
454,0.5584428374049732,1.856316409643414
455,0.5095734367671522,1.278950242741594
456,0.5294630900748725,1.568958950274199
457,0.5457172330143383,2.0784755493830707
458,0.5581480334106,2.0078232971209924
459,0.5286437096526322,3.40415497312268
460,0.5228182742896589,2.8235076526993685
461,0.6030378683099469,2.1307387861233313
462,0.5579616757272516,2.30153712832812
463,0.59421664707869,1.961766599451454
464,0.550604035553423,1.8904707964184215
465,0.541507953578986,1.7862407246839653
466,0.562374950612633,1.3464729230380752
467,0.5764698299389441,1.2954205697022596
468,0.538493271012908,1.342013828962752
469,0.5729847243688639,1.0949480076438014
470,0.5698113944923994,1.063033347569623
471,0.5608685456433342,1.049649719474385
472,0.5004968440648422,1.675922966697841
473,0.563077472367333,1.08997151689622
474,0.6450985999940668,1.162958278239352
475,0.5616747407079901,1.1085155785662457
476,0.5223968260496565,0.9738764508256634
477,0.524922652730664,0.9896967318451521
478,0.5979581538913319,0.7689718517284949
479,0.5546547475370388,0.953137912796539
480,0.5156139835570622,0.8713010231268059
481,0.5785295697091852,0.8679885476538278
482,0.5447437844230133,0.7552202916839748
483,0.5394348337233645,0.7749923085703433
484,0.571502059408762,0.7557405731053028
485,0.5796192739773722,0.774359346593468
486,0.5981241719236652,0.9580090636188544
487,0.5750725512365693,0.7869160401010976
488,0.5736827364245665,0.786104936044193
489,0.5350091845086478,1.1891759819197423
490,0.5478930438606484,0.8147182615057936
491,0.5326580850823411,0.7920548661241253
492,0.5421986979188271,0.7391172080364042
493,0.5376910237432684,0.8638984393147588
494,0.5239900535750157,0.7921174915091506
495,0.6016330140308269,0.9132419922976818
496,0.592156058954961,1.054836802112246
497,0.5488741999690973,1.068682389930614
498,0.5546411947139258,0.8854984021881251
499,0.57573272128707,0.908057599970438
500,0.5564989858460658,0.8410059815471612
501,0.5673894546564343,0.8056946281090523
502,0.5414404678113253,0.7783427325267236
503,0.5532802641391754,0.8331326720784011
504,0.5720246781423254,0.809842996805617
505,0.5923480692419033,0.8551731155914011
506,0.5868992834415251,0.8067281714920859
507,0.5682200789451599,0.8474850943944987
508,0.6019109635098466,1.0864821296293758
509,0.545266848744698,1.224846588755117
510,0.539613632901201,1.2095303020431
511,0.5537587265366489,1.3920957272492567
512,0.5444650852564469,1.2315495697040002
513,0.6002782855219054,1.0198220546963146
514,0.6015610787474993,0.994714748512194
515,0.6027114761685862,1.0225789188181313
516,0.5469823057211719,0.9158478923214292
517,0.59177492544489,0.9710080993985667
518,0.5765093379807704,1.1065615704916056
519,0.5808846950531006,0.9869796824686735
520,0.565708825889143,0.9458424790391644
521,0.5694944569208089,1.0659428892783749
522,0.5967698062507851,1.0200257035135065
523,0.5522503488272139,1.0818188421934554
524,0.5975058865778654,1.1698665248537528
525,0.5281237358028449,1.0545473046673155
526,0.5432135914135905,1.3262094334491248
527,0.513621043811724,1.2783259483217035
528,0.5704382403382977,1.0948842920145943
529,0.5385420258762768,1.0239009891898887
530,0.5979644314756671,0.9798655000705163
531,0.5618243420008316,0.9435378023721639
532,0.5441119555130746,1.069462564385053
533,0.5763116368969667,0.9414847250123626
534,0.528506280149071,0.840670897544009
535,0.5431962609291077,0.7628603178320579
536,0.5579594978429738,0.7462636440703012
537,0.6031083432794775,0.7437651851802196
538,0.5525798745525693,0.9957997804706537
539,0.5725030520008606,0.8750997341952278
540,0.503190905145071,0.855141259512855
541,0.5574912923632316,0.8480950171507678
542,0.5752472290136281,0.8908089086847398
543,0.5214494747444264,0.8143844494541872
544,0.5439823796448199,0.8527239375901454
545,0.5743513344561012,0.8844525906646136
546,0.5710666011838079,0.9598832477643652
547,0.5335130182284753,0.8842992869395654
548,0.5480770115713471,0.7960793723180456
549,0.5510512046443606,0.8475030799513882
550,0.5278172249932891,0.9822965380057548
551,0.6048343366789586,0.9724981125118664
552,0.5083804541421169,1.1239659699421485
553,0.5761465343456824,1.5526882456344309
554,0.5447300394761909,1.1838946180436218
555,0.5057641742298904,1.550365529014069
556,0.5520459182054094,1.1198329804013076
557,0.5260207146695517,0.9972307265383525
558,0.514117789499968,0.9427511344835596
559,0.5705816971445546,0.9987491276657697
560,0.5445101313220645,1.3757780628296936
561,0.6139126738298286,1.4422212474554488
562,0.5345006058517011,0.9344898392853228
563,0.5246835848660145,0.8457918421736041
564,0.5349909437512889,0.9430553704789542
565,0.5922965199044607,1.0426751294182341
566,0.5454871041103474,1.1452670097351074
567,0.6062611416705603,1.2938947041057847
568,0.5508890973711477,1.4544268007417327
569,0.5457171676228347,1.157287236556266
570,0.5619737789468858,1.1145002795654593
571,0.5646202344338871,1.3259608872885842
572,0.550682016946737,1.0783738708033146
573,0.5229405089489465,1.165124724790888
574,0.5100569479095126,0.9586716699368746
575,0.5216879416437983,0.9610523691455137
576,0.5235430907855914,0.8901297849358865
577,0.5132451720029405,0.9938651902004353
578,0.5021427456036355,0.8481983594524051
579,0.5131309240767099,0.9997752337779814
580,0.578038756419154,1.017623615496367
581,0.5194223754614302,0.9911307235365933
582,0.562433754356162,1.0347568033968362
583,0.5317001551100351,1.038238925841248
584,0.6031920446932895,0.9555568411512282
585,0.5733005392898634,0.9806117519591618
586,0.5645488761003735,0.8942728065749974
587,0.5350781216204745,1.0802299224057244
588,0.5828192095154697,1.1581690635495974
589,0.5288908215402399,1.2043625243659157
590,0.5629132575201756,1.2696296659488122
591,0.5529191916428723,1.213357339206251
592,0.5408335293380959,1.0173498837693224
593,0.5393774615040103,1.041158909936553
594,0.5233599884996136,1.0246486866358415
595,0.5591115832907482,0.914567746005012
596,0.5371781440035811,0.9699395813988251
597,0.5546454463190246,0.8870092618812635
598,0.5468208344237319,0.8692986722131377
599,0.5157823504753483,0.9334216765987063
600,0.5999564754152761,0.8079406358663318
601,0.5537776657678548,1.1048471250580352
602,0.5502996826634824,1.2227632328144555
603,0.5450301303446872,1.850431731603678
604,0.5559169192915981,1.574195646545262
605,0.5636850502884504,1.3660537131781716
606,0.5755587118921928,1.7462136647076283
607,0.5470937099850294,1.371467884304454
608,0.5428651883764174,1.2830258468979772
609,0.5536680800243489,1.0804541423482803
610,0.5999773486146649,1.178496142035549
611,0.568974450085927,1.3741210687507703
612,0.5844101847954166,0.998513427752893
613,0.5745839007849832,0.893610170165312
614,0.5747190349310347,0.853920398406612
615,0.6008730409214798,0.8373397727614468
616,0.5639133953932419,0.7759701933675599
617,0.5511119018480616,0.9298599888977496
618,0.5854927882986162,0.9340777009436227
619,0.5443997394691393,0.9734798646667628
620,0.5654609342223232,0.8650963439524753
621,0.5256514086306674,0.921776191123481
622,0.5966987783469043,1.004613319068279
623,0.5885457101377468,0.9936854387949972
624,0.5405167216814838,0.9454045446173659
625,0.5638494242742224,1.0025588175625477
626,0.5101943207018583,0.975227672498203
627,0.5545055704209411,1.2803943440752121
628,0.5291356259179347,1.2718580729753068
629,0.5584372988024962,1.1085244527140867
630,0.5395729301623928,1.1405778851323916
631,0.5632479529357651,1.1534322887948416
632,0.5013918610452448,0.8402043604156346
633,0.5204821616700552,0.8716523155425359
634,0.5433422778416606,1.1310456696065885
635,0.5144401157943947,0.9855163213118766
636,0.5246376004612562,1.023976242658004
637,0.5306498425678142,0.9324530513541213
638,0.5572741442513698,0.8454038315606349
639,0.5288259661892085,0.7184771218346161
640,0.5065801236235979,0.8258355034207835
641,0.5339376573423738,0.9094662041340059
642,0.5361858664207089,1.0482043265139016
643,0.5405605065012441,1.5985496709647689
644,0.56685456257422,1.3191371866800252
645,0.5318613335924242,1.713257831277199
646,0.5379246305493475,1.5302956879717633
647,0.5584668576428033,1.5104023762119627
648,0.5673762600398758,1.622626299418292
649,0.5506123015024129,1.50282835844651
650,0.49610242681595884,1.6706292501931053
651,0.5515961450280495,1.2286491984302559
652,0.5432366468374011,1.412313844393758
653,0.5473367814878816,1.1806443952819676
654,0.5531622535974077,0.9356292549846241
655,0.5437754606737674,1.0394286843179499
656,0.5691915819945844,1.1780808440689903
657,0.52630387174273,1.2174003859168117
658,0.623088299649433,1.3738901487831932
659,0.5373644840370104,1.4614476798807534
660,0.5111502623095096,1.9610303842905656
661,0.5660167805199484,1.4632953029234432
662,0.5878211876142372,1.879532899092702
663,0.5616947910160695,2.5289207870520434
664,0.5418523405362101,1.312110113287435
665,0.5956818988022295,1.3888486861025247
666,0.49803984396666,1.5257521271705627
667,0.545138923577892,1.17370012257863
668,0.5618031846666799,1.0169146228762507
669,0.5109016739049004,1.3588721896838216
670,0.5811725623399309,1.3123975644991235
671,0.5057028919747732,1.124113921980256
672,0.5910973988690422,1.228541067503031
673,0.5217006252807321,0.9540056499462684
674,0.5643885777991953,1.525692271954805
675,0.5757641508741286,1.5172522455743216
676,0.5477670923020076,1.51878631635777
677,0.5410412133318706,1.3652284608303922
678,0.5298726061015453,1.7632998789398415
679,0.5638859833328469,1.2870848896434006
680,0.5568269479621961,1.5770043348803104
681,0.5583715540112801,1.2677885241878843
682,0.5605549939627786,1.7933272024960194
683,0.5725819254384458,1.418765840021152
684,0.5201156700699074,1.5978326913222527
685,0.5359935818366635,1.3949481769672876
686,0.581870224580024,1.4188756855946143
687,0.5032435985444819,1.2414982463549642
688,0.525309533170126,1.1485764228024529
689,0.5125808102413288,1.4818264703148778
690,0.5135887120533915,1.6170344155968972
691,0.5860406779548497,1.8938017788442594
692,0.5051079571825786,1.7359678803138363
693,0.5142980246867949,1.4129299347840467
694,0.5385133650117707,1.0861533428858785
695,0.5501674205354117,1.1668712953919347
696,0.570014558081488,1.1253240403619784
697,0.5728253904476907,0.9030406585017454
698,0.5493229992181352,1.3408236740862283
699,0.5768299241667812,1.505053104127495
700,0.49675827350431273,1.6031908340824461
701,0.5559748816258699,2.0359463685924566
702,0.5808082246085973,1.4716802511400389
703,0.5176235506835493,1.5284341955647884
704,0.4940121121776914,1.3733569505145249
705,0.5665292045445118,1.0427487677740819
706,0.5393723741318416,1.2990836130762564
707,0.5345095725892817,1.6250505864041522
708,0.5293824915747041,1.480062930908018
709,0.5517720603248448,2.1786061507984273
710,0.5876555037729948,1.163835274941713
711,0.5570434858498065,1.1422831184655717
712,0.5169252874781785,1.0183962421509827
713,0.5293946653893851,1.157662629502491
714,0.5382492449677106,1.0555881568529073
715,0.560478912395181,1.3548511503969582
716,0.5262287947738055,1.1913099317874722
717,0.5577770396343713,1.1346402700664928
718,0.5329319394907905,1.232360465433991
719,0.5385030531188817,1.403058360502558
720,0.5214523296911739,1.9275316810144962
721,0.5547016754891109,1.0614442229270935
722,0.5393447167086369,1.1209623784694858
723,0.54060756986581,0.9018163420621631
724,0.6277334967863213,1.2086124778951255
725,0.5625005173451693,1.2253814287556029
726,0.5737719145214674,1.137846241876917
727,0.55511464655978,0.9888515316166924
728,0.5551996352603135,0.93535315990448
729,0.5337276643919713,1.105818726484058
730,0.5498013409596045,1.0087143130672789
731,0.5280881011949002,1.1210571776316003
732,0.5471119151532071,1.180438544565034
733,0.5596814161365472,1.0566790127059789
734,0.5200882817356332,1.1120492370383253
735,0.5959923579854872,1.1655334743481238
736,0.5377777137802643,1.1244737314946442
737,0.5550671908461932,1.128567753486263
738,0.5502237480820962,1.2549075819913624
739,0.5113716821358042,1.1503892656668877
740,0.5478670897993069,1.2145178393252845
741,0.5379099620198741,1.241452071851897
742,0.5488612831217571,1.5877768275807205
743,0.5218264894578063,1.3294174705894248
744,0.5585803597876169,2.2825663245997383
745,0.5149927156642803,1.7642134919907282
746,0.5179877321696976,1.797359950334123
747,0.5517783564271279,1.2457173761812228
748,0.5310999606419535,1.1284441947937012
749,0.5699458243777451,1.7751127782377225
750,0.5118853562665218,1.978439711829991
751,0.5631213402285159,3.004051906391255
752,0.5620089850379425,1.7175533401155936
753,0.5585723423842087,1.1659414976545908
754,0.4951434986105243,1.093745813207719
755,0.5482154474096391,1.6031166506045074
756,0.5730958378430709,1.3347944443665662
757,0.5471198003268937,1.9162147756919121
758,0.556836490492219,1.6757712751916312
759,0.5470836758613586,2.3456819034317165
760,0.5646506409043247,2.335448699668773
761,0.5349291670090944,1.8741236039735738
762,0.5379992717678107,1.6512038372095348
763,0.5244016742822036,1.046380461998356
764,0.54014887335231,1.0152864282570997
765,0.5876101371154044,0.9603985837362345
766,0.5162698299560732,1.1191736876385883
767,0.5498925719446349,1.5811611373447678
768,0.5237563553365688,2.937314925263229
769,0.561294472333297,1.920518641911664
770,0.5367006161837902,3.161248148645012
771,0.5026238850019511,2.795340757346848
772,0.513798047037958,1.757198853978833
773,0.5196456029577162,1.6565443097966388
774,0.5577033795778034,1.3541849955771734
775,0.5007521805254002,1.4467264205506705
776,0.5390450202145622,1.6461707677656008
777,0.5569396400914609,1.1352261484247967
778,0.5189548291048958,1.1018199712327383
779,0.5458861867200981,0.9380498991429227
780,0.5106422941661576,0.8670613383783877
781,0.5442291341939018,0.7781540890341824
782,0.5219037943673366,0.745053740959723
783,0.5897271928277988,0.8022545691832755
784,0.5376980738732421,0.8099359563253459
785,0.5807928593413344,0.7811569502052752
786,0.5751029015744774,0.7654886558217909
787,0.5103008101866083,0.7860722669119974
788,0.5456551382842573,0.8132290082070434
789,0.518368931649958,0.9950686924665877
790,0.5174260061342739,0.8273080737845412
791,0.5484546654432723,0.8089797988678645
792,0.566045055400978,0.7721557246828542
793,0.5722839531389255,0.8369215981474201
794,0.5481783157413446,0.8402423233661837
795,0.5263657830293896,0.8566941202265544
796,0.4565914498949514,0.8137603691480693
797,0.5108687686688692,1.0476704303500721
798,0.6122372214076588,1.3242532772925293
799,0.5715239343133945,1.6825308666645902
800,0.5391873297760787,1.801529397084875
801,0.5544724724825146,1.4710379132946718
802,0.5122971523155286,1.3076656200353383
803,0.518084925933949,1.0698605625374804
804,0.5467445248539008,1.1304711358061115
805,0.519243931596719,0.9440002360390228
806,0.4982896531091153,1.2040922456574672
807,0.4776732331340753,1.4156650293220594
808,0.5930954229484484,0.8811658869669275
809,0.5447894016515862,0.8592331536765238
810,0.5287622818090383,0.9137299327017034
811,0.5223717226565463,0.9201722926306493
812,0.513332341481181,0.8048589958727939
813,0.5653980634744885,0.7509192841724285
814,0.5484312992651486,0.807094242387605
815,0.5951098944376974,1.8542407745296516
816,0.5532193357504688,2.0117125869954675
817,0.5655467000979821,1.0694086788927468
818,0.5487199312853581,1.0472993052121504
819,0.5508835772866184,1.0992612572549616
820,0.5579922037217223,1.1608914831309642
821,0.5227368028418532,1.0047144837749815
822,0.5407578395408335,1.0131252292290474
823,0.5236120669587144,1.0012622151559996
824,0.5126788755065029,0.8116539068592404
825,0.5384611600232356,0.8708394777427599
826,0.5668960248382346,0.9702683166392798
827,0.5600281282536035,0.9116614513026858
828,0.5650964981143914,0.8621353975777487
829,0.4959688557004466,0.8353635888655209
830,0.5305596358567766,0.9838755148128399
831,0.4988505331057947,0.8484946958069662
832,0.5503086198880834,0.8083035893810605
833,0.5051107432657075,1.218256809757751
834,0.5495677437018422,1.3920256073035082
835,0.4847529912457883,1.1888112402656703
836,0.5477244330262675,1.501390733186481
837,0.5452289581298828,1.6223012417265512
838,0.5284907427227613,1.3861079887279029
839,0.5376841113405321,1.195117766417346
840,0.539131440294599,1.288084846677132
841,0.5388869764735398,1.0355242606505608
842,0.5393662985088756,1.3603943366448856
843,0.5338866322943308,1.2397155298770053
844,0.5905888650602508,1.315915517436648
845,0.5209216741682257,1.3967331520562034
846,0.51850999501145,1.040760815722271
847,0.5438646633648178,0.8282320551501895
848,0.5650123340412251,1.2062112116119237
849,0.49259874615275745,1.3032727310958419
850,0.5550894517343021,1.0851655446209953
851,0.5282222081735296,1.3140664905020334
852,0.5435450493710713,1.2028313331233644
853,0.5029316718138538,1.3422578202867972
854,0.5777446080758734,1.2023723310637242
855,0.5138777129858443,1.0633969364814388
856,0.5532673678351837,1.104776247612481
857,0.5929776019263036,1.3637049742115355
858,0.5387854917535504,1.1134318634144311
859,0.5531697360057275,0.9072013387402285
860,0.5594216695109617,1.4431273011327947
861,0.5625388671472235,1.6761483879922663
862,0.5887156597618918,1.4153950665760966
863,0.5419762360239492,1.2284305570195022
864,0.5650814077229176,1.2538335520086936
865,0.5469993503348342,1.5796915084412955
866,0.5594832793022823,1.125781819658372
867,0.5512289213902742,1.0020284774233994
868,0.529099684606478,1.1216277080832175
869,0.5409686423621132,1.240281776317115
870,0.5212079141903849,1.3409413677974813
871,0.5956122134495707,1.6068407395510997
872,0.5245846145361373,1.3983709939475197
873,0.5435997409727967,1.3775682865994647
874,0.5556520727074262,1.0115470145512553
875,0.6002340554033668,0.9702595628581001
876,0.5508367410562571,0.9421773604976321
877,0.5485280190856712,0.9774698620861016
878,0.5228446513703726,0.9828813278559342
879,0.5565290896637926,1.0505324463242467
880,0.5594112120785759,1.0237707825540339
881,0.5514931832123728,1.0206250698821058
882,0.5103285480471491,1.1139791862478534
883,0.5420798128380359,1.1496529150935053
884,0.5296100117627857,1.110627919146158
885,0.5579049682732925,1.1849008920123276
886,0.5616390074341042,1.1034341014704658
887,0.5328706369816678,1.2022711403161577
888,0.5311522611136575,1.1809119512733903
889,0.5101821954967907,1.6884472960407295
890,0.5505818898238025,1.4869821575081463
891,0.4989558527770552,1.4790371494385803
892,0.5379080309451205,1.2603622223567037
893,0.5593046951062471,1.0329352761935262
894,0.5221536182662816,1.068820483476213
895,0.5550142190988782,0.9864633743045399
896,0.6102242287501548,0.9894418895823284
897,0.5230952235101496,0.8357496817135116
898,0.4973139971205332,0.8578495770982169
899,0.5048926513171891,0.8833859933232798
900,0.523188802802447,0.942904536585206
901,0.5660809371077898,0.8852181735548
902,0.5939770578180702,1.082393737672602
903,0.5572419421186725,0.977535853108156
904,0.5199041626985791,1.2457073440829527
905,0.5177699998744483,1.2594148991177383
906,0.5470556448964239,1.0830693493769006
907,0.5633250286856901,1.0283155140367526
908,0.5342486564395497,1.142388646463746
909,0.5605769119795087,1.1700262710886093
910,0.5714515702238361,1.2151368075204128
911,0.5439259658739405,1.5033493539662037
912,0.5723735267676197,1.219985680672729
913,0.4973700497914286,1.1921316327400577
914,0.5478736584626355,1.1949415282138343
915,0.5137860045849698,1.7838129557452156
916,0.5473218166712418,1.998565931343338
917,0.5696610385931812,1.8097344989915496
918,0.531827080018312,2.127201917102036
919,0.5532275519324737,1.9779008418610953
920,0.5858616713181283,1.375124733424881
921,0.5624393832336352,1.495850258081862
922,0.5202544803179584,1.8509657707029177
923,0.5454517145758694,2.4039473510482936
924,0.5200521786814755,1.9078198486161464
925,0.5510115883882764,2.0892443784232277
926,0.5690748413789619,1.9854989838831634
927,0.4619179854115236,1.5328468176925067
928,0.5524848410226766,1.4216827784927146
929,0.5045778409948627,1.4351009032101307
930,0.5128926299150708,1.4503049908332455
931,0.5675340410575126,1.3141458497464078
932,0.5461014127268374,1.1901216651629476
933,0.5828671223908952,1.2520426071963264
934,0.5207637548446655,1.089580116341415
935,0.5475288895727362,1.2055775766233796
936,0.5531807570781523,1.3391167156904646
937,0.5410579431404188,1.163795769793316
938,0.5441790882823536,1.357651484244078
939,0.5829028979088496,1.5117495401391705
940,0.5145386839375913,1.3579058537205446
941,0.5497165733170741,1.1697812074596443
942,0.5476706259458968,1.0794357061386108
943,0.5728781184235823,1.064122010781927
944,0.5623449179732684,1.0330525011692233
945,0.46720048698406774,1.3845800410196618
946,0.5019077004738224,1.0386904715334329
947,0.549789228485626,0.8407478390388119
948,0.49024546233195704,0.8913596446074329
949,0.5232760133673844,1.0000349005449165
950,0.5950724303143696,1.1093134793263038
951,0.5173324497000685,1.1153260168519992
952,0.5089658359879429,1.003173183468939
953,0.5994995398428834,1.2927938387231919
954,0.523174506367989,1.361446134095053
955,0.5137546519631321,1.3197186114718613
956,0.611342489140705,1.4865827033820662
957,0.5292434889136008,1.5120923935788348
958,0.5467029717362043,1.3428735970293435
959,0.517526374279874,1.2268944359520106
960,0.5400762063206979,1.115061946864267
961,0.5280902281548213,1.0722145299309667
962,0.5154310965422287,0.9684017074918284
963,0.501706223609378,0.9402198432718666
964,0.5015300305433643,0.9222942064109357
965,0.5262668462632929,0.8719020323845946
966,0.5204102136556384,0.7653216922167435
967,0.5316607425513776,0.8119931244155736
968,0.5003230693270859,0.7870589899785311
969,0.5353609682286827,0.7461634550279784
970,0.5384088164394342,0.6972104611906033
971,0.5249549581587893,0.7116687564016546
972,0.5089827903266092,0.821647350070546
973,0.5374680491327082,0.7588728290159725
974,0.5192542319158906,0.8457562350532384
975,0.5869772283776292,0.791377126013191
976,0.5773421630118657,0.7527876999771711
977,0.6126743942788504,1.0541158567354516
978,0.5273601123430196,1.060322552051359
979,0.5215106444451415,1.128998685809015
980,0.5519591917112036,1.1728167441284771
981,0.5120692886773822,1.296097141446419
982,0.5226595196330431,1.1402553829174598
983,0.5404205791001181,1.2639502356353316
984,0.5396655172977632,1.4907993795802292
985,0.5315549804747683,0.9966496506940972
986,0.5120464829565252,1.179214025006711
987,0.5498388021895029,1.5874561499623419
988,0.5261089934886081,1.5318993729295083
989,0.5844031803816268,1.3451711552814372
990,0.546213709034966,1.3500334279051105
991,0.5636805839908933,1.2046446314135801
992,0.5345478925890136,1.1408200981547532
993,0.519690846355216,1.125712937521703
994,0.5413602538479184,1.0253306476815234
995,0.5052639940409984,0.8874508692222891
996,0.5314620264525552,0.9908066409305462
997,0.5483137409663895,1.152340725208949
998,0.5516282861093873,1.1163403733262738
999,0.5136987271818142,1.0199401997825475
1000,0.5202161496125378,0.9459899629204018
1001,0.5322071342792326,0.7809575200080872
1002,0.551437858238961,0.7806946351690199
1003,0.49150616234367334,0.7494698421469013
1004,0.5460840544654327,0.7097778245083337
1005,0.6042130143897048,0.7397631609324112
1006,0.5712588203763499,0.6745328388167816
1007,0.5291157671548787,0.7189098503983137
1008,0.5319209845320693,0.815205292794311
1009,0.5064536275215519,0.8670982238158439
1010,0.5463065571576646,0.7532070892528423
1011,0.5470030539244124,0.7333782674039452
1012,0.5016233151398816,0.7949579415969479
1013,0.49918327979671145,0.7756919779823822
1014,0.5049841166699974,0.8450331618484942
1015,0.5272697974177241,0.7494211943404189
1016,0.5516988988061553,0.7752895482535501
1017,0.5526333063551523,0.8878404162462475
1018,0.5352522869711941,1.0008032541830563
1019,0.5453056062309487,1.0276799647553454
1020,0.5614247802391793,0.9646488954719988
1021,0.49810611420464745,0.9879590568033237
1022,0.5369418581712593,0.9982942904083474
1023,0.5240639587050503,1.1446297487008918
1024,0.5350162467910248,1.0479569516135652
1025,0.546122589157623,1.1194203414963286
1026,0.5429855599565413,1.3201236678558645
1027,0.5554907588125433,1.208562982892527
1028,0.5836640862585272,1.1998205682606373
1029,0.4809195821725049,1.0812276977937199
1030,0.5503931323301445,1.0060380604660626
1031,0.5407834984723804,0.8780482127828505
1032,0.5143779611703262,0.9136522082449163
1033,0.5319833981180654,0.8638138528009063
1034,0.5360148815275396,0.8956192922823637
1035,0.5383180854389968,0.9706351270953428
1036,0.5370066495775019,1.34787086896526
1037,0.5148412674954794,1.3043280880428054
1038,0.5037563014956354,0.890775379046653
1039,0.4882375825088001,0.8661547661985008
1040,0.5477590051669519,2.543501425715326
1041,0.5446377766942515,1.6336959351613685
1042,0.5244661080605776,1.3758127972917649
1043,0.5036739174602101,1.4617141514148526
1044,0.5641879497222531,1.1806363237714304
1045,0.5003423962778258,1.1562738499595124
1046,0.542374511366909,1.2158011823024564
1047,0.5301806142607939,1.103194044052976
1048,0.5593465202063033,1.1031203796562639
1049,0.5817729211548,1.0991774131950822
1050,0.5517388211870656,1.031984598891249
1051,0.5636691433712117,1.0556884269112523
1052,0.5046265368322724,1.3960419077317692
1053,0.5480759936628989,1.0920098059385726
1054,0.4885519456516192,1.1077492578515729
1055,0.5806455565887747,1.0846657162731133
1056,0.5684563372899027,1.2049545825106427
1057,0.5559665546255205,1.2278639355909478
1058,0.5480420862152738,1.6619487867772
1059,0.49255351418430365,1.3970029550848655
1060,0.5485249442382923,1.2532756849400049
1061,0.5219167146867919,1.1327695696099291
1062,0.4999281752456739,1.3504173460515958
1063,0.544600036537763,1.3280995951115506
1064,0.4827775833676162,1.1058399301130795
1065,0.4834780947675983,1.226494690746937
1066,0.503889100354852,1.1049713538688364
1067,0.5263231309872229,1.0322202154733602
1068,0.5720501701229984,0.9371257175519628
1069,0.5634623085989535,1.0712841662388404
1070,0.49835549049007083,1.125765414492598
1071,0.4839892890846845,1.3008304545022908
1072,0.4894129907332578,1.284667265646666
1073,0.5078861221526433,1.163114386276134
1074,0.4978006626795797,0.9970292362194617
1075,0.5141132809583423,1.0343667118294726
1076,0.493376874229283,1.26842849752278
1077,0.5729790081098242,1.0967396740774507
1078,0.5085810862698601,1.2546902107960969
1079,0.5005262123728261,1.1109677946683272
1080,0.5219550193513481,0.9706434080901655
1081,0.5534389574550888,1.0816528264758656
1082,0.5140992588209874,0.9195872383210265
1083,0.4944131519030599,0.945211315617978
1084,0.5894981807875401,0.9772516593192387
1085,0.5087214167256957,0.9690605459861386
1086,0.5270638810199442,0.9528144725318094
1087,0.503271145149342,1.1623132969569234
1088,0.5186880332173653,0.9567703506321583
1089,0.564322026609217,0.9497640433820705
1090,0.4909672823924463,0.9669201987460979
1091,0.48319413389974425,1.0358900717161235
1092,0.5269046298508505,0.9572410271005724
1093,0.5297957606685971,1.0590483714075922
1094,0.5533880979112051,1.0204665116893434
1095,0.47579096619365285,0.9906587820608639
1096,0.479633994472837,1.4314324306052866
1097,0.522986307884883,1.398323177712635
1098,0.5367768664383193,1.5330851674079895
1099,0.531640837493452,1.205926834379585
1100,0.5074688340853719,1.6415222923732498
1101,0.4933958037675006,1.6276129860322452
1102,0.5547090282717955,1.2559224604402932
1103,0.6093485772031025,1.0406839974875588
1104,0.4934104223853176,0.9484500751912015
1105,0.5770068209148148,1.2387972422016478
1106,0.5510666277802106,1.2623736464861528
1107,0.48798873933773596,1.060084559385059
1108,0.5473675970892304,1.5024469193902987
1109,0.5549534923821977,1.2791967716031862
1110,0.5043810493159062,1.289345757475177
1111,0.5509837721158,1.2136073274519836
1112,0.5112674519853685,1.1150435319224608
1113,0.5070166987122842,1.3553405074239935
1114,0.5233219074971468,1.3021928673809013
1115,0.542461931126789,1.3203278548509172
1116,0.5583427831964586,1.4804163841367926
1117,0.5226364786763793,1.4231447606410794
1118,0.5144224548802793,1.5004394881933638
1119,0.4910775660311134,1.41622995520101
1120,0.5328277407340634,1.241843252506071
1121,0.5202241019137854,1.0721211925293634
1122,0.48699859623770114,1.053695338443645
1123,0.5139643671443161,1.1914738052099654
1124,0.5848281791487944,1.0784478644722875
1125,0.526757822453397,1.1645674196261804
1126,0.502930057280272,1.3903913278024174
1127,0.47147815898784157,1.1528241784827222
1128,0.5151773835848836,1.131362168534288
1129,0.5168431187138974,1.1077334388945868
1130,0.5497973752253263,1.3301879098114457
1131,0.5748404993594272,1.1340470655450543
1132,0.5275605853321483,1.6620555942498365
1133,0.5165949562220897,1.4143857163132973
1134,0.5014803918819983,1.3196607909156282
1135,0.5054226561078747,1.136339707860669
1136,0.545808840723871,1.4480266698355813
1137,0.5393774711969986,1.1997000308870112
1138,0.5524679567050008,1.364097886872523
1139,0.5424753196031145,1.614020090080002
1140,0.5446131235187494,1.3294278255944114
1141,0.4651169551229014,1.2272007887803236
1142,0.4776900462733889,1.3909000227752242
1143,0.5078207048976305,1.2912891640246493
1144,0.5032653290669895,1.2806791611088133
1145,0.538263088869817,1.214307306460964
1146,0.5429679751396179,1.1572041656207113
1147,0.5237681888839574,1.8763300793842204
1148,0.5454667453626985,2.4343455196584314
1149,0.5611408491736477,1.6623563442415403
1150,0.5529440519879165,1.566572088639713
1151,0.49485832279168285,1.3206893066758092
1152,0.5098387957776634,1.5511642098426819
1153,0.47251388170186753,1.2635997198160411
1154,0.5159567698691655,1.3886232920063353
1155,0.5844885021158792,1.2762395652752478
1156,0.5159762388872868,1.1851415229075164
1157,0.5559725495218073,1.1103778597220635
1158,0.5199726762123478,1.2291995489481584
1159,0.5205802952201621,1.275420363088256
1160,0.5052920038838988,1.0576084545515116
1161,0.5296597110414968,0.9549529737639195
1162,0.5063375095719272,1.4504413992455862
1163,0.5603932547337801,1.1828417141460679
1164,0.535011833732568,1.9984446382059635
1165,0.5371861828183665,1.2214710301565892
1166,0.48484541258765657,1.180388439627527
1167,0.5439501653597193,1.0226498130455757
1168,0.5126968868149137,1.387526120375661
1169,0.4963608285755787,1.2497145180563325
1170,0.5269381881338878,0.7734140400747651
1171,0.5122702995550286,0.6988545256910972
1172,0.5436940980189054,0.7739858268534096
1173,0.5327649706775702,0.8469662926729443
1174,0.5292363791789824,0.7368515637314436
1175,0.5076682799070784,0.7353252890040574
1176,0.5333482790919184,0.9211397147873073
1177,0.4997355877195747,1.135886982227992
1178,0.4990235868009549,0.913012368007771
1179,0.541832316268995,1.081913232224659
1180,0.48537159891961845,1.0908905151978279
1181,0.5787355378993506,0.9909918030488838
1182,0.500129682346455,1.0982749080195011
1183,0.5069903042709943,0.993039076189393
1184,0.5480150956552006,1.0292436058081469
1185,0.5499773332216207,0.9701542240902058
1186,0.5716436354859361,0.8381490730544896
1187,0.5149383831371381,0.8842778049626396
1188,0.5208709234172858,0.8732555450744999
1189,0.5495266312534369,0.8576721572181554
1190,0.5214448576991998,1.1814843155805348
1191,0.5440165860560334,1.051649854021165
1192,0.4775477035821063,0.9686674944405417
1193,0.587388669402854,0.9145146452107475
1194,0.47864855276149454,0.8471077298655093
1195,0.528983563474081,0.8758758723157124
1196,0.535071768806976,0.7408953800942134
1197,0.5517949253610037,0.8889543894425179
1198,0.5625477531581249,0.8973004401308818
1199,0.5641244244806974,1.3511561676136499
1200,0.5287273410454537,2.4608358804462025
1201,0.5767328334086149,1.562955203565579
1202,0.507939415649303,1.7075763952384875
1203,0.5375387136218617,1.2985705704364963
1204,0.5329841120729168,1.2483038126843646
1205,0.5192342805630953,1.5905548044778768
1206,0.5238090961882211,1.6288939425088826
1207,0.5454633794363263,1.3244820179291141
1208,0.5001743545809996,1.052848818811398
1209,0.5358909229630405,1.4238443710271595
1210,0.5172901882708651,1.5654343042558836
1211,0.5266685037358293,1.3791339316414397
1212,0.5397594513244999,1.9901283985202751
1213,0.5429724587977511,1.422928624361464
1214,0.4601637758676288,1.0402356148923484
1215,0.4953323961461632,1.0176891152141163
1216,0.4936150150391662,1.0052695094960407
1217,0.5343893071980153,1.041484322362733
1218,0.5330391728762284,0.9209800958633423
1219,0.5299894531953682,1.0352215292384324
1220,0.5178044328411806,1.5884138438308124
1221,0.4907637221141926,1.2838748097419739
1222,0.5298441524065814,1.3528989374058917
1223,0.4899928164713591,1.6350987756136552
1224,0.5515665649210365,1.1547574499278392
1225,0.5189423427998441,1.1122038393344693
1226,0.5588288463435127,1.089535716667916
1227,0.5476826973331784,1.1881793268675942
1228,0.4803060964473243,0.8772258116203604
1229,0.5860774123552933,0.9530644810315475
1230,0.4714573422103252,1.2731210681998615
1231,0.4741925591403998,1.510247577741308
1232,0.507227870445807,1.3367481486311237
1233,0.5566583206352679,1.5867972362388685
1234,0.5575424698950018,1.2144678333430614
1235,0.483439415982626,1.0160078927151208
1236,0.5326153867453047,0.9770951791874414
1237,0.5712385252841468,1.0386237363213475
1238,0.5749151193111846,1.1351282451916667
1239,0.5080838252618475,1.3199139769794872
1240,0.5579506566802275,1.2537823759236382
1241,0.5325508418592434,1.3185572033946953
1242,0.5099542031010378,1.7626845281100967
1243,0.48010241117292235,1.353266431868655
1244,0.547718526668919,1.1895303668327701
1245,0.5697858460898538,1.141923045070426
1246,0.5141364660077882,1.1050734485237343
1247,0.48935551232504615,1.430717426596336
1248,0.5041087125111552,1.121656673047149
1249,0.5543601889054752,1.4002027847234486
1250,0.5238317028411383,2.363095306655736
1251,0.5142040244005259,2.3488567691404842
1252,0.5242733946703013,1.9304078134518226
1253,0.5082886314507827,1.6647371267809452
1254,0.5400458782621957,1.807136437267933
1255,0.5312929758169118,1.2434072147295312
1256,0.5602413421695672,1.3608647972634695
1257,0.5416254621107601,1.1524494348220455
1258,0.5276294674688172,1.2042120833998744
1259,0.5381576442024083,1.1964303527063536
1260,0.5462779697862644,1.460819220079959
1261,0.5350013010710188,1.1542806689021656
1262,0.5252367532224331,1.1984856597428184
1263,0.5626035517859227,1.0832213788356595
1264,0.5452620300274451,1.1952916985576592
1265,0.5323035340864681,1.1329895443129308
1266,0.5115561554732831,1.2145232234186338
1267,0.5094417871780765,1.0469136677899407
1268,0.5549709808479235,1.1611825771702147
1269,0.5037173520303467,1.0993809815749382
1270,0.4800203448360406,1.1091537909600342
1271,0.5219068654532572,1.836739060948196
1272,0.5306853339510057,1.587127465067558
1273,0.4663999743253282,2.153389711981838
1274,0.42762228759747106,1.9550007419678772
1275,0.5342967134077572,1.9275050059105585
1276,0.508425907313245,1.6546405067721617
1277,0.5242529910744973,1.3799443065541461
1278,0.5077964197663427,1.4576784684820083
1279,0.5381064611731223,1.289977494952748
1280,0.506708273609865,1.6761371406536658
1281,0.5167000910032142,1.7748956252070307
1282,0.48492217179640984,1.6555898062233787
1283,0.5114008862416721,1.1493051318289007
1284,0.5146914680027267,1.1376637359267299
1285,0.512876858120983,1.34005326669193
1286,0.5326706061085451,1.417485593592079
1287,0.5634917437451558,1.2937709579190004
1288,0.5372482541116695,1.105759327272767
1289,0.48582070892296947,0.9686154208136993
1290,0.5702020091917909,1.2814484267558865
1291,0.5023750963720303,1.177169968780962
1292,0.4891569408976916,1.4277028042135886
1293,0.5393805868417314,2.5561015131404097
1294,0.5111301159395755,1.9927725109081824
1295,0.5638113299619805,2.0050054128887584
1296,0.5335993662621211,2.0632078612892375
1297,0.5151928067207336,1.8141468207813003
1298,0.521489580279415,1.8187907963123136
1299,0.4920450405588428,2.282652282020421
1300,0.5684779922939042,1.766901456036614
1301,0.5472783515754255,1.7936065590497359
1302,0.5757924283592446,1.604798643334398
1303,0.5222007991040795,1.4402673938899364
1304,0.5543637599759889,1.2507883530218624
1305,0.522081137860863,3.35978611927588
1306,0.5068439893352176,2.0063484675675918
1307,0.5406687647393607,2.0844324468408972
1308,0.4970597587164166,2.6667818259266975
1309,0.5032451607069923,1.8473941128230789
1310,0.5010108059471093,1.4426858558238131
1311,0.4694746755859227,1.5448101672154029
1312,0.49741127479423597,1.6963577253147237
1313,0.5359548142234098,1.4868517500682943
1314,0.4877547760611599,1.6974676945834484
1315,0.5133962671733597,1.4952108026708213
1316,0.48940832761016867,1.4510719625695239
1317,0.5137432232065108,1.4549679721443398
1318,0.4644332279279394,1.7639806640958322
1319,0.5581291650684135,1.3932436808799078
1320,0.5036235431444298,1.4297104402653222
1321,0.5081639556051458,1.3591482494641276
1322,0.5047986767824414,1.807014475748377
1323,0.5362938630928114,1.6579821358606652
1324,0.5654521208364987,1.6285053769361626
1325,0.48823952891872924,1.351245092535482
1326,0.49464045334788204,1.486092570915963
1327,0.5115069275342145,1.405371746970612
1328,0.5204969372564149,1.260462319387973
1329,0.4961586195288353,1.820945635003951
1330,0.5325965019105707,2.596077542860531
1331,0.4930079573566474,2.38743313307901
1332,0.5180844265280418,1.60051264288356
1333,0.5593483980419567,2.0225372048257624
1334,0.5235752619585945,2.0621797187814437
1335,0.48565864100039585,1.731623933731931
1336,0.5345587331114463,1.5773599992678002
1337,0.5863627039113091,1.735322325553709
1338,0.5082983823077193,1.8100026452425615
1339,0.5460068590722038,1.8890980852460397
1340,0.5553889812775028,1.694058881801309
1341,0.5365363498335903,1.887641836138605
1342,0.5243061468439195,1.7542557427026693
1343,0.5641792885308127,2.9331153700652632
1344,0.5385366617475899,4.087545632158668
1345,0.4983884316046261,3.295797712015874
1346,0.4996677104709218,2.1885331695519605
1347,0.5387270508460629,2.5131056274025187
1348,0.5100598604355043,3.278710257081152
1349,0.5169304134776291,3.55919077963505
1350,0.5403233037411588,4.089746811436218
1351,0.4716372643280955,3.219599160175879
1352,0.5851098588369426,4.1659617302487195
1353,0.5309081015366952,2.620951641531824
1354,0.535404127199673,3.9368947617058616
1355,0.5194011104917063,3.8946325414389085
1356,0.514152787264111,2.61671071145141
1357,0.5200723380718416,2.228722778917516
1358,0.5482642271565003,2.1183637288010235
1359,0.507971798910678,2.238784290633155
1360,0.5154811574996097,1.7710565461695773
1361,0.5206994327526648,1.501114304783275
1362,0.527751687660958,1.4203799465327587
1363,0.5449356511958594,1.1349169374669639
1364,0.5481710306649069,1.3320576722182116
1365,0.5239657117325125,0.9590965538348967
1366,0.534029822326401,1.3122879284099467
1367,0.5148452005340057,1.0736309735520373
1368,0.5356015684535202,1.1523039867577043
1369,0.5177243357723199,1.1883278396523114
1370,0.4952208963991369,1.0629730866950693
1371,0.5030440283053129,1.4536065592349154
1372,0.5760656896146755,1.6379865315353985
1373,0.5294474982520909,1.3452533697619022
1374,0.4889066421869889,1.3869753821382245
1375,0.5151319422768158,1.2111374944159128
1376,0.5057971246034196,1.1968974633124267
1377,0.49563170173793164,1.235632098415523
1378,0.506300899588946,1.5085092134846068
1379,0.5281232809557498,1.3370733151158083
1380,0.4986983502952798,1.0911870344171246
1381,0.5133747221196739,1.1316941189534455
1382,0.5542350619742014,1.5179738552824964
1383,0.4989305398996594,1.3334597447543468
1384,0.4996045145016272,1.5364708177094322
1385,0.5177048433174207,1.5239856544050199
1386,0.5161299543473327,1.628593019490103
1387,0.5396156797131288,1.6363368931325895
1388,0.5835155184986522,1.4688388317534067
1389,0.5039592773011587,1.497530753172717
1390,0.5225036803958485,1.6601910024013333
1391,0.5162963149617019,1.451754530656685
1392,0.5833172775009303,1.6759879450196202
1393,0.5573433614471583,1.1231862387610871
1394,0.5480510170019947,1.3799997591277928
1395,0.5161805245482806,1.3833424952423687
1396,0.5007998879673412,1.9785447346353995
1397,0.49904040341238376,1.469921873611154
1398,0.5585984116040387,1.8230207186300778
1399,0.5186166540511603,1.9962056921523752
1400,0.5232308188688408,1.5310728868234504
1401,0.4708253631314028,1.5262093509285195
1402,0.48928934885460196,1.9903071204435479
1403,0.4704508379246425,1.7813840583690161
1404,0.5194358304866309,1.2804971771332825
1405,0.49843190132992937,1.9049639586106086
1406,0.47853935430350814,1.637686230603931
1407,0.5852767258014494,1.4260000528641117
1408,0.5125080416503461,1.129075554968084
1409,0.5497886978306816,1.243894384323972
1410,0.5092565561961202,4.682326596338772
1411,0.5077703305818502,2.907504015755885
1412,0.5573951040656822,2.474376894895313
1413,0.49776118646547635,2.3238644923978637
1414,0.5405392149119701,2.9194366706227792
1415,0.46731339756724904,2.5281959384390453
1416,0.5184568438715148,2.7831931843340976
1417,0.5397165869046183,2.564339419591774
1418,0.5039269808426644,2.394165610225455
1419,0.5051854304896976,2.765947289837217
1420,0.4892363629294831,1.567029753356304
1421,0.45522798033593925,1.2305210290603268
1422,0.4768419659253463,1.2216557478441776
1423,0.5138318168306814,1.438293366756254
1424,0.4953334863903453,2.2406436899333326
1425,0.5341727033402156,2.1755320771226607
1426,0.5406679499496534,2.2384562052569343
1427,0.4966631502781099,1.449498280159478
1428,0.5611456754138169,1.5485549146689257
1429,0.5398746757831389,2.4092825483349922
1430,0.4571529233339921,1.8772497044026273
1431,0.487780993424573,1.582939276996168
1432,0.5054167862077361,1.8654431012070294
1433,0.47940096114445657,2.0584752600169876
1434,0.4815768174176077,1.7816499888318256
1435,0.47091600038472886,1.7307124514024235
1436,0.44233419507452587,1.7636287131355803
1437,0.4881017439573714,2.094633540482197
1438,0.5084649312843397,1.6933038796035988
1439,0.4672102388537046,2.6550487794922395
1440,0.5056265222216115,1.719559944370418
1441,0.555665054078241,1.4137997552029138
1442,0.5286821613033998,1.7537578020281004
1443,0.5059453989695577,1.78093661150886
1444,0.5001899582668415,1.7196422010949515
1445,0.5429802670062167,1.889467454651027
1446,0.5455047031050747,2.521074675819249
1447,0.5509418972487589,1.7175291550969614
1448,0.4898480674595509,1.9103730916976929
1449,0.5264478357671534,1.9169008575596855
1450,0.5102286084184369,1.4410793376200408
1451,0.5230127654029327,1.7721978744256843
1452,0.49314577371171375,1.2773438234931056
1453,0.5044880005919817,2.1518760005247244
1454,0.5261453268597427,1.7148646799106042
1455,0.574317928656791,1.6980080685569245
1456,0.5059794644707615,1.5282143742135428
1457,0.4930671980080095,1.4895607724930475
1458,0.5007088178569831,1.4243431473241268
1459,0.47754272789631075,2.400406284239686
1460,0.5846879974152278,1.9140101196696457
1461,0.5828316807746887,2.0957517872736293
1462,0.5405409110402598,1.638984310974195
1463,0.5170435222607215,1.9707008762267029
1464,0.4974470960283742,1.506795878549224
1465,0.5264980801679555,1.4818027690776343
1466,0.5212322907540404,1.6486594943166937
1467,0.5221626550248526,1.3914973886267652
1468,0.49980483153491345,1.4449079765856845
1469,0.5279765988437874,1.8041991793993608
1470,0.5216095250787087,1.650808198359406
1471,0.5359882295710369,2.2256309355346904
1472,0.5629129872738736,1.8467447560967751
1473,0.5080824669414353,1.5602883956964733
1474,0.5226632929542689,1.1061583740039937
1475,0.49120334774545094,1.1461926091064527
1476,0.4812884212118908,1.0091668465762462
1477,0.5256526510692338,1.0358383441434322
1478,0.50791952563721,1.0599495155140035
1479,0.5202956286448877,1.1291176665176466
1480,0.5470536993545236,0.9184043557898512
1481,0.5003057504163205,0.9692192806780917
1482,0.5050871221764573,1.0220490346834497
1483,0.5461852457916853,0.9053047183647897
1484,0.5076230799110191,0.9199215798702055
1485,0.52180535237766,0.9314875012462579
1486,0.4985615234930538,0.8195091659582935
1487,0.5529294037124486,0.8548552191373214
1488,0.5250616064928111,0.8032200249653418
1489,0.4814045382934867,0.8777573149181107
1490,0.5313469541883006,0.8608855489388253
1491,0.5207814195202393,0.9723023702797381
1492,0.5097610513562137,0.7623292566503136
1493,0.5255466983156297,0.747913469388647
1494,0.4628032966724877,0.891750026675104
1495,0.4747301079694507,0.9508375554408842
1496,0.5136010620779204,0.8225608913643846
1497,0.5221436535849154,0.9532822283726294
1498,0.5159522485964506,0.8085289313955214
1499,0.5501069982074996,0.7431867302042766
1500,0.5034947664413637,1.0051841631676386
1501,0.47169808855334533,0.9183911594372351
1502,0.49627415850324536,1.2951511219867224
1503,0.504904595393579,1.044551927487827
1504,0.48295442832326424,1.167060118277096
1505,0.48501161464209697,1.3220678909311017
1506,0.5471184412831241,1.2770252632863313
1507,0.4897019087689594,1.1656998633181008
1508,0.4741098822899235,1.1967147328321217
1509,0.5433868545930363,1.0448259468217498
1510,0.4987228900483511,0.8905416669197452
1511,0.48692546712542045,0.8903510032348263
1512,0.5330431232753309,0.9211633674149374
1513,0.535279217275601,0.9812052041581534
1514,0.5641720462771296,1.063451619981562
1515,0.5200487809273803,1.0013712470971265
1516,0.5701770938715889,1.0136554090722094
1517,0.5252887346212146,0.9420287041988188
1518,0.43928593570746266,0.9765165812760881
1519,0.5030981423785386,0.91587844693545
1520,0.5382002985593185,0.8314704073285594
1521,0.5083402192708358,0.8350825367622006
1522,0.5350322445619453,0.7637827078115593
1523,0.5124499722591882,0.7260157494869047
1524,0.4965980355311366,1.410869363442208
1525,0.5840802215835423,1.0271170636982594
1526,0.518692230715335,1.015524288983021
1527,0.5037122386173137,0.9767591368804858
1528,0.5383926447734092,0.9924195489837128
1529,0.5601301644612284,1.114961708633645
1530,0.5148219211587628,1.0555357336997986
1531,0.5727152552419496,0.965303406553361
1532,0.540067840548395,1.033154871278596
1533,0.534349961188233,1.2550008950881588
1534,0.5112389372390451,0.9445006667988972
1535,0.4791019749872893,0.9891106793024007
1536,0.4861391276410482,1.1013579073461515
1537,0.5202804219375536,0.9891992714798566
1538,0.4998479173021409,1.150539832786449
1539,0.5192978955009608,1.0692524441237587
1540,0.5450118259318824,1.1727365585206782
1541,0.47902872261491797,1.210143128066387
1542,0.5231341893233142,1.067082575802664
1543,0.5278398967483668,1.3240880242829185
1544,0.5042865490450442,1.223520383094121
1545,0.5025098618951817,1.4604954418626803
1546,0.5079712885097393,1.3525434906042895
1547,0.5794769606543976,1.665007454099007
1548,0.48138013279553754,1.2586346338096175
1549,0.5497536882034784,1.278178379373643
1550,0.5379696754575933,1.2572314120033412
1551,0.5078164773079955,1.1237167334093632
1552,0.5109110303874155,0.9975836300155492
1553,0.5254555917480617,1.0250261252366224
1554,0.5451187393040333,1.2415108287218706
1555,0.5043435582836855,1.2233917852049891
1556,0.4790239507712207,0.9457386651085419
1557,0.48261403227315364,1.0633097522467085
1558,0.5450272137678943,1.1011925565386282
1559,0.5075027716969981,0.9825424841306742
1560,0.5495344458274471,1.055872962891477
1561,0.4778790363987673,1.3877832467116198
1562,0.4932333607118107,1.1695519581581781
1563,0.5504292565063366,1.7116608046790929
1564,0.5448716543253186,1.1064724349281163
1565,0.4919895101519464,1.456951713099063
1566,0.5066723082829447,1.2314864993095398
1567,0.49748688820496345,1.3764232310276587
1568,0.5025422202730642,1.1952590699334746
1569,0.5293323270325522,1.035733569015577
1570,0.5254194140434265,0.9552674698598177
1571,0.4655603766441345,0.9009475545975768
1572,0.49697714118124214,0.926132997262825
1573,0.5031414413915097,0.978322513473844
1574,0.5003600340445065,1.030462253440931
1575,0.5223813370882886,1.2111151895476777
1576,0.48555555274185624,1.0922370842359599
1577,0.5837136177183355,1.0887736001061004
1578,0.5591683541108103,1.2985949672541572
1579,0.5689465582949443,1.071855474444269
1580,0.5400503144680875,0.9682804253494856
1581,0.5059215079233484,0.9463920078231293
1582,0.48910679516283057,0.9511456171285759
1583,0.5250076961170123,0.8687042941167517
1584,0.5660802392126287,0.9164965494165143
1585,0.5317229287138263,0.9079237111563822
1586,0.5308453330715883,1.067325059071328
1587,0.5186343930878685,1.2404446480343643
1588,0.5454625666720195,1.2629544144695244
1589,0.5130074411919974,1.9685217547185212
1590,0.5419086866008426,2.1519522030376694
1591,0.5399971974706187,1.608012331342234
1592,0.5043576851631831,1.715273704922315
1593,0.5524794054262846,1.5694483570682192
1594,0.5542523953521136,1.4746927451161504
1595,0.48030108734241966,1.3888762969415165
1596,0.4697936483957235,1.2652120271932732
1597,0.47661709206775554,1.1536592441855125
1598,0.5034976694190386,1.0454845359024492
1599,0.4746071667347139,1.003071503731811
1600,0.5221394064646323,1.1622934729150198
1601,0.46703160185258363,1.367658293941646
1602,0.5428169537516474,1.223448088446867
1603,0.4908208372523484,1.745652765903658
1604,0.4765451781958052,1.6145460981767155
1605,0.5718269672208619,1.172529990233264
1606,0.5037777452792936,1.296004755404389
1607,0.5205097256354916,1.1966114431908987
1608,0.5502779813646113,1.5369022008284783
1609,0.5267520575847441,1.1113094820559604
1610,0.550156619942304,1.8782836499723417
1611,0.4902943725724822,1.2609274219540716
1612,0.5506798046306499,1.2414166221340883
1613,0.5064887091951463,0.974396883284004
1614,0.4865176275517177,0.8327357601193548
1615,0.5078005871726471,1.1149453717528037
1616,0.490528977033004,1.819025591739173
1617,0.5185497640406044,2.1202465700871738
1618,0.5356529140935361,1.4678348638478993
1619,0.46525067611805443,1.1831635867507713
1620,0.5303511240528626,1.5443537478308076
1621,0.45738994322934196,1.6481281698328778
1622,0.5060364841257484,1.4813585316093223
1623,0.49975604744790825,1.7058128349989363
1624,0.4887163129825037,1.8836554034242352
1625,0.4866381380164507,2.4183435225949705
1626,0.5415433483216369,2.0025287872379267
1627,0.49626850098082165,1.6434138220490762
1628,0.5067071764214525,2.094573450898661
1629,0.5071123942588139,1.3330379487241355
1630,0.48733672470722383,1.1598835593288384
1631,0.5142197973519853,1.1861479398116326
1632,0.4593371633187081,1.338456671214798
1633,0.48282841744932153,1.3304771150200112
1634,0.4881571742516119,1.701080412540621
1635,0.48864992295654075,2.125825453730463
1636,0.4922521687248378,1.688138413197786
1637,0.5130679711554814,1.3632299211418744
1638,0.5291782475790932,1.107563307563078
1639,0.4874297895477813,1.4570886382778871
1640,0.48758730089780195,1.2859240064343203
1641,0.49105452738919303,1.405763711165456
1642,0.4518332249909929,2.188355745042412
1643,0.500454148910578,1.5224968293338146
1644,0.575547119078127,1.983928693729697
1645,0.5189444561606472,2.0958853068860988
1646,0.5187530380140231,2.0451151416139695
1647,0.42039228180079785,2.299528255045993
1648,0.5179787590665724,2.436342390995581
1649,0.5194532703427435,2.7066846385742855
1650,0.5269549726282509,1.8440063265920843
1651,0.4830264070080322,1.4524094057314605
1652,0.4624866814289278,2.1761616925591403
1653,0.5203043691162924,1.6375042871364112
1654,0.5355206149295696,1.622820925365374
1655,0.4846102711066459,1.7864892685297624
1656,0.48380165192687397,1.497007721836127
1657,0.5288300560516062,1.36412887376489
1658,0.5081314398247061,2.1553423074842657
1659,0.5371562916676975,2.1389286836374155
1660,0.5259077702332469,2.602054918275296
1661,0.5279358891607489,1.8820024954462515
1662,0.5365111318606774,1.6014210298223404
1663,0.5049571383346632,1.6355732413171564
1664,0.5096946051977214,1.4209656761687937
1665,0.5168192479216936,0.9871805559084254
1666,0.46654627421527234,1.4011841109655436
1667,0.467169819526302,1.1465031319451564
1668,0.5495837238228437,1.0732220168252593
1669,0.4910216343055651,0.7039344293399922
1670,0.5020198017648123,0.6968971942234965
1671,0.5098855900532991,0.733693909297869
1672,0.520675940421021,0.9660691705722253
1673,0.5006757931223194,0.9690389615818135
1674,0.5355162889633364,1.04680259829586
1675,0.6056167327084587,1.0269371317428293
1676,0.4893498762139996,0.9015002013410179
1677,0.460103826036731,0.8368326523928966
1678,0.4975873301330122,1.1103779436315147
1679,0.5709244545223644,0.8736515901621106
1680,0.5549538870459622,0.9703496393648167
1681,0.5469785089631682,0.8588097384832438
1682,0.5325244433671525,0.9619088647435012
1683,0.5034936232474244,1.011306607028813
1684,0.4767408139497331,0.8588011299522178
1685,0.49034900572693463,0.8136278714948487
1686,0.44291290148948004,0.948775967926655
1687,0.4931594231753673,0.9108609331464305
1688,0.468408487954186,0.8857844790208687
1689,0.5139796762790495,0.9437032052614156
1690,0.520337872713515,1.6085484583400986
1691,0.553511245736798,1.4958555148643198
1692,0.4785027503967285,1.5743932567753838
1693,0.49423054178941594,1.6229367308246279
1694,0.5028505443947987,1.400449284650747
1695,0.541324541406724,1.711772346380845
1696,0.5237324414322677,1.7222595961348524
1697,0.5364299856343315,1.172975114827017
1698,0.5370792682888439,1.191935617368198
1699,0.5038797534206538,1.3594728690906637
1700,0.5474651120241406,1.5673592970209214
1701,0.526076750269214,1.7648774055601324
1702,0.48356680991580187,1.319837235709996
1703,0.4834349971373104,1.1554963802828373
1704,0.52000356704286,1.2847659674662988
1705,0.510767818943968,1.3664684897487602
1706,0.5434793112347427,1.1723277146376452
1707,0.46283195435422136,1.1235176978759396
1708,0.5002096315610756,1.0195541636457721
1709,0.5370375600833337,1.0573291714909008
1710,0.5063793505858449,1.1692427576166913
1711,0.5015894796663117,1.570093288004977
1712,0.4987715685251847,1.0573230779286726
1713,0.4787289500236511,1.135434915139837
1714,0.5233414734451516,0.9363636773766824
1715,0.5127088091905835,1.0733001046967738
1716,0.4891010609645288,1.713942280672129
1717,0.5326492907931504,1.4652420687444
1718,0.5029961970245954,1.9533757457455385
1719,0.515253466309853,1.6194596388964977
1720,0.49169922337948696,1.8368478255364502
1721,0.5122631545205718,1.1394077203806163
1722,0.50041163372762,0.9762354383190859
1723,0.524858606671824,0.8720867194018318
1724,0.5323938924132041,0.892970310252847
1725,0.49539631952359836,0.9205504783148905
1726,0.4968931816735314,0.9898346008606327
1727,0.5726721379363421,0.9366381943804546
1728,0.5347277741987728,1.2540767777313306
1729,0.49544763854406415,1.0717980427649414
1730,0.514529148351799,1.092805632109781
1731,0.4875351043002119,1.0554478689304834
1732,0.49038296012045113,0.9820938133498998
1733,0.5014306700345382,0.9723459609503885
1734,0.5096608226739087,0.9444143708469799
1735,0.4803119903629266,1.004341054888605
1736,0.5199784784062395,0.9218970820741746
1737,0.46198201526715915,0.9702029777962027
1738,0.5225038323008898,1.0653734415480234
1739,0.5349179454220151,1.0082055081441565
1740,0.5212261786738646,1.036250168258704
1741,0.5509898222765877,1.2835041880607605
1742,0.5103951397451382,1.2555353982934674
1743,0.4865706053752344,1.1062396643231216
1744,0.5153305322221182,0.9243209645586107
1745,0.5037098197103704,1.0208830335765209
1746,0.47272432675060716,1.2099229710773356
1747,0.43384476136235356,1.1640498915922295
1748,0.4834882851364543,1.2400980869543206
1749,0.5289077237971778,1.5068785345670088
1750,0.568967864930051,2.59679763814778
1751,0.5368116579009491,1.8630905718479343
1752,0.5394410705103457,1.4743604226019775
1753,0.4960482421430569,2.537143644198631
1754,0.4850245673679611,2.3429519296849817
1755,0.5068100835513143,1.994950150401847
1756,0.4829029006865418,1.5971188342686995
1757,0.5021443633199896,1.9344498925996059
1758,0.5193387368350353,1.44635206287347
1759,0.5110537513945866,1.825290759790291
1760,0.49642619635294943,1.754231779320726
1761,0.48733397131984674,1.597504460695878
1762,0.49148012885769593,1.7557084924966386
1763,0.5150116731240911,1.4747034936275296
1764,0.5404961198857687,1.9576495555998052
1765,0.49055816131888086,1.3995197102861496
1766,0.4512236699895951,1.6933145505710714
1767,0.4810558760050431,1.563072540806335
1768,0.5141554631075813,1.6611098976968561
1769,0.501766044248655,1.7950568656319554
1770,0.5100649016574749,1.5453113097588993
1771,0.5143199861049652,1.2533381581306458
1772,0.5143270243718786,1.7488606496922021
1773,0.5481926121758026,1.2090258013854907
1774,0.45591409634617924,1.4930573354646997
1775,0.5018055977173221,1.8410447378760402
1776,0.5054369105876071,1.4679505344733452
1777,0.5496408777329528,1.692783502699102
1778,0.5002869193993725,2.2106544606893967
1779,0.5337020170341418,1.5824816834579394
1780,0.5054651656486455,1.252771087641855
1781,0.5315732438008762,1.166749020803322
1782,0.4907846086233565,1.0399632922654014
1783,0.5359123551729813,0.934116100223319
1784,0.4654698940446076,0.978604752461887
1785,0.5614798699767845,1.0121562023764674
1786,0.49490340893129703,0.9375995073503661
1787,0.5428075385325163,0.956685798839458
1788,0.4669195089525389,0.9812875858788351
1789,0.5181329782726696,0.9565730667808681
1790,0.5074505915919554,1.0279499246078787
1791,0.5124816055436736,1.1309889392945374
1792,0.510913939151949,0.9303026963206171
1793,0.5300944302845927,1.1492188208311507
1794,0.4857972828508581,1.0548097589640941
1795,0.5442297776925911,0.8659546930813095
1796,0.46939286878965436,0.7911653061514919
1797,0.5107415335849651,0.9188539183255539
1798,0.5388853654120732,0.9771809630023623
1799,0.5193337022679524,0.825696456779554
1800,0.5060792565345764,0.8301006462967512
1801,0.5161616385561748,0.829771326583566
1802,0.5129754086142605,0.9893895659631896
1803,0.5023100509226901,1.373196019131003
1804,0.5269634552950998,1.3708554083861193
1805,0.4875561839457854,1.4033547234766692
1806,0.5448758787321812,1.2107811639609847
1807,0.5249326671790151,1.3674132233684502
1808,0.4869242102197073,1.0990265058082285
1809,0.48603328744184626,1.1934273561227668
1810,0.4676769057523857,1.2831812674559435
1811,0.5366424298980861,1.6961210954536512
1812,0.5116534609239078,1.5415205851341913
1813,0.4974372352211221,1.673874394986236
1814,0.5412701541937671,1.50209235797808
1815,0.48278310171608785,1.750167469955185
1816,0.48532530404989,1.820587465485323
1817,0.5178193895562181,1.605099776416149
1818,0.5254627037974238,1.6298822766368828
1819,0.5259578281525269,1.349447921063136
1820,0.49262913830071975,1.445166321055403
1821,0.5451462688376603,1.7211575288217045
1822,0.4733209824099124,1.6346342714087476
1823,0.43622935628428045,1.7762357951367942
1824,0.5300801034691265,1.16754042176367
1825,0.5168255110388821,1.1682606345241509
1826,0.48706659877184527,1.2560293003193383
1827,0.4652309157315967,1.026180038753065
1828,0.5115268820697821,1.4877294168888944
1829,0.4884626332995961,1.1606130287485215
1830,0.5293424349386715,1.01178989016894
1831,0.5040463278594526,1.0037019316432545
1832,0.5178551297743343,1.17227586149012
1833,0.47548843413880726,0.9571639536653908
1834,0.5017583211070126,1.03172254273035
1835,0.5013976392236729,0.9721537087727519
1836,0.5010453040160022,0.901656033923325
1837,0.5097560121596438,0.7520195697117777
1838,0.5516227379585933,0.7534883074390079
1839,0.5456657328651947,0.6921645333466021
1840,0.5311624971986975,0.8397672963373869
1841,0.4861962283120572,1.3236184068096495
1842,0.5296372571616497,1.529343032721177
1843,0.5207440268646166,1.6136893334897977
1844,0.5146849352179221,1.6110693760288572
1845,0.4688014169630495,1.5142535821905414
1846,0.4897555465837127,1.1368853438247755
1847,0.5278839361899107,1.2941110174632766
1848,0.47986338323759803,2.2064769632607986
1849,0.5003120523054623,2.6476638890007167
1850,0.49060071107831976,1.993355735413079
1851,0.5435534819815923,1.676929455937691
1852,0.5432739240451924,1.5570655557715778
1853,0.5268007939301648,1.908067298745646
1854,0.5187513307460303,2.125962910721603
1855,0.517644316247366,1.9481827362069806
1856,0.5097026379363051,1.804872268611945
1857,0.5099908888918682,1.5740271945601527
1858,0.445129894805186,1.5018454425543257
1859,0.5409308075904846,1.4691487481293168
1860,0.5030283916343763,1.3728169249099436
1861,0.5021449226198844,1.3706787523714083
1862,0.5021995201851558,1.6211797380910336
1863,0.5531997576500606,1.223031082199615
1864,0.4942006405117442,1.152352502623808
1865,0.5077076157898579,1.399544421330239
1866,0.5498301271096017,1.2008219332370944
1867,0.5334180940702123,1.1839776235876731
1868,0.5159145709380363,1.3147196463010844
1869,0.516254245077522,1.289185710323667
1870,0.5047062456029133,1.05545945885112
1871,0.4926872681645514,1.0773160631216845
1872,0.45001161387823163,2.0883934133261155
1873,0.5129248974392715,1.4164010483084373
1874,0.5136530439830521,1.6055975081851181
1875,0.5198030231647122,1.6762005108074076
1876,0.5137943694892438,1.679624909914813
1877,0.49701464928469613,1.0819465066622762
1878,0.5192250892953966,1.048543523816229
1879,0.4641146382081856,1.9741377269180076
1880,0.49335307287938385,1.5035948568177455
1881,0.49113129007006157,1.3960259111182203
1882,0.45772906472382036,1.3711084468850812
1883,0.48767192936638026,1.4742114358735317
1884,0.5519787212019985,1.3687395980057206
1885,0.5142118699342302,1.2770118186774764
1886,0.4650572792997638,1.5513706265143978
1887,0.45742277178949525,1.5001703575976844
1888,0.44550324354356935,1.6157103493375686
1889,0.5132153766247832,1.601911552901407
1890,0.5113592518186106,1.2685613018795125
1891,0.49154812936643955,1.4174356448997572
1892,0.5062559918292517,1.3656175090271292
1893,0.4768418687061199,1.2002697558078952
1894,0.5568853761385946,1.2122339612071953
1895,0.5102099926726332,1.3909402790578824
1896,0.5240818794491222,1.1107402125608574
1897,0.5115930438041687,1.364041705733364
1898,0.5213050787309998,1.2479045148034698
1899,0.4566436803456649,1.8086921925683623
1900,0.5078518587408714,1.959639460137747
1901,0.46546986438695664,2.6981746293966054
1902,0.4561657541006514,1.5612638968865848
1903,0.4916058338961555,1.4253981749988296
1904,0.49352627095666907,1.526723474553488
1905,0.49244069705889065,1.4077924958710533
1906,0.5003915871809987,1.5480520997232603
1907,0.5413252840053688,1.2748799376117372
1908,0.538932488091941,1.6405366798049037
1909,0.5432359529930411,1.2292813490895391
1910,0.4714787524302029,1.2743295141794149
1911,0.44971245816610395,1.432739469611529
1912,0.46385430884592743,1.3172809603144822
1913,0.5121805042896456,1.821857371376556
1914,0.4892564893347546,1.2901104271990582
1915,0.5090938065815898,1.396464445058582
1916,0.47134100609612695,2.1574430998089245
1917,0.47707696447094666,2.0023469126340254
1918,0.46461774076072915,1.3046553991373302
1919,0.48364647788908877,1.4403275268749125
1920,0.5153417940278655,1.5323599889440445
1921,0.5581232749142693,1.8870479603415553
1922,0.4614111381827049,1.4851905720905192
1923,0.469049086848509,1.4950229722319297
1924,0.5159840757407032,1.3003351937219934
1925,0.5068632934278655,1.1900697645631808
1926,0.5007858640939287,1.751803931102012
1927,0.49824136293050153,1.9332538646401711
1928,0.4779549889194155,2.1124322506987934
1929,0.5148353732905342,3.1415607882934866
1930,0.484051904053364,2.079481118512385
1931,0.5410664382490139,2.1861102031272592
1932,0.48845409363218883,1.5067143660147213
1933,0.48024319965862533,2.2556185820727674
1934,0.5150700888587433,1.6242285746972538
1935,0.5042410220914674,1.7303978852855348
1936,0.4643180558403719,1.384452580248268
1937,0.49973513692328075,1.2099188357880972
1938,0.45924791433278794,1.5133752932826292
1939,0.5271743588077212,1.9277772029626716
1940,0.481250853793135,1.754783002496923
1941,0.5617253097515662,1.5504732994199957
1942,0.5263244017813969,1.6833726277629149
1943,0.5272855232062849,1.6688826495003932
1944,0.4911167638973125,2.0751254361810036
1945,0.48149711703791204,2.27907211456484
1946,0.5071063550930579,1.4823672574700661
1947,0.49979073503642407,1.278414699637774
1948,0.5252401122769106,1.5118075967992393
1949,0.5233732670256235,1.0790719650324108
1950,0.49630708804408324,1.3755586477159296
1951,0.4851636070649601,1.169636836908396
1952,0.4192336658829624,1.2188825248514565
1953,0.4470773281402958,1.087646192138635
1954,0.5096668618396648,0.8812184941421435
1955,0.5080988745666245,1.3236675522859813
1956,0.499050511607846,1.2078742928875303
1957,0.4665817531567175,1.1501002699426077
1958,0.487872392807192,1.169021896366934
1959,0.4983977085178338,1.0504720332553086
1960,0.5688048580896508,1.039769893711053
1961,0.5422611942569029,0.9815709405732387
1962,0.48200974418121634,0.9462242288496888
1963,0.5162263229055312,1.0104872729014425
1964,0.5234330099763222,1.2390449868822562
1965,0.5109037684584127,1.0575494714153624
1966,0.5040398824562147,1.0222556793573991
1967,0.509672012433265,1.0868309163352818
1968,0.5184960252451665,1.007828081117093
1969,0.4740783248132872,0.9101548652047092
1970,0.4880348796983367,0.8415895793044451
1971,0.4446455839189511,0.8388460209068743
1972,0.5242340246450554,0.8770306851099996
1973,0.5279828509659443,0.8746840444583337
1974,0.5883724767606235,0.8216406378931213
1975,0.49257157699575704,0.8196314648517127
1976,0.5367844967008795,0.8773902324796881
1977,0.5424105357197881,0.9534141415531195
1978,0.5223305566796979,1.0188649875446432
1979,0.5241813457127914,1.2036782526275487
1980,0.45865752019928496,1.3923890457569974
1981,0.4735951574103346,1.1990478953111519
1982,0.5219100644287554,1.3609970090458694
1983,0.48183449726660277,1.1497503368599902
1984,0.5037855037207742,1.4102367573571437
1985,0.4880917523671122,1.0657776142787008
1986,0.4512602542210551,1.005890293028748
1987,0.4897722358842498,1.0493010143631871
1988,0.5282458066940308,1.2427559778528305
1989,0.524164694026836,1.12349027453117
1990,0.502698635592044,1.1334455609321594
1991,0.5376798866443264,0.9849086791566275
1992,0.49990091393294844,1.0334568104697663
1993,0.546123201985961,0.9153225167283734
1994,0.511942861149612,0.9366974709103408
1995,0.48423946250989597,1.0562429902623
1996,0.48202993916076364,0.9384115673963306
1997,0.48679752662343884,0.9394111517563607
1998,0.45939294747935916,1.2071761367390457
1999,0.4907873961532,1.0111277693683662
2000,0.5226568064643341,1.0764342280267511
2001,0.48200212230960143,1.1808240893975044
2002,0.48797900179057446,1.4195398474202572
2003,0.534266345709273,1.3603249770923727
2004,0.48717433069516153,1.3140580613636277
2005,0.4686060281633173,1.3917919397354126
2006,0.4872136197043854,1.2010535892931002
2007,0.5209362923520283,1.1222444136165879
2008,0.46749530399887307,1.9460445468865553
2009,0.5086000058257464,1.5267929810922123
2010,0.554449173721295,1.5142603794347893
2011,0.5103382578173887,1.4900017380714417
2012,0.49174515714923156,1.8636438337344567
2013,0.47728011446091734,1.2345353017732934
2014,0.4415900365820209,1.2678082018222623
2015,0.4916108314273427,1.112667386971631
2016,0.5075450446999189,1.351289959787165
2017,0.4830066775812686,1.1345412146697924
2018,0.5019796126097151,1.1807242556683069
2019,0.5384131544133992,0.9223401558051989
2020,0.5523358456139426,1.5512351966598659
2021,0.5024265670081944,1.191458324784214
2022,0.4940013144780131,0.9714660852858163
2023,0.5002684975133359,0.9638159205612628
2024,0.46033461999545977,1.0580947161878196
2025,0.48887732827547686,1.0503880977630615
2026,0.46481689376738466,1.411497054748165
2027,0.5529253757694392,1.289096690497352
2028,0.5140868963547123,1.3643552510483752
2029,0.549435150565453,1.0750758642131844
2030,0.5027680472262854,1.103203850463756
2031,0.5150496647195909,0.9635051893956453
2032,0.500893041346837,1.0467154053808416
2033,0.46125456951196914,0.9745678207249318
2034,0.4643337905985638,0.8922898526330596
2035,0.528652612156081,0.8969006596259701
2036,0.5097312394855091,0.9386728770524553
2037,0.575168580684847,1.0001371763284923
2038,0.5124220385134799,1.0162740471293625
2039,0.4862865985018536,0.992631169777472
2040,0.4893382457853521,0.9848572640743071
2041,0.44280701470606537,0.9115378706200609
2042,0.5571957259502226,1.1085708667931047
2043,0.49803751996419965,1.8302570934434539
2044,0.5266634416811674,2.0675306343337865
2045,0.5285286064286834,1.8700458413188896
2046,0.49691951101266063,1.703790324405559
2047,0.5428703236348421,2.056237950487044
2048,0.49430828360677925,2.548767129194389
2049,0.49461261653205724,2.541589585901464
2050,0.5116482099283088,1.994028131938675
2051,0.5275732822788571,1.396798047047217
2052,0.49455123329625544,1.4920405670277124
2053,0.46523932519468286,2.004507753455523
2054,0.45542977272885515,1.4711989719890854
2055,0.4902641246619734,1.4876507358643616
2056,0.5050011404509683,1.8412365409934406
2057,0.46456193200592855,1.1863084603281855
2058,0.47836051693240417,1.6722851482409875
2059,0.4549241864565507,1.4921633381288029
2060,0.4869300404798637,1.8624061409709523
2061,0.47013116866639515,1.4483024935120519
2062,0.46848311065470133,1.5182628365396296
2063,0.5664961555050415,1.6547712423269032
2064,0.5247016294488629,1.374006571700272
2065,0.4599544892033327,1.3846230437454667
2066,0.46876216571307877,1.4295909358459769
2067,0.48270209611040876,1.6469612133155749
2068,0.5200584056307969,1.4553670431803731
2069,0.5152677424903055,1.2691340573783059
2070,0.4752930246510552,1.9433006100284242
2071,0.4987319169692623,1.5410844689434013
2072,0.4744779913170824,1.6718958025997124
2073,0.5266570307097389,1.014379819620003
2074,0.5032723019423994,1.066604283249494
2075,0.5186267634039944,0.9126619586666811
2076,0.5338770614087003,1.1555894647987144
2077,0.5042864020588329,1.2408693195546714
2078,0.4903097459413473,0.9823182265735367
2079,0.5089882982587352,0.9733513906164076
2080,0.455369707450126,1.0172593657252857
2081,0.4891500166318949,0.993310939918444
2082,0.5339447161526356,0.9504192992321496
2083,0.4461012991886694,0.8941072694306235
2084,0.4708832224595894,0.9730639341965462
2085,0.5012949716697619,0.8725652127589995
2086,0.47911826615194675,0.8251983691187739
2087,0.5038522858064152,0.7793582000778717
2088,0.500161103976583,0.7866504933070211
2089,0.5113925540331498,0.7092082720358395
2090,0.5417335455857434,0.7160648084381251
2091,0.46832228951083804,0.7492092506399433
2092,0.5094735367784222,0.773249990731767
2093,0.5213710960832615,0.828373016662968
2094,0.49338317901185413,0.7971731100267577
2095,0.6113600291094734,0.8238946506120626
2096,0.4760980964864342,0.8692355526303782
2097,0.49419308142754637,0.8235083395994983
2098,0.46065314128560925,0.8573352052170096
2099,0.5033898789037778,0.8526843936697951
2100,0.5319717491714699,0.7855330219546568
2101,0.5093990332871965,1.0531295069213051
2102,0.5019973643775125,0.9960413916597088
2103,0.5140060247148125,0.8797400437512444
2104,0.5100092494372025,1.0048946200065243
2105,0.49606429315307765,1.0972987164571448
2106,0.48779261343687486,0.9338010752085343
2107,0.4850711041283839,0.9243974679882087
2108,0.5450449377587698,0.8524805573583807
2109,0.4970014972015492,1.396930468892588
2110,0.4258762933675525,1.3744649470431134
2111,0.4795766391800445,1.2556122136347503
2112,0.5077416850525198,1.3282539103795024
2113,0.48777328590744906,1.4103183676895585
2114,0.4954552714107106,1.197901256454801
2115,0.5127029256913268,1.0278091239697724
2116,0.5372256092654849,0.9361693754936885
2117,0.5282529818201528,0.976434840739352
2118,0.5046195208447651,0.911007839499168
2119,0.5189347353953759,0.8704722552623564
2120,0.4784915380686232,0.9921982340442325
2121,0.48165108538368373,0.986109922811823
2122,0.5104266227159685,0.8798651637382877
2123,0.5209483640286529,0.9449127999324243
2124,0.4962085485458374,1.0802419023606384
2125,0.4787832128191457,1.7282158686119375
2126,0.44761761994037813,1.0812227187804806
2127,0.4873123148691307,1.0197191967547519
2128,0.535270027165274,1.0249015631027591
2129,0.5025622022962107,1.0195507650236482
2130,0.4910451723533927,1.038396264164193
2131,0.5035511689278686,1.4023990179728536
2132,0.47875742310459174,1.1469327344477755
2133,0.5068844105433492,0.9866673894298886
2134,0.5034056398475054,1.0794437209379326
2135,0.5089263285248025,0.9134213854965655
2136,0.49656651263098117,1.7195378738699607
2137,0.5173501904728344,1.4338606856401683
2138,0.5035797889950206,1.994202083754308
2139,0.5662246120786204,2.181540003100645
2140,0.5708548750692201,1.8520457623074356
2141,0.5523023680575843,1.4170355113964637
2142,0.46083449854434116,1.7815198088155209
2143,0.48001528495145074,1.8949146131867345
2144,0.48897318353930724,1.7652599852061965
2145,0.5228629094883076,1.672938063306716
2146,0.5211064427801706,1.2094719930759912
2147,0.5281315801791775,1.9503116532436853
2148,0.483771467671811,1.9286804459627391
2149,0.4781964971023856,1.4265491262222956
2150,0.5416957724441602,1.4374030145626624
2151,0.5044692384386525,1.9108497957581456
2152,0.5396527245785426,1.34099169957985
2153,0.5144677220038998,1.2852732799585582
2154,0.5170287160040106,1.4007516323941425
2155,0.4568238264148675,1.390377564337647
2156,0.5041025153641562,1.1118873033708738
2157,0.5126914254670004,1.3674923621335076
2158,0.5350505819598448,1.344019561137968
2159,0.5218489731399758,1.536635412753207
2160,0.5003259783809625,1.653025850508977
2161,0.5406114731020141,1.573630658746923
2162,0.5246087587574153,1.585410633133453
2163,0.5430758873235833,1.8899355316625057
2164,0.47868020962742924,3.283788394002081
2165,0.5071857901452814,2.0359880872143123
2166,0.4547681157450074,3.060705588859262
2167,0.5102041689226928,2.9246966543706874
2168,0.576753123871331,2.8569579575825665
2169,0.5188771330037163,2.0259854058617526
2170,0.47237422338967183,1.9142644370643838
2171,0.45533131974414714,2.5353410706936734
2172,0.45664213308431567,2.280693557077241
2173,0.4809567436431218,1.5308878398636012
2174,0.529982931984281,2.089991313161202
2175,0.5845274867363346,1.7652196884155273
2176,0.5176393302898963,1.9877423302641193
2177,0.47532484253633367,2.106109145775582
2178,0.46664210951444013,1.39020168434069
2179,0.45229634729403895,1.4032186761643122
2180,0.4703078339400801,1.1497504282923579
2181,0.431544617107771,1.1083440757492213
2182,0.4997663758333447,1.41066557111092
2183,0.5236242375906232,1.3059752901780952
2184,0.5221102729584407,1.7585797182564598
2185,0.5111769021136089,1.3445933582713303
2186,0.4857944579957758,1.4807038833794084
2187,0.49856821194435785,1.6853003287778316
2188,0.5054176316677945,1.528890374794747
2189,0.4867158103915094,1.643771506050258
2190,0.46748569231588866,1.4870771036564725
2191,0.5177515638106077,1.170129156807094
2192,0.5151539618529163,1.448180183623601
2193,0.49798693761084845,2.073133535176805
2194,0.5000393309639496,3.741933318017756
2195,0.4814218262445579,3.017256521484227
2196,0.47578712834895237,2.893405074054755
2197,0.5092510774876308,3.307908543105264
2198,0.5212400671347831,2.0247350647611526
2199,0.4877417602585357,1.82105584688557
2200,0.5145677941516765,2.1543883895411073
2201,0.444696090753796,1.7898985650932904
2202,0.4931150437558739,2.609549600522495
2203,0.5567282131574687,2.0236748549544696
2204,0.45470059207342206,2.0135492341032304
2205,0.5304738329452219,1.5268304342205086
2206,0.4759784161465839,1.5444538193998985
2207,0.5477963170958954,1.898655599182092
2208,0.5194845731975963,1.3486171220112773
2209,0.4556758750989599,1.0725893644453253
2210,0.48868879762668055,1.3386137497077868
2211,0.4901768680915092,1.0131939886843118
2212,0.518648516205908,1.4000738957553234
2213,0.49968633316095595,1.6345685772525453
2214,0.5117712437527852,1.128757514999908
2215,0.48886017544755656,1.186296108856942
2216,0.478402942997738,1.0221253685580873
2217,0.4857375022855777,1.083250479790771
2218,0.48990171916276504,1.2160107337155388
2219,0.5211619705829805,1.1761741661331029
2220,0.5255550117168611,1.5838000450319456
2221,0.47260627237338465,1.3424486234350113
2222,0.5156813582170356,0.8889913182814144
2223,0.505854232218659,1.2920044035587497
2224,0.5149695783564188,1.096018148278727
2225,0.48900119251417884,0.7934724300810434
2226,0.494950028299128,0.8768255635372644
2227,0.5187835016296906,0.9472101400199445
2228,0.472536811840187,0.8220166922772972
2229,0.511382844841596,1.0202624792034187
2230,0.48468656331590076,1.2204001297071143
2231,0.5160391677930517,1.0712321956180832
2232,0.5126990311354109,1.1751710326926221
2233,0.5228083712383381,1.4596595000294805
2234,0.5003752264293652,3.4648710709173702
2235,0.48194222224568856,1.3650129472167747
2236,0.5312503813539894,1.398846203262366
2237,0.5226025604507298,1.1256347501162187
2238,0.4420559180593028,1.1310540611304125
2239,0.5087960547613866,1.047416811429181
2240,0.5191601452607553,0.9873173086388597
2241,0.5001696712762407,0.9365269674838168
2242,0.5083492288311708,1.1238237578892014
2243,0.4354746202820713,1.0769235312360004
2244,0.4878631254423012,1.2289549025517066
2245,0.45900537782502404,0.9955505080593442
2246,0.4681598405236179,1.4113384236409827
2247,0.5086969814254242,2.0526145575115984
2248,0.4781579062776658,1.3918099941559208
2249,0.48072430231038804,1.0992720277564039
2250,0.5063936490457035,1.187895750536502
2251,0.47359184096160445,1.1945770556486925
2252,0.49517605316291735,1.4624697461868952
2253,0.5158478904117658,1.2573646225975554
2254,0.4428876609478182,1.6357097805125043
2255,0.4599280125886491,1.183820357600462
2256,0.533328643122923,1.007489164477413
2257,0.49251558479753516,1.039450287240223
2258,0.4782894959727537,0.9351665458632904
2259,0.5019452424304,0.9639771603843541
2260,0.5472814492808963,1.0409905823689063
2261,0.5028037388347885,1.2323743058639822
2262,0.4757589003414784,1.579090403700338
2263,0.49147877675815693,1.1643222315797528
2264,0.4612214724415714,1.0600240687722142
2265,0.44749185963741783,0.8299289496199599
2266,0.4790915094533013,1.0738552172207139
2267,0.5342552818140938,1.0785258105657634
2268,0.47924497000222066,1.0607092467326562
2269,0.48850436696728455,1.2566269543564434
2270,0.47422894343589117,1.0920457955702996
2271,0.5135609785329949,1.077119060511728
2272,0.5150162502399926,1.1701652315056439
2273,0.46559714547638753,1.308854004133095
2274,0.5207509791966781,1.4260320860205344
2275,0.41348623274599466,1.244367756311176
2276,0.5032427753638296,1.1763260023107807
2277,0.4883839632700948,1.0840188687287489
2278,0.5644922210174856,0.9504291039068722
2279,0.5178239131436765,0.9466529054549134
2280,0.5183037669913283,0.9053677019563694
2281,0.435219276298597,1.2864688785330762
2282,0.4980875936526697,1.2871456643910084
2283,0.4690303110960618,1.0647725763830167
2284,0.5558738390218865,0.9015642352474545
2285,0.48944336870341626,0.8942426767164063
2286,0.4835816754878146,0.8553964837083539
2287,0.453653552289148,0.8220514898161286
2288,0.45912605987011806,0.8433123757538287
2289,0.5058344538929394,0.8325146054758609
2290,0.4912882719225096,0.802814515470301
2291,0.5325671266583563,0.8861293266120466
2292,0.49035969145089675,0.9551169507711836
2293,0.5128733078831608,0.993500720528723
2294,0.4968317862853263,1.0295893283723627
2295,0.5410433567843391,1.0672645291078438
2296,0.5025643179717573,0.9058297791527313
2297,0.4787657339017368,0.9645247534640784
2298,0.4760036208097217,1.092833594211097
2299,0.4994566993227283,0.9392781460169449
2300,0.5395828520210044,0.9713278690588127
2301,0.48489050205471446,1.0928648137351842
2302,0.4904509933249464,1.3024980506850679
2303,0.4667622284981811,1.5936952592099753
2304,0.505951071537814,1.4300978704563623
2305,0.5725179441924234,1.2428533191819793
2306,0.5013439956220608,1.918514263282702
2307,0.4620121150340849,1.3524380760285462
2308,0.4796025452104587,1.5726210590705132
2309,0.5102933923017632,2.273002045247161
2310,0.5418203918679246,1.5035010414216126
2311,0.44283975385925145,1.0852124939844445
2312,0.5260703089167771,1.1317419982650905
2313,0.5070158515161681,1.7022868753636924
2314,0.4925944831186128,1.6844324110781106
2315,0.5100264384329898,1.5123784067561326
2316,0.514289149381582,1.5105541047540683
2317,0.5176927256352694,1.2901769199417632
2318,0.5177358487277355,1.449666494304694
2319,0.5011074728178746,1.5591720799797948
2320,0.5162615608243109,1.6126709192701913
2321,0.45903247594833374,1.9022588961332747
2322,0.4882355222424257,1.8109426087546117
2323,0.5000125922045662,2.505310949769992
2324,0.46212274197814535,2.2735041455157754
2325,0.4959696366370303,2.295827510866147
2326,0.47195598078005524,3.8897937316338993
2327,0.503103720331655,4.22037013352496
2328,0.45881387967507814,1.7269509567797763
2329,0.48301145579051047,1.2578082472375296
2330,0.48333299912295297,1.406675257729095
2331,0.49087713181393816,1.4973229135124428
2332,0.4941401481628418,1.6501176264679547
2333,0.48646177076598973,1.296090183327499
2334,0.5092278470113439,1.375409177206095
2335,0.48221084909531675,1.4784482682792885
2336,0.4399332832364203,1.9735354561250187
2337,0.4773332551845069,1.6370314458041515
2338,0.5292110755605605,1.4799323087757073
2339,0.4582646413914208,1.4065397804223219
2340,0.5360430134731589,1.2517443756455358
2341,0.5329664123868479,1.6483417662602027
2342,0.41565775234722396,2.5977935067658287
2343,0.4575848949765696,2.641309401942688
2344,0.4884896700822034,2.4087863500835827
2345,0.499284961848583,2.0206323185013337
2346,0.4932462839246954,2.175499921284833
2347,0.5427077508088455,1.6856870755408575
2348,0.5318592960394702,1.5226628861381013
2349,0.4958359723530927,1.3304501708271435
2350,0.4793109494505577,1.266730181221823
2351,0.5038772297715678,1.6912705805695172
2352,0.49251626359606254,1.1772539164256124
2353,0.48630750757976643,2.3826492585024788
2354,0.4887689898893671,1.8493676341853096
2355,0.5072109386758897,2.6588342201362534
2356,0.4810684358032004,1.5472735646858955
2357,0.4699447301116962,1.7720071864359588
2358,0.4977188312891618,2.0292376002061716
2359,0.4773453630289985,1.9515616592851657
2360,0.47501440476445317,2.365753753671368
2361,0.49971505001331995,1.841304740280781
2362,0.5115763056046755,2.099737511097806
2363,0.5066072396861697,3.0017081076659045
2364,0.4458526980529711,2.076039302696302
2365,0.4907281589739531,3.0236789734618177
2366,0.4877829071387504,2.9334907375493096
2367,0.47046518094331313,2.449232081186424
2368,0.567844146085017,3.0527280042472396
2369,0.5201415367496823,2.385178890621778
2370,0.4567188465768851,2.2344611929458322
2371,0.48585569352200886,1.4947631393821494
2372,0.48325608019689914,1.4859893512957305
2373,0.5152291603458737,1.9790528908516596
2374,0.50444897691023,1.8775935103592363
2375,0.49950254657893506,2.3627665054450913
2376,0.5431557396083202,2.1963161201152985
2377,0.5334572291489944,2.0128552850010326
2378,0.520991161176302,2.729503415163281
2379,0.5624204668605212,1.988725434229212
2380,0.5390805500803642,2.0150926958010036
2381,0.5498654691918382,3.4492042492894295
2382,0.5489021099886848,3.146851857889046
2383,0.5257619225863114,2.6141328776924357
2384,0.5095049877768582,2.284657670456229
2385,0.4869964406328294,1.93477647628599
2386,0.4963112956690557,1.647256500512651
2387,0.5231585424501919,1.3309402164903659
2388,0.4693196826768153,1.33559602383271
2389,0.4929510707994109,1.0372160499535719
2390,0.5505901725546828,0.9812254552702302
2391,0.4881335271214976,1.1524568188537672
2392,0.47917755599160794,1.057755433818669
2393,0.4824046209020522,1.086786006260844
2394,0.47660677525603656,1.5885212369335509
2395,0.5023392534371719,1.4120560184265802
2396,0.4924721249098917,1.1297196502824431
2397,0.519650088930593,0.9941678024032741
2398,0.4504305268954305,1.4044278732781272
2399,0.4572934398373354,1.7285595709837756
2400,0.5025381920407119,1.1961378703996972
2401,0.45145634800485035,1.46208683726857
2402,0.5018623581210386,1.1263899698998163
2403,0.4881630788729029,1.4141637775504474
2404,0.46146345630432795,1.1687211104967061
2405,0.48146909446392244,1.4204031315822045
2406,0.49100614462083986,1.219959628813475
2407,0.4743091232568315,1.1481874313169314
2408,0.5029378640420229,1.1676349223238751
2409,0.4886622029600792,1.052166507082078
2410,0.4679388742423752,1.1254444602623725
2411,0.5015471424292592,1.558551974088243
2412,0.45467314963201877,1.0885989509739922
2413,0.5121137424580102,1.0864502151035569
2414,0.46612847545771924,1.06039465226016
2415,0.5283840223423486,1.0229150294100198
2416,0.4528639403361719,1.2704533512152514
2417,0.49003345005720567,1.0163225438988324
2418,0.4982590553829971,1.367168033585965
2419,0.48321190505351835,0.8897888423169701
2420,0.4804310138943126,0.9887910687807694
2421,0.46285224192350816,1.125497061072044
2422,0.48424560410305134,0.9250266546184577
2423,0.46857047659679524,0.8360143703164407
2424,0.5024905852901126,1.2035380312539998
2425,0.5011874691953937,1.3072457747552002
2426,0.45430606892965375,1.609929958593498
2427,0.4325100090897199,1.7142704395414556
2428,0.4891380566416435,1.4372231769330293
2429,0.470698214416365,2.2421069313021538
2430,0.5305009455356783,2.2923484409897075
2431,0.456195119515206,2.004313566152332
2432,0.4475374771553336,2.2898963770820098
2433,0.47428807674102413,2.3712736512850787
2434,0.4679627163896283,1.6911302127884429
2435,0.5062951162023451,2.1319181027921656
2436,0.4931700380103102,2.212332127742397
2437,0.5150292941088815,1.3580375660970374
2438,0.484606056537443,1.6019789952676273
2439,0.4902198308879889,1.9559430711477706
2440,0.48158344669828135,1.857735555148819
2441,0.5545351997162532,1.8882844095091218
2442,0.525796637951749,1.7189829696729346
2443,0.5113457742246609,1.3871567480772444
2444,0.49959932976556054,1.2588427205687587
2445,0.48623085427052765,1.8177371082954037
2446,0.49156353109091233,1.3551620806305154
2447,0.5569039901483406,1.3715103748932624
2448,0.4714413719269836,1.1095307174238187
2449,0.5192455660949633,0.9933224094724192
2450,0.46878063042186996,0.9099587300448742
2451,0.4957934021949768,0.7316864757861906
2452,0.5409912116897916,0.9474813666158509
2453,0.47509134625925603,1.011357208478798
2454,0.4808674454689026,0.97172659751281
2455,0.5151933159643006,0.887133263268517
2456,0.498269791741973,0.9861451155931047
2457,0.48954560687241044,0.8962046133661733
2458,0.4639314308907222,0.9445737582965962
2459,0.48961976373079913,0.7956295765719368
2460,0.5269368493441239,0.7887138654884783
2461,0.5346186218909847,0.798191627831135
2462,0.5023322189317166,0.8586315026561033
2463,0.5173585918343183,0.9757732228168006
2464,0.4889916268367212,1.2026599894449548
2465,0.4901459555602768,1.441596007462844
2466,0.5374242640236049,1.1947517371872096
2467,0.5035770494961044,1.946149792486024
2468,0.4695187749214543,1.2566574534166206
2469,0.4405765394562656,1.399630264171119
2470,0.5392696521814587,0.9487892001577951
2471,0.45948450368584937,0.972722598649923
2472,0.4813866921998922,0.9911018858835535
2473,0.5455998396410525,1.2769759413108086
2474,0.4820175344504199,1.1577564553149695
2475,0.45114932708369876,2.2265653535000327
2476,0.4251165777734182,1.2132773098436374
2477,0.5336132336010053,1.5218524035898227
2478,0.43196279504924145,1.8246138176871736
2479,0.47196047514387707,2.180498200712852
2480,0.5182409471678502,1.6486429745711169
2481,0.5796435585299742,1.2380318728465478
2482,0.5077796607341581,1.024811926975991
2483,0.5112549182280753,1.0100674982209807
2484,0.4945773320290649,0.974356346338698
2485,0.5335716761431648,1.3152848800409187
2486,0.5479051742738891,1.1634484992443936
2487,0.5000160556395077,1.205167428382392
2488,0.48892414425183267,1.4126373581515932
2489,0.49171255861671226,1.1222152814124395
2490,0.46704211744289953,0.9995493229153087
2491,0.4858050705159752,1.337246817871205
2492,0.44853866216048455,1.2939173353528513
2493,0.45778210591344,1.0495922108298366
2494,0.4910887595519279,1.0986593979076273
2495,0.5479275537926016,1.1468023073326037
2496,0.4913060775080931,1.3293575517182212
2497,0.5002122721047078,1.302000966465589
2498,0.4523025597762136,1.150902280529726
2499,0.5482633513154336,1.146033052101876
2500,0.5124915476562908,1.4820970516760372
2501,0.46712261380501163,2.407117973253565
2502,0.49922354938914476,1.6634461821861637
2503,0.4925043947488359,1.8069722635074728
2504,0.46284798048074965,1.7506731476598574
2505,0.4881990129507861,1.9145932978796727
2506,0.4283683774540725,1.527165155966305
2507,0.5562300925115937,1.446592485441745
2508,0.48868068965893346,1.2915195857436912
2509,0.5725780829642583,1.6035975611325606
2510,0.48491713607195513,1.2940909503733071
2511,0.5044056307343603,1.8115701785365355
2512,0.483357905184181,1.5261137335045825
2513,0.49342815592451,1.3310662288110233
2514,0.5057753110394895,1.7692398932373639
2515,0.415283022864351,1.459507089795418
2516,0.45039557716221484,1.2487562264053567
2517,0.4984335042897937,1.055445680340517
2518,0.4545274411590354,1.399930390918139
2519,0.4727818387225994,0.8901472843966438
2520,0.434608997071831,1.138083541277543
2521,0.5150061403084727,1.2496198745607172
2522,0.4998685526616365,1.0379664683804928
2523,0.567413068512111,1.2394875149125035
2524,0.4580002120397623,1.0689926957621159
2525,0.44233284557907326,1.3669447887291029
2526,0.47495269486047687,1.2032272780983193
2527,0.4849026961234009,1.073796488706348
2528,0.41803300843655483,1.0487523298819088
2529,0.539957308074803,1.2148257783315715
2530,0.4987646118529792,1.2985831070872187
2531,0.5118828381149514,1.2037645763563878
2532,0.5153609629973624,1.3287540014507702
2533,0.4920699061120598,1.366472038250525
2534,0.4291687331442694,1.1521927384496893
2535,0.46181023265551596,1.0179845088893928
2536,0.460532753212938,1.188912782854247
2537,0.4644642368103694,1.308829155940454
2538,0.5017883737110397,1.564605050873988
2539,0.5381711249791302,1.452655288200934
2540,0.5417975465070854,1.1738630052909111
2541,0.5261474442713469,1.6300698848603998
2542,0.4393118631492541,1.5067588762172217
2543,0.44569356580382413,1.0165980174703506
2544,0.46280570169097013,1.2547099283598002
2545,0.5120992157065752,1.0371548707045397
2546,0.5076582871594475,1.0119969005723601
2547,0.4398697993709046,1.0425962464323322
2548,0.4879650033793403,1.069277759894584
2549,0.44738814842353747,1.0549280053203545
2550,0.49807891567933904,1.2571534340821424
2551,0.4838184222434331,1.1119522845860823
2552,0.5386613809946671,1.0987722335509884
2553,0.46749701546233835,1.083397339269953
2554,0.5165814033989767,1.1352401983390734
2555,0.4615576215160703,1.2579120061929943
2556,0.509413764314744,0.8876195532604328
2557,0.4520677860500743,0.9143790423291401
2558,0.4239028816662946,0.8746370401197266
2559,0.4343484327631089,1.0110848933747671
2560,0.44481204667137664,0.9090367144751317
2561,0.4385523182674519,0.9303305976599165
2562,0.48204994606740265,0.8855944837181313
2563,0.5383957277223902,1.3695234019779465
2564,0.47472193432085724,1.4012817208049366
2565,0.4556585182842699,1.2538095157123306
2566,0.4892511369244566,1.2592354075422565
2567,0.46096841802874816,1.1820879023051956
2568,0.5106737790177169,1.1980539583465428
2569,0.49189547485518226,1.1251211235824141
2570,0.5011038612393499,1.1126534093930884
2571,0.5041673999388241,1.412507122002759
2572,0.5218639402713591,1.310720358080077
2573,0.48516315771538077,1.2254534450549524
2574,0.47030899015445154,1.1667775656413106
2575,0.48304058481188655,1.177151520854061
2576,0.4553030434164029,1.0406415566657354
2577,0.42613085178495613,1.0231500800373485
2578,0.49938119499428757,1.0480126130928114
2579,0.537552093996585,1.115443075744851
2580,0.49444459479989356,1.0524647953440842
2581,0.5530582840002857,0.901833316076149
2582,0.459774672406391,1.181297878617222
2583,0.5059402527161014,1.4099655828429658
2584,0.5071625657451962,1.2903301414934176
2585,0.5065509520688103,1.3549914059129733
2586,0.4802573508429296,1.282415296846223
2587,0.5090319925141567,1.3183464604674033
2588,0.4875565738353914,0.9590352281783391
2589,0.4992103589680588,1.0512435216348148
2590,0.5384949347347889,1.024682690217657
2591,0.5180247061460921,0.887306696581609
2592,0.4396196088744599,1.193438524760089
2593,0.49765385152066793,1.138466760950181
2594,0.4650109057287568,1.1120776898652605
2595,0.4835013692240113,1.591537505098917
2596,0.5182212660613569,1.223158107220548
2597,0.5022341990933835,1.0859231578493582
2598,0.4302971085298409,1.6562288328281884
2599,0.5930311888167001,1.611216776579329
2600,0.4698809040981589,1.7820058621249153
2601,0.5139091500958193,1.3021127402203754
2602,0.5268629314830002,1.3267392845987116
2603,0.4422949132988754,1.3077829121385964
2604,0.49653000102459804,1.3559941527912918
2605,0.4794531413941707,1.101430274907825
2606,0.47957165872009055,3.0867380169988836
2607,0.561072930259612,2.191015934481204
2608,0.5366862248448492,1.7760671417690017
2609,0.5684610992959402,2.3796948026684883
2610,0.48865637848678145,1.667177406329553
2611,0.5133653462511821,3.2749776238376653
2612,0.5004593151286968,2.518277947185109
2613,0.5871269459863311,2.2047678110668962
2614,0.4803732374628771,1.952052561982164
2615,0.46464243328687055,1.720207578927568
2616,0.5273624215889903,1.9897795614686984
2617,0.5053851387454468,2.0656658787171818
2618,0.48321732155327657,1.5395174790354609
2619,0.4908605252654807,1.4807341885798186
2620,0.4856588604670126,1.4915122708070625
2621,0.5142598875517984,2.285499592429226
2622,0.47889514166174585,1.5610793059312025
2623,0.52816704407479,2.130821727433251
2624,0.5363444529690788,1.7243671538760361
2625,0.4791652924806169,1.3983083141660226
2626,0.4579022277906103,1.5759394064690302
2627,0.5014947294031532,1.962161844216504
2628,0.49073886408389195,1.7993105586292675
2629,0.49509466793930645,1.2688807422674975
2630,0.4611212923688796,1.3441551726998635
2631,0.45553573792420543,1.420053248266572
2632,0.45828369809585867,1.3563920473589481
2633,0.4755517141622247,1.2161024467459003
2634,0.4880238571791973,1.5435639718203868
2635,0.4619624718879033,1.5036722259614075
2636,0.49305744425764364,1.9516374740785765
2637,0.521306150746577,2.418347296205539
2638,0.5127755339863231,1.856303848109199
2639,0.4725857521723775,1.8679127924650618
2640,0.5239128250520206,1.477520710056268
2641,0.4685982830316118,1.5423668055858426
2642,0.4767451257381624,1.673088505430129
2643,0.5305012522391903,1.6205894246842096
2644,0.5348260564711488,2.1875848399782645
2645,0.5257591506809864,2.0803913566672687
2646,0.4998085874955631,1.53499385917071
2647,0.5396602827947117,1.7977849192989683
2648,0.5193234384059906,1.7665866966386443
2649,0.5417152562187714,1.9203228776894727
2650,0.4842146797087586,1.7425901612031807
2651,0.5518406241842844,1.4878505584105706
2652,0.5213547476287027,2.243384269834722
2653,0.49464185608243477,2.5182369125699533
2654,0.5854395399394544,2.9628015623509305
2655,0.5594930174281296,1.4592909407847137
2656,0.4964274746700398,1.575277778708819
2657,0.49295630298771903,3.741229893513096
2658,0.4894019932422823,2.774744425583812
2659,0.5061448763296442,1.9902657976428282
2660,0.48028897197501175,1.7211613163207342
2661,0.45978072314586454,1.674323613203845
2662,0.49487847784190503,1.5774289757302664
2663,0.4991722734807764,1.8641711606562716
2664,0.5317712504308201,1.475674020433889
2665,0.48322345822760204,1.8431477494610167
2666,0.49316225757876647,1.4167610985561483
2667,0.5167277571067069,1.4559471404668196
2668,0.5012051541249729,1.4534945979859064
2669,0.49404887898454386,1.2422001228749173
2670,0.46050434263007156,1.1631815931172047
2671,0.46381345998893664,1.1902135685809607
2672,0.47286918498937364,1.3086426616872397
2673,0.5054759070711229,1.737918329470366
2674,0.4964324160686974,1.3536655098489188
2675,0.47622591662175445,1.3836103897650265
2676,0.47038797209563765,1.5482778664931511
2677,0.46330595247953843,1.5640959988519982
2678,0.4641171259787476,2.0862078423638946
2679,0.4489115331936808,1.959138301969732
2680,0.486109129433493,1.7553247039757887
2681,0.42377096588171803,1.5522704529530793
2682,0.45907601222251226,1.7831250272908257
2683,0.5026355478370074,1.254435937381485
2684,0.4814042914839624,1.5694683691830311
2685,0.530555699056792,1.3377600890918844
2686,0.4570277677577676,1.0793247425440446
2687,0.4820023931345893,1.196555247005907
2688,0.5204979736828109,1.2281938565587533
2689,0.49037580495899163,1.179390558340017
2690,0.4763801745998049,1.1226285331457564
2691,0.46385302069117723,1.005744264542478
2692,0.46532638732669424,0.9402138058421681
2693,0.46037746285929265,0.9602466399229846
2694,0.46925845481817,0.9798131527252567
2695,0.45586653531176374,1.0976352720584683
2696,0.45243515783143273,1.08177482329526
2697,0.47230728737358907,1.1595400299840761
2698,0.45564564541705604,1.267880718106205
2699,0.4274467300732159,1.0875043064645193
2700,0.48633887929823794,1.5194774015435895
2701,0.44943685323289295,1.3900808234816615
2702,0.4498499646348861,1.1054721839219621
2703,0.5358463936639064,0.9879741738143476
2704,0.4372205450696853,0.9442611718640744
2705,0.4723554858304922,0.9442695882713911
2706,0.5580378322346696,0.9264411312862507
2707,0.4886848486742927,0.7616510674791429
2708,0.4532594518754089,0.7978793961330525
2709,0.469953332711192,1.1606743439887335
2710,0.504945312310191,1.0420817356665157
2711,0.5098895673612946,1.0470018328972233
2712,0.462707438515228,1.4511666170601707
2713,0.48089501001302476,2.0041053943263676
2714,0.4870983830933432,1.347889267125176
2715,0.4950294057721073,1.983850721016671
2716,0.4749717787631507,1.7408292305122302
2717,0.4910406154914967,2.329942262867122
2718,0.47653149950851514,1.8561815735205864
2719,0.47888575479822254,1.7975711197529025
2720,0.45861447031058156,1.6103507037301665
2721,0.4890810251235962,1.7528245483787315
2722,0.4550421411551318,1.286352997844659
2723,0.512971002500034,1.1354154602995197
2724,0.520906533431081,1.645052334058632
2725,0.4722717771831068,1.4477987578771647
2726,0.47587903726448133,1.337812453219034
2727,0.540514106310687,1.5433805989987641
2728,0.48071687545591185,1.731257763302442
2729,0.439790382547286,1.7946733386771192
2730,0.4434039858938421,1.641078229668071
2731,0.4585776369548538,1.6501540616878028
2732,0.5342299748682281,1.8414763200630262
2733,0.49800751510175684,1.0031429043093931
2734,0.47389813534264424,1.3493920055407922
2735,0.47685718536376953,1.1613884157347447
2736,0.5276184093604968,1.0952316997120681
2737,0.5368777825994399,1.1564124973074903
2738,0.42973295722192933,1.4028805795225125
2739,0.5099069424045896,1.5228541811693062
2740,0.4986633224394715,1.102874548111147
2741,0.48622285191295217,1.975184832383128
2742,0.4184462465707538,1.6609842592072719
2743,0.5394181209860496,1.2111065196759492
2744,0.502177276657623,1.0385967932858513
2745,0.495236828489211,1.0219939721440805
2746,0.4893428926329011,1.1760000760115465
2747,0.5188408684962004,1.022224855654448
2748,0.5252793865296447,1.349967797404354
2749,0.412347027543679,1.332783930509993
2750,0.4408555612402055,1.1106252317289704
2751,0.5023879745920885,1.2547258092361746
2752,0.5767996473219789,0.9919105820285464
2753,0.5167830945218651,0.9668508224116946
2754,0.4862755444443342,1.050182418915832
2755,0.5135471392603754,0.874606210051231
2756,0.44897809827211993,0.9830707693562925
2757,0.509549924181503,1.2121662919961134
2758,0.46308231585234116,1.1238629470751123
2759,0.4564860788653198,1.0904565632921979
2760,0.4650211415244538,0.9919667892085696
2761,0.5100965598254528,0.8626932328187146
2762,0.4609080755594865,0.8993746383676251
2763,0.4873189836451151,0.8481699534990255
2764,0.5018616613832493,0.7378667604576037
2765,0.4568586259790995,0.7696630445498864
2766,0.5382721562987393,0.8937153561601361
2767,0.5231651941549431,1.0423484114767279
2768,0.507697483289589,1.2857367483157556
2769,0.49877259684997854,1.4316075600466682
2770,0.46913719350851857,1.4375215404241988
2771,0.4811758595762901,1.2137477970817714
2772,0.5451322655075962,1.3025501185250514
2773,0.5430268211272157,1.4802305218085503
2774,0.49576875827844863,1.1643170581280606
2775,0.48947017979853363,1.8163478542300104
2776,0.4683324156455623,1.7385560169960688
2777,0.4868222767288245,2.9062909130911225
2778,0.5122173370666874,1.452743541268469
2779,0.5401066113444208,1.922322753563668
2780,0.49450283172061144,1.292830354959062
2781,0.44805489871108417,1.4860470821556535
2782,0.5200490303409909,1.1033117840590987
2783,0.5311653174242927,1.4625856054639352
2784,0.4937337874208839,1.3990580294896098
2785,0.4682525338478459,1.1570472184894154
2786,0.546742829304297,1.3324189996256413
2787,0.47822806962485453,1.2318643395183155
2788,0.47987803787861055,1.2060041867413567
2789,0.4828876910857784,1.2397549244964008
2790,0.4821999214806603,1.627044429478136
2791,0.4530587092186641,1.6819091369804826
2792,0.5067234062454076,1.414841254937996
2793,0.5005969891270388,1.21518532570126
2794,0.5297077234508922,1.3743700414027982
2795,0.48018982832871593,1.2737337003633813
2796,0.49964288368965815,1.6359651731055918
2797,0.5624094611232721,1.9307244541575608
2798,0.4940188307206608,1.473550147223241
2799,0.4868016891109133,1.4941231851438874
2800,0.4562834171415533,1.2662122336406152
2801,0.5368473888600914,1.3155219549114265
2802,0.4305665163160528,1.147260547262951
2803,0.48652404662474846,1.1792951816494026
2804,0.5331959061830946,1.0731885971374882
2805,0.47556644678115845,1.089497996765433
2806,0.47404355389400593,1.1839122789577372
2807,0.514757955537259,1.3483197145091677
2808,0.518140629078578,1.2974218980779926
2809,0.474825553523684,1.2553766971652947
2810,0.48577080131734457,1.2724880078463878
2811,0.48038529481702635,1.4143960470134773
2812,0.4935401113866602,1.4865960212587153
2813,0.4803649401201785,1.34439218044281
2814,0.487473519103041,1.5604229766188316
2815,0.5134908828920531,1.6335996209996417
2816,0.49842437899228437,1.5793756026666141
2817,0.48658787220427135,1.4505134988757014
2818,0.5021169961077495,1.8680808376340032
2819,0.5106459265773736,1.8642521581603486
2820,0.5445495179845291,1.6963351826065953
2821,0.4864898109898984,1.6468725586400448
2822,0.4457204001910478,1.8772391769492511
2823,0.48511798260281386,2.886206147161502
2824,0.47718688295882883,2.178456147897591
2825,0.451728434238619,1.6935254196518834
2826,0.49410640556835433,1.584511777729664
2827,0.5115629093160907,1.836864327342765
2828,0.4310456745832869,2.3714620146936585
2829,0.5028559895395075,2.044726217256009
2830,0.5356081133907281,1.7501207399136811
2831,0.5234410797508018,2.9862627485423414
2832,0.5212674285601644,2.467128133889541
2833,0.4949316651497072,1.6298817407737658
2834,0.5102351929956269,2.495428512397322
2835,0.43918386796145764,1.630320663591033
2836,0.46735725240799986,1.7127093678539238
2837,0.4561087477554395,1.944336424174818
2838,0.46724714584720944,1.470126671119801
2839,0.5203214669690549,1.7521591319621188
2840,0.5331187184574535,1.5229119143439729
2841,0.4879184631468023,2.0560767071918375
2842,0.48397252860578516,1.5772062522693746
2843,0.48003267460656396,1.5447847796875296
2844,0.4422314855658892,1.7679751503814771
2845,0.4917024168574694,1.651141142382205
2846,0.46536035097918466,2.2033604215649727
2847,0.4956848667663278,1.3462466013084338
2848,0.4956153431563701,1.429772341714322
2849,0.530820392289208,1.147309431751955
2850,0.4675081499571939,1.0739039657185379
2851,0.494393941846866,0.9200486129927403
2852,0.4948422781472067,1.002237311266001
2853,0.5101760359643732,1.0380084595633943
2854,0.5101990346769685,0.93788727741797
2855,0.5049916175962652,1.1391273436037082
2856,0.47253429397795965,1.1593077651505332
2857,0.48096755146980286,1.341026372122533
2858,0.5026777019199816,0.9801284439355424
2859,0.5230395018475728,1.0814543852528322
2860,0.5250467478650288,1.0616497449504518
2861,0.4769662931127456,0.9573046628711293
2862,0.4712115178987818,0.9451243541773083
2863,0.5330788235641221,0.867254687165751
2864,0.5208227880371427,1.0186795667537207
2865,0.4998702742521045,1.1087657514127713
2866,0.4888522567100895,1.1377007006441506
2867,0.5448450637095182,1.0022374750341025
2868,0.5186688228718286,1.5210607555306073
2869,0.5447608799610323,1.381901213845003
2870,0.4723998423918937,1.4777210221707242
2871,0.4704528465433028,1.7587735288351485
2872,0.47952008565652715,1.7700471357234473
2873,0.536351965758407,1.603390755583939
2874,0.4531865467145605,1.4167801205394337
2875,0.4536980106992629,1.9055821143307732
2876,0.509761050488185,1.4634163524340658
2877,0.4644067136986742,1.033890313893846
2878,0.4983075359492626,1.6785765961535926
2879,0.5076225324741845,1.8687849912828611
2880,0.5066128002787099,1.7669730255904708
2881,0.5324307900030636,1.137046389209414
2882,0.5001980031578286,0.9677687113724865
2883,0.5109617559655198,1.2959441201200763
2884,0.4918532782387965,1.0689667862595864
2885,0.46657987763580766,0.9428559923634946
2886,0.5096285030679796,0.8015134762791754
2887,0.5250080116454837,0.7435631595768974
2888,0.46501863465725796,0.7170106971148148
2889,0.49473506038628734,0.7274707723589777
2890,0.5389230071919636,0.8026200417176034
2891,0.4806595982857121,0.9215469973758587
2892,0.4383135160196175,0.9272680942294667
2893,0.43866672099215315,0.9259003215623134
2894,0.4688809006248863,0.8636942783605706
2895,0.45744340280884677,1.1518491645461146
2896,0.47859854692394294,1.0347486531850203
2897,0.5393205834823904,1.0563680199743475
2898,0.4955589186798022,1.2533498111280423
2899,0.556249178729011,1.1309939246733212
2900,0.48725065212805296,1.118560119740014
2901,0.44683062017542646,1.2208318137428136
2902,0.4217526241413598,1.5090187053078588
2903,0.46301413392557683,1.0546823271269936
2904,0.5179158564910148,1.801087516025432
2905,0.48956898230950807,1.2950376231693528
2906,0.4612253302509345,1.4061079279890338
2907,0.5778783264669399,1.5436861457176578
2908,0.5197058898731343,2.2241072243857154
2909,0.47405446096531395,1.881402908598335
2910,0.48788486204101045,2.4799995057791184
2911,0.5172329382989013,2.51388614212425
2912,0.48673903363422283,1.9070948084581245
2913,0.4792183805437921,1.4860208989347068
2914,0.47114510154261174,1.3765689672775638
2915,0.5161355635494862,1.457135052935591
2916,0.49913866543075414,1.4437977908884438
2917,0.48119385844295465,1.421710130659122
2918,0.49504116437967544,1.3298695127940872
2919,0.4813194975112248,1.1156152463653712
2920,0.5170735852810943,1.7576080925256303
2921,0.4421053025328997,1.5559899239864163
2922,0.5060595736920255,1.5182392840246552
2923,0.48895373448584845,1.4002628592611517
2924,0.526018730066355,1.4404156236972623
2925,0.4770223666163324,1.5934428919866248
2926,0.4784758351381543,1.8571710899038223
2927,0.5297071754353718,1.6973486704733765
2928,0.44939224754722373,1.3117032855459787
2929,0.4801269243064436,1.4020161136840155
2930,0.41714323492883476,1.7406643102469954
2931,0.5619908044639143,1.5122391367421566
2932,0.46369671387579836,1.9706375263269664
2933,0.4399597934148844,2.1750910774018
2934,0.4629582059614867,1.518148868408018
2935,0.4562339290831853,1.598167143400433
2936,0.4839123927273797,1.1568433156291258
2937,0.4166340845302471,1.2807808252214228
2938,0.4828091570474569,1.9095830737965778
2939,0.4955978509291862,1.8803344224263163
2940,0.5036162815047699,1.4474493965361883
2941,0.48675456672038847,1.4432438993916927
2942,0.565567803035662,1.1977353628399303
2943,0.5581508552275815,1.43057347906446
2944,0.48199068805546436,1.2517293361784185
2945,0.4942033432641076,1.1922686626610246
2946,0.49657771092595404,1.1450012621370333
2947,0.49523044066521726,1.271943491060757
2948,0.5320910545228754,1.3907093515673887
2949,0.47601250132310735,1.419949580164789
2950,0.45321773932975473,1.7189682189700672
2951,0.5266029979418783,1.23693134599519
2952,0.496508123805222,2.138589702763604
2953,0.5157613401274079,1.567675963767524
2954,0.5039202148474536,1.375415256879862
2955,0.5003057590966086,1.3091984616899954
2956,0.5246520053993151,1.2688373628171903
2957,0.4818830669504925,1.0595797925319486
2958,0.46713374135563673,1.0856538038809322
2959,0.46394875443097455,1.1160241602693948
2960,0.45719956020707064,1.2327912878064275
2961,0.46688769772214794,1.2428736999196914
2962,0.4889524723719625,1.523967643385952
2963,0.5022237115693324,1.4443689764124676
2964,0.5559138337385308,1.3659566473034979
2965,0.5157033714275916,1.470318236397308
2966,0.46240936957516715,1.4686647775103745
2967,0.5300166537460772,1.2668890466967833
2968,0.4343606418776281,1.4677088787254777
2969,0.4658662025789613,1.8228006189309278
2970,0.4163646836882656,1.4838628930952942
2971,0.46797842076681195,1.422661105405937
2972,0.4913810741843529,1.6520340280625427
2973,0.4287501104827066,1.5571959886736082
2974,0.4874014067418367,1.3394405864974828
2975,0.4700159152734627,1.3392042731775822
2976,0.4529924051275531,1.4551400061949944
2977,0.5437807377102306,2.6842955449252455
2978,0.4672293781655506,3.190882557225459
2979,0.5167390466893761,2.438123450117204
2980,0.4762440792565207,2.534397768164144
2981,0.5637031220695348,1.8213524436487736
2982,0.5226540536556429,1.9888451440820416
2983,0.49278664820402573,2.8605873069716887
2984,0.4810663635290942,1.7343565445501827
2985,0.5093560493686824,1.979755420129276
2986,0.45559333250360584,1.7911537787289296
2987,0.5347517832968999,1.907376333347802
2988,0.5183357995690652,1.4467822822552283
2989,0.4844836497191087,1.7385497301527597
2990,0.4202678547900857,1.4756125547353505
2991,0.4814221743241097,1.2683459462471378
2992,0.5051657577741493,1.2952533150182186
2993,0.4863650648339281,1.5283524961147494
2994,0.4953150619002222,1.4234761092269306
2995,0.42964615897067543,1.4018902853854651
2996,0.5220231147645746,1.5349884536659832
2997,0.4683869052859186,1.0712020958511574
2998,0.43666356512643756,1.0240468475425129
2999,0.4318820476821325,1.20508531864407
3000,0.4294975923681722,1.5226614932412084
3001,0.48631256703034187,0.9953899534003249
3002,0.4412056907866765,0.9640470812621625
3003,0.4930662078764832,1.2523688992250313
3004,0.4808553491981284,1.1946418406893906
3005,0.4861566140813735,1.1226185809061364
3006,0.43671446344227466,1.129490951889927
3007,0.43915952062143865,1.124630963339389
3008,0.49292660251404474,1.2271186148078697
3009,0.49872964736327385,1.1138014793395996
3010,0.47140977857182326,0.9490460186328703
3011,0.438438991319786,0.9576143350416016
3012,0.4664930955877582,1.130239495374624
3013,0.4803430357025665,0.867869518914269
3014,0.48004248304274477,0.9752400910970077
3015,0.4381684377355483,0.867502474090428
3016,0.4312260014918244,0.7707121945121913
3017,0.4178708832240799,0.8083487957426645
3018,0.45375561309092255,0.7074510918080228
3019,0.5322779445972258,0.7296803234850319
3020,0.5369954427469124,0.725288545622409
3021,0.45570970160289875,0.6982272458307951
3022,0.47973905199939765,0.7682112860448153
3023,0.5144730001977347,0.8552641978541624
3024,0.39576368077287394,0.807696751599173
3025,0.5046191044802805,0.8437513917395212
3026,0.5172603954967944,0.8280176931214565
3027,0.5225842085856836,0.827541429440952
3028,0.44295744554510397,0.8266211586091124
3029,0.5326194248153168,0.8774502676667519
3030,0.47012506758125083,0.8541194379908367
3031,0.4935683787447735,0.8001875246612771
3032,0.46388274170819993,0.7910414071916376
3033,0.45961409922942376,0.827009758324299
3034,0.5267099651318152,0.7754397230240905
3035,0.4609746446887266,0.6855981708730309
3036,0.5095879386350947,0.7506667288761695
3037,0.4778216018260104,0.7720316139239709
3038,0.44421468081983545,0.7995543109560476
3039,0.466469389142342,0.7787310996101898
3040,0.4675409831468341,0.8100164677332906
3041,0.4645984835416368,0.79635817969887
3042,0.5128346970937785,0.8382119692645027
3043,0.5161486904597977,0.8589977766703634
3044,0.4018780299760763,0.8629627210422627
3045,0.48188403104115457,0.857899474287496
3046,0.5121031658163349,0.7559726678051994
3047,0.4354040026664734,0.7763375882963532
3048,0.4854870837868996,0.8417516755826265
3049,0.48750959727370624,0.7441592025525362
3050,0.4860012213003288,0.8356456305216817
3051,0.5090283780422026,0.734461131026444
3052,0.5259163773175582,0.8343399630009549
3053,0.44870799201206096,0.9177061805447329
3054,0.4972714608155408,1.0236379116484262
3055,0.4815807747609407,1.1357852498304497
3056,0.5003636130719509,0.8476529416528721
3057,0.5577494444198978,1.0327258243144137
3058,0.4934285202072662,1.2932426431804027
3059,0.5181286549105227,1.2356879063022947
3060,0.449875326411238,1.1296962551700258
3061,0.46022354485919176,0.9889777522642635
3062,0.49817898146157125,1.4862565658624889
3063,0.5264329476263917,1.2423394698541141
3064,0.5167737250189179,1.2050449807667039
3065,0.4707198883723287,1.1114374908428748
3066,0.45030822539792476,1.2194264612151582
3067,0.4779899502263486,1.231890181893284
3068,0.4640186751641116,1.066538339100995
3069,0.475080344283465,1.1742810497006166
3070,0.4491457913107085,1.1210081855070244
3071,0.5195127589610017,1.7198379699466297
3072,0.42183958066319954,1.3075365227402993
3073,0.45041582972100636,1.2970199822222146
3074,0.49274685573809357,1.5865866333535574
3075,0.5357092966153784,1.0369402442163633
3076,0.48732301448155374,1.1542681316727574
3077,0.5336990767312282,1.1360200527802253
3078,0.45882599301708554,1.1952127154591015
3079,0.5057279519664432,1.0643590110019572
3080,0.44042751569192384,1.1246365644399403
3081,0.4884649017482128,0.9853681997188086
3082,0.4931994934105179,1.1289263529684936
3083,0.39311924055942055,1.021334050349819
3084,0.43277521069767405,1.0539463492273127
3085,0.4552855396155015,1.1129432025464994
3086,0.4971547300375781,1.0266869432717851
3087,0.48257393310370955,0.9964911144913979
3088,0.5262738087223572,1.0641506661489173
3089,0.5334092928367911,1.0222762973563184
3090,0.5020003926406786,1.1585260438687592
3091,0.490815317746505,1.1429322153619192
3092,0.4301161823920833,1.5290695000620722
3093,0.454139433584167,1.5815951262862937
3094,0.4714110007563841,1.9621076485485707
3095,0.4747097220235658,1.3527102134760143
3096,0.4646749438591374,1.4075959041280655
3097,0.4782427963122581,1.106590175512925
3098,0.5375712878495744,1.1808621160034996
3099,0.4936787451355203,1.2946581944678595
3100,0.5133861957244503,1.6050818932866586
3101,0.4414442615601623,1.2938787248528119
3102,0.48591846719528864,1.3485360371256339
3103,0.49354419112205505,1.3611125494669942
3104,0.5044237033834735,1.6323710130256357
3105,0.5147108146287862,1.1443046927452087
3106,0.4870440224999363,1.0992467044626626
3107,0.5232836187464519,0.9995836019515991
3108,0.4790677254639783,0.8725692195799745
3109,0.4730611376970717,0.9699698345175067
3110,0.45463396160347946,1.0023220459234368
3111,0.46745722270706325,0.9597211410698382
3112,0.4770030911686351,0.9596093950919735
3113,0.5332937657254414,1.0534615354630554
3114,0.5629178797735751,1.1342775185131333
3115,0.47094832867094616,0.9038864015375526
3116,0.4764334883504701,0.9188760310700796
3117,0.46398161973768065,1.0709508425981096
3118,0.49418595317497993,0.9222336718179647
3119,0.4936154765411488,0.9415440171667673
3120,0.48046271257030154,0.8697242684734677
3121,0.46782902664351234,0.8262903794501592
3122,0.4857241875917009,0.7413973553666791
3123,0.4820770164137905,0.831652996030826
3124,0.49712865213746005,0.7896361894977902
3125,0.5049772167090073,0.7709749520403667
3126,0.5007916856737971,0.8368191753776328
3127,0.4821725859514718,0.9579095828880384
3128,0.5088674504201389,1.2179949804417138
3129,0.5456850245160964,1.0266992849053689
3130,0.47868507463955184,0.8896651239071077
3131,0.4788467415328165,0.9128642140082943
3132,0.478653632321404,0.9137083992217351
3133,0.5056244852473435,0.8091862404230729
3134,0.4427257784940664,0.8317276094723673
3135,0.483604714129735,0.91626074823361
3136,0.44547593651466,1.0151770589421096
3137,0.4693405118960779,0.9803166030680092
3138,0.45890292554225737,1.0553874327141104
3139,0.5076440266035136,1.0996155547864228
3140,0.48973413752120676,1.0624500715616838
3141,0.4999089952811454,1.2149623493546422
3142,0.5467154545691407,1.2266377384222826
3143,0.5156503377608883,1.0092671681376337
3144,0.48592226337460637,1.1137378858131113
3145,0.5272352093631781,1.3994943638449733
3146,0.5118294508711806,1.2274690472963945
3147,0.5047576508475738,1.3650649317259926
3148,0.5501096838886298,1.3496337185785607
3149,0.4892816262916454,1.4578169248636486
3150,0.44293613239978125,1.6521538594394054
3151,0.5278035321281952,1.4593761534366794
3152,0.5056758358061892,1.311660489989716
3153,0.4881919810494173,1.2183275153336015
3154,0.459225856274077,1.2725734010483454
3155,0.5188698762828864,1.3511227363521614
3156,0.522320144963496,1.8687141121012494
3157,0.47420642966205634,1.132399271414118
3158,0.5313514436332925,1.650032535918708
3159,0.4613077194945326,1.7096543653497418
3160,0.5500200107259657,1.7161685592919877
3161,0.5162924733555433,1.666864212855552
3162,0.4997408430553177,1.2452849884635036
3163,0.5092496455294414,1.3820489361448196
3164,0.5158500813164757,1.1826333976486354
3165,0.4766247064164541,1.1697014437138455
3166,0.5023257116090905,1.206759611958439
3167,0.49402606371536995,1.0943708228833466
3168,0.45613509619120257,1.9254102533303419
3169,0.4780698285519498,2.093485873879738
3170,0.48744542998017615,1.5875845262147847
3171,0.48224077409910926,2.3490299403088764
3172,0.46335810162488694,1.7663304539560114
3173,0.49160754275553437,2.010584519904794
3174,0.49978050039809885,1.884915562509333
3175,0.4577797275145077,1.5724598603341187
3176,0.5136739628986248,2.0873636198275296
3177,0.4683598135281535,1.354172395849691
3178,0.5256066640603889,1.688839019502251
3179,0.46108037349089837,1.5374431720057737
3180,0.44567422438593746,1.4028257930163042
3181,0.5023742792675796,1.8010929278957033
3182,0.5307661364379438,1.6202611199860435
3183,0.5314428391097819,1.4636425375938416
3184,0.5220563868874485,1.2946923664472636
3185,0.4858713109516403,1.185744065104179
3186,0.5011313910623199,1.1229631947082224
3187,0.4974950407315226,1.8586305235196086
3188,0.4936271593408677,1.6886500368997888
3189,0.4927420066398324,1.3422284288313782
3190,0.44082648024975674,1.5016198274001336
3191,0.5045874222968388,0.9533987132090966
3192,0.5134934606482682,0.9623932855800518
3193,0.48793531621544106,0.8669055115829394
3194,0.49647291366336416,0.8884284033358676
3195,0.49013733053670344,0.9328208959218368
3196,0.4789988300175343,0.9553086688217608
3197,0.5009401915142837,0.9416387370489177
3198,0.48455561567278743,0.8817435549300852
3199,0.4757764093505526,0.7546226197076076
3200,0.48512531715689355,0.7256432256652313
3201,0.46018971806590997,0.7529775650755873
3202,0.46800008647650193,0.7462456839755901
3203,0.4900062228869466,0.6852834670289049
3204,0.46695196194556154,0.68854380869171
3205,0.49469831094001104,0.7063021011722898
3206,0.43331388709614577,0.7955523115917317
3207,0.48583272186297816,1.0278913100946296
3208,0.4879558977571506,1.1768249267513313
3209,0.5044325381806753,0.9835347267030512
3210,0.5170676861573191,0.9005610879185131
3211,0.5340095596406066,0.9276752986954254
3212,0.5042650728549772,0.9373985193308118
3213,0.49995196675791326,0.9979850169524406
3214,0.4848607398063234,1.0533899583862822
3215,0.43500173496968536,0.9832719176718332
3216,0.4516338318297007,0.9372746197922716
3217,0.5883880575883735,0.9598754806425965
3218,0.481847116090719,0.8300131322110741
3219,0.5204244516428235,0.9191529756610833
3220,0.5137536502578883,0.8671629747140754
3221,0.4451189723987024,1.0116774399303696
3222,0.46155064430051634,1.0648328094806485
3223,0.4548568559213749,0.9277336093985918
3224,0.45042902766500864,0.7335698575649446
3225,0.48313006642952705,0.7372712076288982
3226,0.5247161064333129,1.0814537047182473
3227,0.42836440448622104,1.1926284768049
3228,0.5441442809058624,1.1532863274361322
3229,0.4874002186997423,0.9503559840535655
3230,0.47272712223738145,0.9338843238006518
3231,0.5175395220228769,0.9293807704471847
3232,0.4133145409880333,0.9405050127251634
3233,0.44345154808562937,1.1537694965751426
3234,0.4765664987193728,1.170801530763941
3235,0.47248958441817646,1.1845497859334482
3236,0.48272921969589677,0.9406001602561729
3237,0.5335638136828987,0.8253891983078522
3238,0.49470067429311065,0.9988248174630322
3239,0.4487193048868364,0.9187808221983678
3240,0.49213173146386746,1.1328853050481926
3241,0.4881980783731035,0.972164498370828
3242,0.4735103307418453,0.9136294774638797
3243,0.5078216415007137,1.004711465349475
3244,0.48825447883420775,1.0131055110866585
3245,0.49867128168494956,1.0116714146530743
3246,0.4828371602354698,1.5204173934112475
3247,0.5267557061991646,1.3463460959277107
3248,0.45432212804127664,1.2842246924789207
3249,0.4888363231733007,0.9702437323273965
3250,0.4738469552067877,0.9340365968861626
3251,0.47240149222531364,0.8530070428709382
3252,0.46301456504655114,0.8481153556444112
3253,0.518922110784401,0.9293568631977711
3254,0.4595145493456461,0.9186225597140858
3255,0.4728397211982209,0.8939798138674023
3256,0.4797153808538196,1.1565254232258473
3257,0.5241158153246908,1.1131300515341527
3258,0.536911697642317,1.0016588678637754
3259,0.5154769137067702,1.0886470484502107
3260,0.5024082718543637,1.2655358175629552
3261,0.5619209536070963,1.2877061222363444
3262,0.4959531594248651,0.9675480387743237
3263,0.4305045865114453,1.131305243783784
3264,0.4503359985583037,1.3772570687590293
3265,0.4974440521406896,1.5101219583483576
3266,0.5028348530380471,1.738576452130253
3267,0.43160412843944956,1.4006286957888927
3268,0.5183140826456755,1.5319816186590103
3269,0.45092529087390715,1.9867591504911775
3270,0.5038858313583633,1.9274272901340597
3271,0.437793831223423,1.4202244808372941
3272,0.5159033936204263,1.4801174118680862
3273,0.4836059403650969,1.3762176465062261
3274,0.5032996149028389,1.8759211631654535
3275,0.47622347341000454,1.4172793742522454
3276,0.49892638030561426,0.9732155608899385
3277,0.4782526574088532,1.060830740674028
3278,0.5156391263008118,0.9330285880172137
3279,0.4880681500851529,1.0882944360520075
3280,0.5399263819444526,0.9923738490030604
3281,0.4843066629854221,0.9668257282775583
3282,0.4488097637602427,0.8980240121628474
3283,0.4357407538636217,0.9874907535256692
3284,0.48173884888297147,1.2318435837921586
3285,0.5446690627672139,0.8333167080740327
3286,0.45566578542144553,0.8565933386098992
3287,0.48401922508350853,0.8470198269029265
3288,0.5086925602653651,1.088617336402819
3289,0.44805549360016017,1.1013415056524924
3290,0.5497720015859141,1.0043986862145582
3291,0.47455366259639703,1.082615136521534
3292,0.5228470465511952,1.6386712361307978
3293,0.5276712555329777,1.3757764506108552
3294,0.45453707975091284,1.180567097316668
3295,0.5335788385381977,1.0849101254083577
3296,0.47925551886697415,1.1959031588822893
3297,0.48454315743400056,1.1652851023720305
3298,0.5072931942430515,1.3324459646512004
3299,0.502324532536627,1.2163112151969984
3300,0.5302833090129407,1.1806217212121464
3301,0.4721873506758977,1.241606472186672
3302,0.4634739542470395,1.4821659743207172
3303,0.5391376412030563,1.2533950620484584
3304,0.4515431465454472,1.1104202287868388
3305,0.4721828516825889,1.1316471070919223
3306,0.5342368853902354,1.0399054149979527
3307,0.42379221696298097,0.9463985012572946
3308,0.5141345705222158,1.3515405475514606
3309,0.5524441999139138,1.4912303819239718
3310,0.4761672980577043,1.3247747473346376
3311,0.4814613881041703,1.5245757241850917
3312,0.5311278362297317,1.0508566388806093
3313,0.5288132145566847,1.4251950041761676
3314,0.47976226858722354,1.4567918800613255
3315,0.5425562460735006,1.276114442394775
3316,0.4189036245484954,1.3445334538672735
3317,0.4620633298910937,1.3354658895325893
3318,0.41458013972032415,1.342130040080802
3319,0.46952059083771935,1.266835900765021
3320,0.47276650354700184,1.5339106969463014
3321,0.4453703202668903,1.889410904310282
3322,0.4459491545714221,1.9259365339881007
3323,0.5090363963136395,3.617432457150765
3324,0.4272406766715559,1.7814943142307615
3325,0.5054094441307401,3.04566427573417
3326,0.494322851444911,2.5511185671519305
3327,0.46113630073163114,1.6350480734723285
3328,0.44630242493546124,2.587976665172762
3329,0.5269504716095416,1.971842371723027
3330,0.5296952030033741,2.1087063712981142
3331,0.4809136703176406,1.929540275948719
3332,0.41566115617752075,2.8939112343834443
3333,0.4264148496887059,2.091814479781586
3334,0.5116465942373554,1.9659943366513668
3335,0.4743656142822747,1.796523157832692
3336,0.48484044428010586,1.9320422445686118
3337,0.4576516516000322,1.3715986256460542
3338,0.5076413600190172,1.456812480120983
3339,0.4408876091531179,1.3365188732887934
3340,0.48896818600812003,2.2311922305995977
3341,0.4737025704777357,1.54945611722261
3342,0.48482142953039375,1.4590468863839086
3343,0.508365760150465,0.942828393676906
3344,0.41947294048313954,0.9447447200423306
3345,0.43764582652490114,0.9062657888653209
3346,0.5218672752380371,1.0522804977824387
3347,0.5120339289452266,0.9710464240277855
3348,0.46525056298496653,1.0783119751411734
3349,0.4092976557976991,1.0788935249291578
3350,0.39825397643070776,0.9751392880689751
3351,0.4611467030441877,1.2091181706456304
3352,0.4382629273007217,1.8434360773818006
3353,0.5464598224001024,1.7664789499588383
3354,0.4441627787733541,1.51286179637446
3355,0.48362871454757395,1.0195643236336198
3356,0.4641964788575774,1.3090807720295434
3357,0.5024884337360419,1.3366307390546335
3358,0.44935575359075974,1.5124570727348328
3359,0.5469440042393879,1.3670768170680814
3360,0.5655847625825011,1.5180663240766061
3361,0.48273795090832755,1.4868127049751652
3362,0.5454428207527087,1.1679807513662912
3363,0.5330084816923419,1.4593439675071864
3364,0.4902321661560281,1.3040493541550868
3365,0.4513118828384622,2.51627409516029
3366,0.45632000484512847,2.1748921020517074
3367,0.5094242963976073,1.8404211153104468
3368,0.49976283832661156,1.5089777806430187
3369,0.4197319225200172,1.4358302383746915
3370,0.5006993288554035,1.4828427729097384
3371,0.4768349357600351,1.094973186844761
3372,0.4655295274790051,1.1413387690933006
3373,0.4775358972329538,1.0510855056707142
3374,0.4823302325693149,1.12489902278752
3375,0.5254803317264446,1.308534319539672
3376,0.5085273561547103,1.1229420923492284
3377,0.5055239229526335,1.5949331440971892
3378,0.4622753771763403,1.1005903847009233
3379,0.4770169965561154,1.315242624398574
3380,0.48358407124732306,1.560409972389925
3381,0.49272524297816084,2.369129599298088
3382,0.4419931031546546,1.797788395464999
3383,0.4710181176083759,1.6464905501569358
3384,0.4691276232015739,1.6088566450239385
3385,0.4907939827557906,1.6386272392226655
3386,0.44773768626370475,1.3064323553761232
3387,0.470019970125365,1.4448827331505933
3388,0.4637650401846876,1.032691772701671
3389,0.4784201473287008,1.0824239959994566
3390,0.4977183862797265,1.1531781392190064
3391,0.5030287521556743,1.2891248030569946
3392,0.46259194728240227,1.036852578514988
3393,0.48251328769239404,1.4025089792834902
3394,0.5287032075298642,1.224529639031123
3395,0.4259134941888087,2.179338077318321
3396,0.425740573302056,1.4815836635608117
3397,0.4729964709976344,1.7845006295778219
3398,0.4532272034478419,2.143268901167564
3399,0.48364829959221256,1.8617761470739125
3400,0.49349808808669304,2.199693748094503
3401,0.5220916491110348,2.026913904449315
3402,0.5004721903106542,1.242048500811012
3403,0.47009929175515774,1.9652775647570786
3404,0.5092344712285162,2.8252476702616054
3405,0.4815147339719013,2.643187908292974
3406,0.431229487206172,2.7039980546942033
3407,0.4999931923394064,1.785532371511737
3408,0.4991924918971015,1.3285712692344074
3409,0.4682077574498445,1.0724157442166968
3410,0.4950093476517687,1.3063604305091414
3411,0.4853460534105023,1.3357305492012246
3412,0.5165195100515791,1.200942030809458
3413,0.5010036374758748,1.196252879587192
3414,0.4534245729446411,0.9315529592986246
3415,0.47230811084358437,0.8926021774995674
3416,0.5352566259578594,0.8191851400634618
3417,0.5097582218716445,0.7661628480096465
3418,0.49344302438995213,0.8093292059250248
3419,0.48912910408186683,0.9923041439750819
3420,0.4320709745860794,1.0132558432597558
3421,0.4284652818753881,1.1877184805360812
3422,0.4682993194431935,1.044132253498707
3423,0.5592544567816465,0.97437540246445
3424,0.4880822318271526,1.0561223834463693
3425,0.4675926895974909,1.113395265583853
3426,0.49132391376402773,1.2230716179875494
3427,0.4688620591915927,1.0914558658322084
3428,0.48479602522063026,1.0535346935096297
3429,0.440820250117663,0.9894263356634714
3430,0.4524746087280292,0.9582132702892266
3431,0.41958591284103763,1.0269865509375786
3432,0.48517372017925225,1.0025891823676025
3433,0.5084085525239556,1.26125321168344
3434,0.4901397997893176,1.0218734561818317
3435,0.49748749090629873,1.2125722123581228
3436,0.46211126996475516,1.1477233651772285
3437,0.4898160655521652,1.202552805826502
3438,0.46488962127167044,1.3905278328552986
3439,0.5255381262418136,1.1092598409328647
3440,0.4666631106034066,1.1621102302977182
3441,0.4932467462947068,1.3346343109908614
3442,0.4632976081186128,1.5139619551816033
3443,0.48357324171992183,1.4055774958388318
3444,0.4510702079939611,1.1559544003125533
3445,0.472332022722485,1.37645163813841
3446,0.44231420437109126,1.280396715529914
3447,0.45550027750070815,1.7330851334969974
3448,0.5026768856835597,1.2960562370355846
3449,0.46880494173869347,1.5588909919979503
3450,0.56478784906054,1.7337672878237604
3451,0.49956624889836726,1.3089190843035874
3452,0.4584820666938152,1.5983683420616446
3453,0.48931326131218844,1.5400327872304083
3454,0.4653880505017864,2.112408149010927
3455,0.4799790312942949,1.4449558049729727
3456,0.4573476372413265,2.109698924624804
3457,0.45961655285751934,1.922735454388035
3458,0.43281234815282726,1.4060368387444506
3459,0.48252246970111884,1.3239728663731547
3460,0.4793400401339948,1.6192056733427695
3461,0.547839338918334,1.8990728710461589
3462,0.5320008304512617,1.3897492289543152
3463,0.4787390234979611,1.6403201505975815
3464,0.482193369599222,1.7091380386676602
3465,0.4658477615962908,1.7670785998835148
3466,0.45746640499355723,1.765680450837589
3467,0.4840917850582345,1.5421654512581315
3468,0.5041944060510802,2.2110795291882117
3469,0.5082790779257284,1.5896831698788023
3470,0.483246494265436,1.9041716971443694
3471,0.5080587036401323,1.3850473113430357
3472,0.5203646803365171,1.1727232626340922
3473,0.4566285355577191,1.1172508423768202
3474,0.4777758786979231,1.065251147284091
3475,0.5018480006352212,1.1594583461585555
3476,0.5026754812129492,1.0417780094933742
3477,0.45990422107640977,0.9799496907632328
3478,0.467956601416023,1.085367000218734
3479,0.47431435631316843,0.9360769871369149
3480,0.5261333289655666,0.95321099561395
3481,0.4552777652601594,0.802960315954338
3482,0.4624091887358323,0.7989134377646214
3483,0.4704839397691986,0.7265376801629668
3484,0.4733896296001175,0.9903816245134595
3485,0.5027220885730485,1.095284853166747
3486,0.47329942462513747,1.3104779454110895
3487,0.43755257824092236,1.1926084779998631
3488,0.518321647806075,1.1271868429137666
3489,0.4548978079291223,1.3841926438137166
3490,0.47321374439498753,1.1672843092853584
3491,0.4887979557213274,1.0092281432985102
3492,0.48328919433853,0.9572223662172706
3493,0.4537020959321735,1.4252536962333235
3494,0.5209080102374253,1.6877609977444399
3495,0.47363130328724684,2.228035902514041
3496,0.45584270792100035,1.792694037979089
3497,0.4417356446530055,2.0558992525906237
3498,0.48200532186378553,1.549605830201825
3499,0.47942962924253596,1.6745162583091884
3500,0.4365691270643068,1.5831092601840935
3501,0.4652868966454441,1.8156205791871525
3502,0.5111500591907686,1.207891114707132
3503,0.49964893095701646,1.16096848307304
3504,0.532725291344726,1.2765837126565212
3505,0.4219777271585557,1.1262123665763337
3506,0.4671285923534227,1.3083883292466691
3507,0.5150366338711341,1.076723828477767
3508,0.4385380678385207,1.2846838930278148
3509,0.4929577760326052,1.0724511123397975
3510,0.4825502784506788,0.9039655362518089
3511,0.5285200569236163,0.9463588768996082
3512,0.5360064911610872,0.9912040164169756
3513,0.5259998689577418,0.8327692666100067
3514,0.4670101786122739,0.771305735828807
3515,0.47169658570613676,0.7172041431214046
3516,0.5153666676826847,0.7051435234477219
3517,0.479159734781506,0.698453300207564
3518,0.47184443618487387,0.6897871066065668
3519,0.5034342599146574,0.7078756308092654
3520,0.45622366030239364,0.7108981273706677
3521,0.5052686722822559,0.7810739313514488
3522,0.45679296538667774,1.1539722906733023
3523,0.4914595664126202,0.9387985045470081
3524,0.5011482172220656,0.8927143650147521
3525,0.49317593713408536,0.88921428652643
3526,0.45201219574919027,0.9884824550267562
3527,0.4448951725820893,1.0821268286519838
3528,0.522436617068874,1.5049921384135496
3529,0.4789298975351945,1.2581338170662666
3530,0.47621115897465677,1.0323895499544236
3531,0.47130592760530493,1.0432350213087878
3532,0.437234502538894,1.255522238976747
3533,0.48546685524357175,1.0923352692891093
3534,0.4517676749275726,1.2196561410589126
3535,0.506044855974253,0.9568935904688048
3536,0.5171447078001152,0.9864123758760471
3537,0.5388181741955211,1.0653187754084763
3538,0.428398297828378,1.1929393242863775
3539,0.4688705992930144,1.1870044319375048
3540,0.4464081965603875,1.1134254041227323
3541,0.4460000557806885,1.162331435865569
3542,0.464844178227545,1.1448330202148955
3543,0.46602014039905326,1.0105126152918176
3544,0.4390108761856857,1.0304793553444946
3545,0.4508864911435877,0.92815724912199
3546,0.42445571908673035,0.8689250697209997
3547,0.4406996751294553,0.7560517544885283
3548,0.49287926340566096,0.7379298910353947
3549,0.505647491482855,0.7097374339705532
3550,0.4655472132766131,0.6995764282143232
3551,0.4487940616978025,0.7579099090353957
3552,0.47933295079805316,0.7136558797752973
3553,0.44565893087572267,0.7316211803445538
3554,0.48717511799728985,0.7218834769378588
3555,0.5122250185429471,0.7095727914745368
3556,0.45130721110742067,0.7489849410010773
3557,0.4670172704076304,0.7032413974549007
3558,0.47533092944367417,0.7029960728386073
3559,0.49915116171813706,0.725676228120489
3560,0.4610914842596332,0.7239724305069563
3561,0.4225961677368405,0.7900476461475335
3562,0.5065058585509513,0.775569051793478
3563,0.5264224803563461,0.7839728935250958
3564,0.49548666772333166,0.9067167859632992
3565,0.47490297243433094,0.9060976482132106
3566,0.49219905201671194,0.9038165495233629
3567,0.44154249261883854,1.0117182887873604
3568,0.46213517345271066,1.0289694001373735
3569,0.40662363605591856,0.9692931638180631
3570,0.4808847296585157,0.8502906665061284
3571,0.5190862579253114,0.9174125541761083
3572,0.5348884882857499,1.0364981380481164
3573,0.48518760748279904,0.937021837072465
3574,0.4550135662254778,0.9360992121464998
3575,0.4858770700334345,1.2307735930368737
3576,0.5398731168034008,1.0277114742010542
3577,0.48141598093856885,0.9202998321033219
3578,0.469216579661786,0.8845932084379844
3579,0.49296640828975197,0.8959261832885372
3580,0.5444352010500084,0.8279990241365526
3581,0.4499515509142459,0.8892935196172844
3582,0.439278610123014,0.863526197313105
3583,0.4559007313066316,0.7890518035703492
3584,0.49275622032221084,0.8585302198974831
3585,0.46965226357422984,0.7635720939312166
3586,0.5138362316251959,0.7568509682868291
3587,0.528187375624203,0.9128837840071002
3588,0.5195763137155366,0.9727318200092872
3589,0.47541852251997274,0.8797446790250759
3590,0.4794937589214843,0.7923554893836234
3591,0.5466348679320326,0.8160065591913982
3592,0.4469327602571654,0.8087760250545243
3593,0.5674118674495845,0.7932910959697465
3594,0.5131417909293499,0.7713437323431367
3595,0.45985615600660007,0.8256732248565526
3596,0.4645519030904307,0.8143820033490079
3597,0.5123989803409114,0.7987698675359337
3598,0.48756268533688146,0.7864012805003564
3599,0.4917362297622903,0.8348491550649254
3600,0.4745285328730796,0.8115780978526884
3601,0.45943381253955434,0.8424517228765395
3602,0.47433512853187265,0.7922681431168491
3603,0.4926353305288889,0.8604323100117803
3604,0.5021623688415416,0.7042895520775063
3605,0.4620342277786107,0.735560719249318
3606,0.44293025280665427,0.6930221394427771
3607,0.5185463712053392,0.7405209813303161
3608,0.4431988348081274,0.7421637536252587
3609,0.4608596554658945,0.945721988539094
3610,0.47830596884477483,0.7961464339089626
3611,0.44781109083046033,0.807450861606783
3612,0.48230033852521653,0.7698702430262149
3613,0.4400304127665399,0.7856810833643941
3614,0.4519945303502592,0.7855407676650482
3615,0.4766888873091022,0.8960522488482947
3616,0.5022705972773357,1.7560795117350458
3617,0.4179813604331711,1.9739133264254598
3618,0.4726777962110575,3.265731034926998
3619,0.42085996530588393,2.6506917731275834
3620,0.4929446780565873,2.0633989705622775
3621,0.4727268328944456,1.790624675241489
3622,0.4511523782049568,2.2341932995805465
3623,0.45541359498662853,2.3570632512129626
3624,0.4344550941175627,1.9568968340031152
3625,0.4426853089656645,1.5471263724623374
3626,0.42435413946225803,1.4214828286356138
3627,0.468225400424698,1.3400331637234364
3628,0.43160297569719336,1.3197214128901658
3629,0.465064381511466,1.3927259682451638
3630,0.48826669142084217,1.5869752000836492
3631,0.4705451113506428,1.63311210535105
3632,0.48527667591872725,1.4714820622240457
3633,0.47932519611803076,1.1792954391646153
3634,0.4981268467833695,1.2295487621455516
3635,0.4690793660080549,1.1640147451058174
3636,0.4498206854445263,1.2643678963763043
3637,0.44497605608504953,1.3848004613107847
3638,0.4620575873018469,1.2935319635474567
3639,0.4327789116831659,1.9873599572089111
3640,0.466339548525301,1.8325336945867075
3641,0.4631516192723246,1.7033575969992332
3642,0.45505112641066026,1.393342903516825
3643,0.48817546217186936,1.5791403894285554
3644,0.4878974446972597,1.3294524347897871
3645,0.49162099083650457,1.2313266072458433
3646,0.4892368279035809,1.2514022825991067
3647,0.46047582672637644,1.1736800635902627
3648,0.47919589512556504,1.0989057143915046
3649,0.44384581082075547,1.208191679519357
3650,0.4865793828825349,1.2341180854630702
3651,0.43594023324910874,1.3753975143710386
3652,0.40619464638163744,1.3258698125487391
3653,0.47928801063195015,1.530069730235535
3654,0.4688431140288566,1.4077226664256124
3655,0.4665127785749806,1.3040470127920503
3656,0.4672267266268869,1.1320164087906623
3657,0.5309430059877415,1.728792838679934
3658,0.47109419917597356,1.6451490255235468
3659,0.47191895848339044,1.2769222091702581
3660,0.48647851562037053,1.473613265069943
3661,0.5031585832243984,1.2142722884428154
3662,0.4763703187113827,1.4134782274949897
3663,0.49427325401491334,1.6027291799054562
3664,0.4416413952424688,1.146370111159908
3665,0.48749964416605757,1.0825104510899886
3666,0.4584362506866455,1.5385830448669138
3667,0.5373695811021675,1.578928779051142
3668,0.43052928077364433,1.5466130289059241
3669,0.54666880959446,1.4402124511385428
3670,0.4695439772698486,2.046570041225952
3671,0.49204946316561654,2.6443363775327366
3672,0.49125403107948673,1.8558138597358778
3673,0.49791009999015956,1.3840608434769714
3674,0.4660247301013724,1.6740009263881201
3675,0.497642822635984,1.761097681175158
3676,0.43682382205157605,2.346491371543662
3677,0.47975149548169477,1.7737080379597192
3678,0.43043101644053045,1.7744859468589709
3679,0.4891887087266422,1.2763766241305083
3680,0.4678944771729627,1.4103599312236008
3681,0.45006904671493086,1.147636583707865
3682,0.4710770845413208,1.2391411413266822
3683,0.4793736364656282,1.3687478674268259
3684,0.4536535757259258,1.2722598158040093
3685,0.45112759482513354,1.2131953158424895
3686,0.46445548216116084,1.2490174718273497
3687,0.4381105963466237,1.403520242681781
3688,0.4652559456316013,1.3171009901657844
3689,0.45961805946618606,1.415764565606719
3690,0.4339556731645343,1.5385426219227245
3691,0.41733529382539025,1.1657932348621702
3692,0.45836569151832063,1.32188988657831
3693,0.42868264844116655,1.4051232540491716
3694,0.4391326620740798,1.077540347877058
3695,0.4632534477317217,0.9595374198793207
3696,0.44493950512802716,1.1488097761441203
3697,0.5025539375045924,1.3988098612109434
3698,0.48779501208981263,1.164471253608037
3699,0.45038433792521654,1.1106242595367062
3700,0.5801145127676066,1.0624410839914118
3701,0.46394544087567374,1.0046203379492158
3702,0.4682155645009383,1.050586241541557
3703,0.4892709457758561,0.9585614302783336
3704,0.48425386657992614,0.8787673324057199
3705,0.5032334726991006,0.8089924581999918
3706,0.4555868026122306,0.808405073522364
3707,0.4447224947434027,0.8235158613584574
3708,0.4777748839369098,0.9216417236235536
3709,0.49478707325111315,1.0437733415261055
3710,0.44626458235157346,1.0788829899528651
3711,0.4972315960138747,1.0884750491207085
3712,0.4646899685697648,1.3806823654082214
3713,0.42835113984867207,1.6488049834677316
3714,0.44819226542722834,2.6548987383981353
3715,0.48076655968879034,1.5722411269123115
3716,0.5057322961612812,1.2303053684604979
3717,0.4723258377278893,1.4166876801009316
3718,0.4437957128274788,1.6807320864455213
3719,0.4106693332924426,1.1320189364905495
3720,0.5018455571341283,1.6171353644537694
3721,0.5288870843868811,1.7198113747013426
3722,0.41129616770929506,1.3211105315430651
3723,0.48073138918691466,1.2798683278768965
3724,0.4697679613979117,1.3026454448699951
3725,0.5193487174302629,1.4363425686521438
3726,0.4213022115161118,1.3453288477601357
3727,0.515865737373389,1.266376491310527
3728,0.5372307430771948,1.4665658549197669
3729,0.5071335990452072,1.2304908829985313
3730,0.4437745213508606,1.6504885473297637
3731,0.4815071013945978,1.548414471658688
3732,0.43767128349507894,1.729246446808565
3733,0.47903724521109203,1.4841224018809864
3734,0.4595971009106312,1.481451112668491
3735,0.4340886864268664,1.1343100215624837
3736,0.4631913501082115,1.1000029716676878
3737,0.4523452604279935,1.3134061786734943
3738,0.43668189702682125,1.2695891411559095
3739,0.4312772918673395,1.1470909095504909
3740,0.4543308812437706,1.4071476320618566
3741,0.5086920764839765,1.0689326050212082
3742,0.4323795961523519,1.1044382944847773
3743,0.4833130078408325,1.127520393978045
3744,0.45707306352633875,1.0262421305897167
3745,0.4524889070432163,0.9586978820921148
3746,0.4325342901702066,1.045990423091407
3747,0.5047799863861603,1.2435219768181587
3748,0.421269953250885,1.0019656170919105
3749,0.44229624311900834,0.9440249991648405
3750,0.47528673665037435,0.7784565143214847
3751,0.47127919521146605,0.715056728390814
3752,0.49688510061467733,0.7352244107468614
3753,0.48460409074153715,0.710819409310239
3754,0.4749453333975042,0.8045366626341366
3755,0.5109768313111611,1.3917607248408124
3756,0.4779803747112311,1.324421515163866
3757,0.49199591909797447,1.055079410955744
3758,0.5601203383751285,1.150611477569469
3759,0.49934809908126165,1.1673812733113187
3760,0.4463452812537406,1.3860153116068794
3761,0.5046866975941704,1.3934761632993384
3762,0.4156540807300401,1.2272339550036828
3763,0.4741528633150082,1.3478685553791454
3764,0.4254278905183366,1.82737275639784
3765,0.5031533461172604,2.081729801534449
3766,0.4998029059576757,2.073849100511051
3767,0.49919611099854255,1.1103200461100606
3768,0.4776892899309547,1.0368206489433363
3769,0.46379906112707936,2.7015629543841464
3770,0.49100979439263204,3.9079950804849273
3771,0.44955831881865715,2.7118236329949017
3772,0.43895379345393876,3.4592088252595325
3773,0.4624714035432316,2.2472265623148204
3774,0.42269445507271775,1.5729447383325077
3775,0.47738075892902115,1.6938767791951743
3776,0.46404647479936917,2.3683989476231697
3777,0.49933665904026586,1.415396868603901
3778,0.49548047086567554,1.1299337600041361
3779,0.4877779449074014,1.1402574141048691
3780,0.5129242244276028,0.9931856891483937
3781,0.5067420740729397,1.0500684583071367
3782,0.463027870770797,1.1254111921902998
3783,0.4945587411667537,1.0832872251862462
3784,0.426413767546126,1.3190243151581402
3785,0.46693315552276315,1.6448646644944127
3786,0.4199471511308429,1.6757425035087807
3787,0.4961170277838568,1.8936435921678265
3788,0.5166796920368972,1.847367920921844
3789,0.5375549706440528,1.4437132749742674
3790,0.5783283623676856,1.698490496978019
3791,0.4542004824842064,1.7250272047172472
3792,0.4880695094182653,1.50899716488366
3793,0.4398251337912476,1.3406409326108915
3794,0.47085474590653353,1.4175830489223442
3795,0.4936994753994988,1.1911305455328192
3796,0.46765747782096123,1.2793695614175888
3797,0.48061438092907655,1.1407243580494113
3798,0.48215689416070584,1.0543751045338159
3799,0.46046070045637855,1.2795878475152174
3800,0.48029130755118954,1.282546868602049
3801,0.47280017814589936,1.174648876907756
3802,0.4845422786995045,1.144546222918242
3803,0.53140741470948,1.0551839407207897
3804,0.5090790113199104,1.3397341052305352
3805,0.477026727014375,1.2452277523800008
3806,0.47765545127461256,1.1729463581899995
3807,0.46743207880594195,1.2788067338536087
3808,0.5032414053250285,1.1908681780389212
3809,0.41323998599376494,1.163964222935797
3810,0.4639614322810497,1.1602244076219577
3811,0.4342838786180737,1.0649925470352173
3812,0.4899690591015862,1.1596282483304587
3813,0.49005674621433887,1.4143448541465315
3814,0.4369738825316568,1.3640890474458343
3815,0.4690719669305005,1.8108055747828438
3816,0.5234204331069316,1.7360844727858757
3817,0.46190255591012896,1.4596125894379848
3818,0.46851975767357834,1.848558125565353
3819,0.5075224597477218,1.2527821145011384
3820,0.45134955008053085,1.2667445528854444
3821,0.4706068619073016,1.4013886822080148
3822,0.4367921905031482,1.1426466176810774
3823,0.43942658530855644,1.086033109322335
3824,0.42925062978151934,1.1004139306475815
3825,0.4020658245364439,1.1550403908618445
3826,0.5430702740706287,1.2123589434670012
3827,0.4256988549695432,1.2575687864451732
3828,0.4674359693110568,1.10713446603238
3829,0.4655815177750819,1.0643925713103952
3830,0.446306559067328,1.013180655183144
3831,0.48126353106452424,1.032499643784125
3832,0.5023853263808685,1.127295948926685
3833,0.48383310234662397,1.002780124400426
3834,0.4639988859880318,1.0664777749950447
3835,0.4943831224464676,1.0583673958639497
3836,0.519847914431859,1.0737640597287892
3837,0.49194976340219815,1.0407218001421215
3838,0.46480758936659805,1.0521205721549618
3839,0.5160572768993748,1.0905532657521442
3840,0.4897299680895018,1.0816277821087144
3841,0.5099153252481257,1.054132517680381
3842,0.4373082975739414,0.911233866099015
3843,0.4858047415330572,1.3350790212455306
3844,0.48254007853350595,1.8572132390679665
3845,0.440831247463967,1.4832238421856778
3846,0.4312286839901822,1.0712890543983977
3847,0.4680968508558366,1.2394174476271693
3848,0.44408199277896326,1.3261947388787871
3849,0.4661549995246443,1.0193876566238773
3850,0.4460812899672869,1.0753835439682007
3851,0.414042186389849,1.0653073972868687
3852,0.44929375955202044,1.0967332616593073
3853,0.46754284680468366,1.0201913210952167
3854,0.46592372496729917,1.1381683042905864
3855,0.4526867503390729,1.164841183180948
3856,0.4528827638302034,1.4167799423041854
3857,0.47727093563496487,1.5308778910960965
3858,0.4474064875574945,1.548896840475138
3859,0.5160261788993206,1.3085401677390904
3860,0.4829987131276177,1.5494549806835582
3861,0.43459859750803237,1.705805259422191
3862,0.4902826287214038,1.6296973193733437
3863,0.45632257681448485,1.9039689186707283
3864,0.4308348462998288,2.015630917641723
3865,0.4169039271988915,1.4981427661423545
3866,0.4481723531357293,1.1803828038058235
3867,0.45550134184869745,1.4752370356356057
3868,0.4777589978523625,0.9804851777345232
3869,0.4736003108973642,1.0679304212042429
3870,0.4987701987757266,1.0104084506775568
3871,0.433288186499216,1.073595539458747
3872,0.47311433426384786,1.0717053639078604
3873,0.4550709898032031,1.0948507311274704
3874,0.46137427213122545,2.00136657189397
3875,0.49804754627561104,1.2875082064600825
3876,0.43352470409522936,1.2585362537393292
3877,0.4532753987219727,1.5153797662373885
3878,0.46242630365982795,1.996796213307427
3879,0.5493638987101398,1.9307816271643037
3880,0.4890777399239031,1.3676178721548284
3881,0.4721561253649517,1.3431340924744468
3882,0.4860950485595222,1.5613251039125386
3883,0.44099900560471617,1.275030417928418
3884,0.46527585358295626,1.1119533933482124
3885,0.4676111936569214,1.139269137845456
3886,0.4676107509622296,1.6671301716739693
3887,0.46314154087918474,1.421547162301332
3888,0.40844688716443994,1.2436937533536003
3889,0.4766791017310133,0.9006879364402549
3890,0.4527184141492381,1.0077079922250174
3891,0.5020374325872625,0.9337156744836603
3892,0.4403327605099354,0.8531243413397409
3893,0.4760805426292049,0.8394002515135459
3894,0.5036683782790471,2.1981400309257135
3895,0.44339315318366856,1.886197035173768
3896,0.5791967881536021,2.1920000395728545
3897,0.5020890070975406,1.9296885289034797
3898,0.44689971845126847,1.9851474623078282
3899,0.44315909543662396,1.5351410571811268
3900,0.4843928663476,1.818775753951767
3901,0.4321769708857953,1.3476675766185648
3902,0.5049443638440475,1.4046455158770663
3903,0.4772281050682068,2.23535242879275
3904,0.48397281910609274,4.665209550302006
3905,0.475929211644293,2.052885129035098
3906,0.5308308196299284,1.7492825313679223
3907,0.5099366341979759,1.4962285137870937
3908,0.4445120726974265,1.1384735333109366
3909,0.5097204377350298,1.3010909759882585
3910,0.4974255301419971,1.1171100695156357
3911,0.4326138635283535,1.0683280536271993
3912,0.4383999034039025,1.1867879513397956
3913,0.5026385717600295,0.8916798529115696
3914,0.5484474312911913,1.2129427709625762
3915,0.5138875205539962,1.1951254837721297
3916,0.47290478979499595,1.0125072731555087
3917,0.47424092686292035,0.9281568122141569
3918,0.5049122924943572,0.950092289054278
3919,0.48381331997010313,1.1709428747880806
3920,0.4859367795650241,0.9064087613115033
3921,0.5061033287094635,0.8228021130978482
3922,0.4523577548346473,1.3596734844365166
3923,0.45466855197276884,1.121238404686011
3924,0.48417905001964384,1.1146826350573198
3925,0.4428915586865064,1.251016698994683
3926,0.456303898570607,1.446289477996456
3927,0.481835397701819,1.1011593064058174
3928,0.4701103029899227,1.3787609981101694
3929,0.49499492390641886,1.6854853647426493
3930,0.5419563570068878,1.2773931599357753
3931,0.44483381162569363,1.510608570089618
3932,0.45227776626938754,1.5710855392576422
3933,0.4744478209504803,1.6521838046972035
3934,0.5378416002664751,1.1502300761278392
3935,0.5250413730306532,0.9822578488044369
3936,0.4757409535565423,1.0818119512020963
3937,0.45644263156409404,1.3377111698817281
3938,0.47912258083380543,1.2020491089635683
3939,0.5295276502961094,1.0149123385114578
3940,0.5005727193309265,1.0862779582588418
3941,0.46567610976765456,1.282268488291398
3942,0.4867323330305155,1.552451130834598
3943,0.41969504084401915,1.1759957196643052
3944,0.41591642203840234,1.567921947507025
3945,0.45469575136610607,1.5823057398055365
3946,0.46982507219592345,1.4426611106372573
3947,0.5002985012184069,1.8630697947104
3948,0.45460083588813116,1.2397455908719777
3949,0.43418606623862555,1.2688513253499003
3950,0.4540825804460396,1.1487701674109523
3951,0.5001809400262185,1.095292307219459
3952,0.42772611917801273,1.5036925447797311
3953,0.46257796623174424,1.242985305855575
3954,0.4810738795011946,1.4527056743797746
3955,0.4939556798888642,1.5296804904937744
3956,0.4399005579716951,1.4668262427292982
3957,0.45095114569062167,1.2128167123470492
3958,0.4735414947120889,1.2185094136636234
3959,0.48979146619444913,1.150483313116055
3960,0.48231858015060425,1.014453028590934
3961,0.43485214814399054,1.2134587967280046
3962,0.4894415527871511,1.2007893642175544
3963,0.4217308643952157,0.9854731386147656
3964,0.4752387543326443,0.9837164398535941
3965,0.4727789282220081,0.8575802254445345
3966,0.44197789731534937,0.9202881229733958
3967,0.4621301692666359,0.9399632620579988
3968,0.4590220312470371,1.5724862773441575
3969,0.4745126985809178,1.076070166907264
3970,0.5149719992887627,1.3986996759488746
3971,0.49513736859108637,1.5142197996667288
3972,0.45723785937411116,1.2830567805512438
3973,0.45635903749651124,1.3826230434538092
3974,0.4474966879029876,1.214768774301103
3975,0.46268208802325056,1.1931094185819904
3976,0.4569798615372297,1.1243154383400111
3977,0.5320147756233956,0.9706685300012237
3978,0.44288235324100383,0.9094591835170116
3979,0.47004373328199667,0.8249675799342036
3980,0.40979065449492447,0.6901695230632152
3981,0.4808264681436483,0.7320355975512162
3982,0.44966186944720815,0.7379230746945131
3983,0.48695005143730385,0.7148272337265384
3984,0.46674611933023025,0.7550244186688395
3985,0.48219683390219237,0.7209614839368653
3986,0.47828020690714274,0.7489598758012346
3987,0.468899284172984,0.782525455488742
3988,0.4483278075468193,0.7710052803882117
3989,0.4469693543262852,0.7770006569843848
3990,0.46347157092927727,0.7797884970035368
3991,0.50307668181299,0.8277645608753834
3992,0.4713109349741519,0.7484486074123567
3993,0.4619703935187997,0.7495911266039876
3994,0.47566090741203826,0.7153760154270431
3995,0.5166527206457935,0.7787390276066308
3996,0.5641375346091188,0.8665618358306515
3997,0.4883917969407387,0.86288118188821
3998,0.47290275571415724,0.7955245433501827
3999,0.48073984812764287,0.897857711153123
4000,0.4633925753889732,0.8683987786468951
4001,0.5065907164684778,1.0986641761168694
4002,0.47483962774276733,0.9956884783448525
4003,0.44658808222094787,0.9512315461936506
4004,0.4828426710610251,0.8981884972563068
4005,0.5589470232574685,0.9835165536519394
4006,0.4959716200828552,1.0912269133965946
4007,0.49030329880205176,1.001895975719378
4008,0.5399477522350052,0.9925563659482789
4009,0.4544630328428398,0.9938557917631946
4010,0.5060202849721446,1.0379501390225678
4011,0.5410663919541442,0.9204214898127954
4012,0.4599537658459932,1.0219750705274564
4013,0.44400870742149723,1.019904767425315
4014,0.4712066829783245,0.9879585400368404
4015,0.5109254306959874,0.8421625477596394
4016,0.5678776016513121,0.9626863986543082
4017,0.5078181659133689,0.9030076311629953
4018,0.48321273980788815,0.8368332756375804
4019,0.49463217177437346,0.8303254304580319
4020,0.4694516036695647,0.9385131094062212
4021,0.5096269860429671,0.9712871723962062
4022,0.46369227853793543,1.2127004983355698
4023,0.4814282702010812,1.1120975243235098
4024,0.5152015547150547,1.258692272658487
4025,0.4751814291315171,0.997348756466097
4026,0.513935197904272,1.0590097811615582
4027,0.5162828231899483,1.1154843869718534
4028,0.49933805692832445,1.1965785506859565
4029,0.43791232699329413,1.0535553184527795
4030,0.45277895510775373,1.2753677518622388
4031,0.44518869015776996,1.6153476550741104
4032,0.4462654495123521,0.979458695476495
4033,0.46369007085133523,1.0147315095929266
4034,0.4483048591798949,0.9898915742207499
4035,0.46383205663810656,1.229703750425172
4036,0.479621013970051,1.1739492520545294
4037,0.4697907040420088,1.2493603351046738
4038,0.4313546769248629,1.2267897406828057
4039,0.46934127286799904,1.1029879369782012
4040,0.5023942731537865,1.0369511264041789
4041,0.4875798902465302,0.957105617500046
4042,0.47706476085394334,0.8880374599429011
4043,0.4359467480946513,1.0244441275457734
4044,0.48746456220312023,1.069946301793589
4045,0.5115405212617615,0.9953312497694515
4046,0.4806182668047044,0.9911228030630685
4047,0.4732905284872333,1.0070732658349195
4048,0.4287143259951212,1.135407256269918
4049,0.49247685508820616,1.201027084322809
4050,0.4840926487468979,1.6022371117351124
4051,0.4789975545938733,1.2198348467789808
4052,0.48090509014222227,1.2454685302614008
4053,0.5251505166581534,1.763039091258373
4054,0.5404028672616459,1.5311564079766136
4055,0.47167636584309697,1.8478150020525292
4056,0.4767073213475422,1.54350720447244
4057,0.459260628640073,1.015509527863808
4058,0.45663414302381494,1.153912180257075
4059,0.45261647516083947,1.228816005211432
4060,0.4486614899727905,1.7637136092463743
4061,0.48459723447133035,1.3503725771765107
4062,0.4540936799303999,1.291530790838223
4063,0.4641779724834035,1.2837866342183455
4064,0.44559076052267577,1.2560964614442252
4065,0.4536029667530245,1.347884922351652
4066,0.4373191236292274,1.213353445229021
4067,0.43108874212190945,1.1862802546001174
4068,0.43523751358384066,1.0905160168999608
4069,0.5182570959757833,1.267758247343082
4070,0.4687835854812733,1.0500221431834027
4071,0.5076904499415055,1.1662110906202816
4072,0.46953694623650855,1.070407072317253
4073,0.47236516999388206,1.1154409050941467
4074,0.48103924370506435,1.0386326781754356
4075,0.47204898167582393,0.9922674234630993
4076,0.4599763586104495,1.350920184144696
4077,0.47542667533587485,1.1631336530435432
4078,0.4806342547379651,1.2594339934367578
4079,0.47499838037398256,1.428062613727977
4080,0.4906530386035882,2.271575468257793
4081,0.4725159858036967,2.01686428299228
4082,0.4758709553375985,2.2089363706922067
4083,0.4825469278594823,4.26448019442049
4084,0.44945886644344885,3.063929497616962
4085,0.4361991795521338,2.5984796360858438
4086,0.4580274368952779,2.22551929545634
4087,0.4484584707658268,2.306680358729316
4088,0.47786146807439117,1.9637237885623302
4089,0.46879909165854594,1.6048876018200107
4090,0.43868769575091243,1.4740288101353691
4091,0.4803020919410928,1.2234293471262292
4092,0.44074753708052405,1.1393245094030806
4093,0.4439090947503025,1.1375427685895012
4094,0.4436832990461183,1.1345150904748047
4095,0.44326041016763856,1.4927866956562672
4096,0.498534471085928,1.2089927844630861
4097,0.4354268847738655,1.183992497550631
4098,0.45697194598253493,1.5011062373235389
4099,0.45111200473840957,2.0004386971297774
4100,0.45665662554861275,2.2610405099044724
4101,0.44519976996681065,1.79591823260761
4102,0.477901699473557,1.2986383808469308
4103,0.46199231413961617,1.701645260875665
4104,0.46934555225001956,1.4661523786563317
4105,0.5230037792793756,1.996803542363991
4106,0.5175075756693349,1.3621289498597673
4107,0.5204997699237565,1.100781667001039
4108,0.4430452214861379,1.1719855099048428
4109,0.49886909503381227,1.21297529600199
4110,0.48674764853079344,1.359610590541247
4111,0.4658573119385729,1.0818079524827235
4112,0.4854310502126379,1.2169460301260346
4113,0.4333262026888653,1.3179109571049514
4114,0.5275655521929843,1.203782027786218
4115,0.48461174386218914,1.6078833549925424
4116,0.505130229644405,1.5774861799860465
4117,0.4664242522230426,1.287661841193449
4118,0.48063863379862704,1.1795111090234183
4119,0.5545419483508879,1.103278235903064
4120,0.47016394890627816,1.0595661401748657
4121,0.45277935440100514,0.9376557394138818
4122,0.464892872907583,0.9278681336097347
4123,0.44525044867135943,1.1930382917228255
4124,0.46114332294001165,0.9590349839729013
4125,0.45704235932202014,0.8698702402485227
4126,0.5033497755388612,0.9180968681585442
4127,0.4765803235248455,1.1428141501343365
4128,0.4537230232386913,1.3201667122470522
4129,0.46838652914010204,1.0793516716910798
4130,0.49745969647921406,1.121024570418793
4131,0.5074043985709403,1.4084690276858876
4132,0.42759529465031854,1.1489948641906664
4133,0.44931775910183064,0.9630105993122731
4134,0.42495695479865214,1.1565910056956763
4135,0.4356689361981975,1.0027477579209412
4136,0.4884102581774147,0.9686106460765728
4137,0.4454567253010944,0.9594829128783884
4138,0.49238676816514393,0.8784539346556062
4139,0.47110501973374375,0.7250926245763464
4140,0.4261951076174245,0.7951262986775741
4141,0.49773642333965856,0.7342871809468686
4142,0.4747235045849698,0.7688804095231213
4143,0.45724693664069316,0.8209361277737663
4144,0.4722049247871325,0.861757187588701
4145,0.4625927629401383,0.7980045456330753
4146,0.44935861779648123,0.7785893256224475
4147,0.4432818478750951,0.8639376782676549
4148,0.4814459160693641,0.8399518109062343
4149,0.47490279882856945,0.7713998538776509
4150,0.46693677288814656,0.8956488052618157
4151,0.49043313970843566,1.1698286897927812
4152,0.4809828759397118,0.9077150283507931
4153,0.4694531042020298,0.8427352413390446
4154,0.4394325599508378,0.9325155719970036
4155,0.48322850697248887,0.9298351111921291
4156,0.44697925130140437,0.9896801200885217
4157,0.5199368682879846,1.364946299386256
4158,0.5103275098846954,1.107965845506168
4159,0.47651591202587756,1.0447348009035424
4160,0.45261725233596506,1.219134824947246
4161,0.4627386690343468,1.0240586637293252
4162,0.4423532086668663,1.022467360334489
4163,0.4620933292560207,0.9353418494891195
4164,0.5031641218268755,1.0514056543702062
4165,0.5129757928616793,1.5904660560552357
4166,0.47767774341175856,1.7623033864984234
4167,0.46115633758526403,2.721113344998036
4168,0.47926133408129795,1.2700480951846225
4169,0.432488992086892,1.3996679181034126
4170,0.4448467244222326,0.9838684230174833
4171,0.43417578501608767,0.9934044891190761
4172,0.4363810386761878,0.9620305241890323
4173,0.49008692149977084,0.8157927619600759
4174,0.4779225825106056,0.7874747074923469
4175,0.46984584267857005,0.8154981315714641
4176,0.4775262249326243,0.8978092670440674
4177,0.471568803764084,0.8860464721050078
4178,0.4724004824184677,0.8199853260540267
4179,0.4469707000602796,0.8429700437101345
4180,0.42135609498301757,0.8806609389851394
4181,0.4708584202724753,0.8953015381850086
4182,0.4701616324267341,0.8920157395520256
4183,0.422541816547079,0.9858294337698557
4184,0.48042221613300656,0.9974158359962759
4185,0.44462859688453304,0.9539916249154841
4186,0.507693161084814,0.9718258461905914
4187,0.5029315815388578,0.9420692255196063
4188,0.43464918506955635,0.9973269816741203
4189,0.4611320593982067,0.9968722011279134
4190,0.4404007126984087,0.9987232361025024
4191,0.4905341640838142,1.0852776707954777
4192,0.5437594631921898,1.1167662861277756
4193,0.5319988119949415,1.1140244580009608
4194,0.49213924164910916,1.1626064696358245
4195,0.5268251424275555,1.070559786940084
4196,0.46689555830168494,0.9937810151322374
4197,0.4831414350028177,1.0401921897258573
4198,0.4768794381502763,1.037454037411699
4199,0.5617587820997516,1.029405693984726
4200,0.4855085151288116,1.3745466655897862
4201,0.4998352704117599,1.0828336280526467
4202,0.47792852677187875,1.109332466588437
4203,0.4689923258661066,1.027017188303679
4204,0.4921708124355205,0.9382273774702572
4205,0.4994385028348386,1.2775115555929906
4206,0.43818027128293674,1.0734623849970624
4207,0.453427255153656,1.26360257389476
4208,0.47505572177831407,1.2240413103288816
4209,0.4656551167802903,1.119637085974795
4210,0.49913510304052855,1.2520515166440056
4211,0.4946837882393772,1.0284094955157308
4212,0.536163388525398,0.9937788566339363
4213,0.44411940192713323,0.9921876776565626
4214,0.4297143163032902,0.978518135339311
4215,0.44931034353172894,1.0252105402714997
4216,0.5166055968085539,0.9892275443354857
4217,0.5409328445647527,0.9927465580042126
4218,0.49532620941550987,1.0378947043881832
4219,0.4572195989414326,0.9864236816619206
4220,0.45060529755157175,0.9762566703037151
4221,0.5470989462241386,1.1131049354099534
4222,0.4782656494853566,1.2883094311917869
4223,0.5685480760717855,1.5290115516162612
4224,0.46036108894255556,1.592389469007844
4225,0.4977750049054044,1.5403824280766607
4226,0.49875658027176717,1.5998424401561033
4227,0.49547195232030256,1.8211800594931666
4228,0.5374889142304948,1.5002028606470348
4229,0.49219529026920356,1.3938045021399712
4230,0.46215665514029347,1.407658098970802
4231,0.5067477255191618,1.3041411840799944
4232,0.5006933180452551,1.4809506871167897
4233,0.48981670413202455,1.3107868132082003
4234,0.45476856567327256,1.1312013719845744
4235,0.4575338291311727,1.1529194047150102
4236,0.40691819034733817,1.0930076553983596
4237,0.45681780808180283,1.4708368014363409
4238,0.4285275047843896,1.7269332941296032
4239,0.4695072347678027,1.5254708835222188
4240,0.4479612609715138,1.1127122704265187
4241,0.47474549956692075,1.0404742736260868
4242,0.4281888158576002,1.4415330643792754
4243,0.471802884513892,1.292060681917135
4244,0.4517527987945427,1.1423883982075071
4245,0.483978010207704,1.1453650663199935
4246,0.5276596569320531,1.8306745597459737
4247,0.4303040776437926,1.4123166151417113
4248,0.4748994739888941,1.3043916728890057
4249,0.4578964672621014,1.0735783322343548
4250,0.4616004020265005,1.2010821358671466
4251,0.4690299659099394,1.264542710433886
4252,0.4648810570101136,1.3860174886231285
4253,0.4339360007383291,1.3432877451470755
4254,0.49840311026110234,1.2576193334986863
4255,0.5114919138186186,1.2950714496732916
4256,0.493165594860188,1.1721293746846393
4257,0.45836027675462,1.3545700942428367
4258,0.4543346282347892,1.4932767644669245
4259,0.4603040950390899,1.0581691785923486
4260,0.4204053438982917,1.2332863888694245
4261,0.48117047664031243,1.058966189912222
4262,0.48138973348349046,1.67379550274136
4263,0.48583397298183256,1.394148525103782
4264,0.46860024361934477,1.322529627860171
4265,0.46920577993670715,1.1536874313956325
4266,0.4752688477340254,1.7758634188800182
4267,0.5046247741551075,1.572874557624743
4268,0.5070707045712517,1.787439077803232
4269,0.5215048674240853,1.658274166213656
4270,0.4855714793344146,1.855938683435755
4271,0.4688537016655635,1.3771048008816913
4272,0.4256742320303778,1.3493045267549533
4273,0.4539557047260618,1.344257914325566
4274,0.4508345370153779,1.81175632789297
4275,0.4417059820832558,1.4114040014813247
4276,0.48821336204565846,1.2481396609139674
4277,0.46739781857694235,1.221214667685981
4278,0.44650960373647003,1.0584203514080603
4279,0.5231007363611054,1.164068873067504
4280,0.5190704111914033,1.084675020963243
4281,0.4866282986205758,1.017624246263967
4282,0.5093640005125583,0.9622883084908272
4283,0.4612782557033798,1.2684707358045486
4284,0.4689742835980017,0.9379617259340379
4285,0.4754095922396021,0.9982338078971048
4286,0.4653525086282526,1.4075478656778058
4287,0.476651001323774,1.2995210475134618
4288,0.47360364528535637,1.4041246661862123
4289,0.4250113958293952,1.3797720358209702
4290,0.4394601120532138,1.2754178949930135
4291,0.40113945175143123,1.1816227100427867
4292,0.4921455310965047,1.1319428520295227
4293,0.48119419639550365,1.020751866900805
4294,0.5421041024541392,0.9523219072703019
4295,0.4832652124386389,1.013237953764721
4296,0.43064959477452397,0.9703640532725065
4297,0.46584204504790816,1.0476861393567427
4298,0.47984635482714016,1.4373858860395488
4299,0.5301557015446783,1.781271701877557
4300,0.4956433321665792,1.411430411547133
4301,0.505418855009727,1.259347703271699
4302,0.4254964584285773,1.6800974671123097
4303,0.43986074611978626,1.6805341689332018
4304,0.42086003937767547,1.6321371892123546
4305,0.4613246613914527,1.252462778855296
4306,0.45760320257214665,1.1463645621410852
4307,0.5040816022354422,1.3811130240125564
4308,0.46310553272950994,1.2936807222736693
4309,0.4371837108459288,1.5407749576476013
4310,0.5094028132633098,1.3954078792368325
4311,0.4995229901040642,1.2649276412806465
4312,0.4730669086419263,1.2886463658323566
4313,0.48556696384855846,1.2180330492917775
4314,0.4208362331089464,1.1602236379697486
4315,0.45393186576158095,1.1954315437853915
4316,0.4704819781687653,1.1605318593747407
4317,0.5005682729980321,1.4884216872233789
4318,0.5026548464321395,1.6830232479039906
4319,0.49018227591097935,1.8089952821870452
4320,0.5089367159361978,1.5571423525949126
4321,0.5006236966373852,1.4068114792258994
4322,0.4518056468477527,1.2005384309777936
4323,0.48859424802284795,1.056541847372518
4324,0.44205551934473725,1.3606849914615593
4325,0.45158490538597107,1.7522565901858136
4326,0.45593493453507283,1.3364781650524695
4327,0.5413216728608585,1.4599722178236951
4328,0.508821152946324,1.434497918897462
4329,0.47532608931504405,1.411518332448978
4330,0.4144925194457897,1.3342574209842868
4331,0.48549760690013183,1.2950306667864901
4332,0.45855423923835015,1.4491320130894485
4333,0.4494574891710744,1.1954349279403687
4334,0.4771217194575708,1.0083020937095568
4335,0.5060487652866585,2.0148390496818767
4336,0.49389682840375065,1.5832627328854163
4337,0.4266129367559859,1.2743087069502155
4338,0.4791483549238409,1.5238491927535789
4339,0.4248235798576503,1.375686705691143
4340,0.4890410275135225,1.2453468036883086
4341,0.47354652638574246,1.1583645569468008
4342,0.47818431576478826,1.1624986836053792
4343,0.45707573647637967,1.6465271034287017
4344,0.49244316197136073,1.2095613971497248
4345,0.4195378197049632,1.2614841854688033
4346,0.44669978132525695,1.031431054606021
4347,0.409376431437372,1.1629276894828648
4348,0.4822856731785154,1.1168234961704142
4349,0.4761519125364359,1.1449088581557412
4350,0.5498995749117102,1.3343143139070677
4351,0.5132343988974117,1.1544021130765525
4352,0.4769685699523074,1.1109189171235538
4353,0.4903631279769453,1.2729935212042724
4354,0.4859416999863189,0.9644512782976465
4355,0.45428096264311413,1.0403274181977058
4356,0.41380412080912915,1.2142651827589979
4357,0.5068978840864978,1.0916599145213377
4358,0.45279800862941927,1.3067526389094233
4359,0.452161652370564,1.2520141260137836
4360,0.4556402853391703,1.318730913319634
4361,0.4673217783853846,1.2420292473533778
4362,0.45326308833742607,1.2863370405817496
4363,0.44994296610934065,1.4214251215018114
4364,0.4723255316030632,1.3783466202541463
4365,0.40895771199059716,1.0421666925393263
4366,0.45788838851799085,1.6799908176209162
4367,0.5097827716070471,1.2037856306844545
4368,0.5052831502794062,1.1051043208362987
4369,0.49444185414360564,1.2053463858308144
4370,0.49230560457822187,1.401388258031271
4371,0.4785722621436258,1.3252765495800278
4372,0.5153831116204123,1.4292676356232281
4373,0.4911128146555817,1.1401317443662478
4374,0.44295954125598797,1.1779338115627327
4375,0.5155430224913995,1.179766351736865
4376,0.47710199147752186,1.0638103901761249
4377,0.5011253866177161,1.1192234905020704
4378,0.506071190810898,1.0236447847005232
4379,0.5306093617550378,1.1410964889433777
4380,0.47521790572740497,1.1911322596003708
4381,0.4253103466867243,0.9170947792460618
4382,0.4912998135228759,1.0088471243682418
4383,0.4925154019327997,1.0221223397162353
4384,0.5005190401401335,0.924395194910105
4385,0.48724866723551336,1.1153364667614687
4386,0.4694079305361776,0.9436165424226557
4387,0.4548787318387078,0.9732409420522671
4388,0.45023201333666313,1.0213075233894644
4389,0.5166759872899472,0.9881630458878082
4390,0.5360621335436997,0.9670274454413108
4391,0.4970264093389789,1.0580638404031402
4392,0.4289872484299743,1.0938798148655198
4393,0.47459920054500543,1.2658890479976692
4394,0.4441834450925438,1.2595645420759627
4395,0.4715674710505217,0.9736397584665168
4396,0.4492353565484575,0.9347515395544108
4397,0.44532661472709434,0.823165710689952
4398,0.5018240751572025,0.9132608557210385
4399,0.42458733771611185,0.8928429721628578
4400,0.448066424108246,1.1762543997718293
4401,0.4741032650169817,1.1597243773127066
4402,0.4563343076451311,1.1352959182655926
4403,0.46864575784183243,0.8983357051043834
4404,0.4592960511596457,1.015333724253386
4405,0.4867920638288109,0.8438394104392783
4406,0.4777439222173783,0.9132387447125704
4407,0.4570573105395419,1.0789954575520118
4408,0.48056881375683164,0.9358090683094507
4409,0.4930872277727405,0.9106872718311051
4410,0.5011776552616971,0.9405373977225961
4411,0.4413301817421774,0.9728348266731188
4412,0.4364534225857374,0.9493202329839318
4413,0.5001406640682405,0.9785727291431242
4414,0.5000425872293491,1.4647465735963248
4415,0.47606091302575415,1.16524493752174
4416,0.4803630559189806,1.3467316083537721
4417,0.5505672247664443,1.6862325020206785
4418,0.4877704219910705,1.3335944171090728
4419,0.45644174906813983,1.1452273460267817
4420,0.4513838377971094,0.9858127531496067
4421,0.42572238289036796,1.091118858277219
4422,0.4530624152676573,1.3186839413874358
4423,0.4738356239587358,1.2737069222533588
4424,0.41860678936671286,1.3888630606595753
4425,0.5161572579041268,1.2477543666524795
4426,0.4311822421342424,1.4063748688373752
4427,0.4603013575655743,1.2862835335500031
4428,0.4675844664712554,1.1548751147047986
4429,0.5065341470310989,1.1672992173907826
4430,0.43966309711771107,1.0580897319664075
4431,0.4727843175235304,1.0694718997455337
4432,0.4430028911933158,1.0755572891929774
4433,0.46623876198981573,0.9310564676534783
4434,0.47301437264507257,0.9153436277676554
4435,0.5341455042362213,0.8858785392011254
4436,0.5046038870672578,0.8273461194871699
4437,0.3820495284298091,0.8844243907234044
4438,0.4363396665424977,1.0194668735115273
4439,0.39935655848493856,1.2357390910676382
4440,0.46346186318443816,1.225862146581261
4441,0.41656461213398904,1.4212505678528722
4442,0.44532501639671696,2.038485072191479
4443,0.41597512393321806,1.7268725245901682
4444,0.465015835553697,1.582497446282396
4445,0.48596132785371204,2.004880865800728
4446,0.5115016513657802,2.092660950225534
4447,0.47760649734330407,1.3188679119915638
4448,0.4335553194712667,1.870626692633027
4449,0.46380494520502186,1.8583573473310007
4450,0.47824708408522376,1.2926586004136835
4451,0.4582036432710666,1.6046694146776663
4452,0.455277938287235,1.4209015797642828
4453,0.43358290108662206,1.3660988402598113
4454,0.47373348329831094,1.6093268573862836
4455,0.4889447029354503,1.2430751474158277
4456,0.5038959048326733,1.3653534465623134
4457,0.4958405731951149,1.3813013098772289
4458,0.4209819465007597,1.6472841125090145
4459,0.4822793791016329,1.1494861731251467
4460,0.4850601351376876,1.0593492006792606
4461,0.4575172060901679,0.9945534421402273
4462,0.4827574138502473,1.0461855646476006
4463,0.4197310466789505,1.044888387605982
4464,0.46148658898270245,1.2522997422125732
4465,0.5453518218207127,1.1899004208231436
4466,0.4276403362311206,2.270050265256641
4467,0.44884124600771563,2.0799934117539416
4468,0.46943359265049683,1.4306395048076668
4469,0.4856011259903028,1.2959918582323686
4470,0.40681528929367805,1.1846293535047365
4471,0.407359282947281,1.076634452759641
4472,0.4623844183764411,1.426474026684622
4473,0.47834290375987304,1.2711300051328047
4474,0.454337973617813,1.4844278704772875
4475,0.4677484839865305,2.0727853873401014
4476,0.48045684353819174,1.636318460251521
4477,0.4838778272415828,1.7816924175012459
4478,0.46427823617620373,1.3235043148392613
4479,0.4735745920718295,1.0492561228066972
4480,0.4618123746612697,0.9903572560514061
4481,0.47354907694372156,0.9530841314676896
4482,0.48765071271692667,1.1530923166321319
4483,0.5109144159891073,1.038988119190179
4484,0.4620368503829808,1.0253790802168614
4485,0.45617611836461186,1.112271249294281
4486,0.4476324357454059,1.0061712554357585
4487,0.4694282157907208,0.8676795346065632
4488,0.4641404053539906,1.0546940235258306
4489,0.4869742377579791,1.200517799669099
4490,0.46217624423573317,1.0206226544472778
4491,0.49641422044883654,1.511954187768177
4492,0.5246986602116557,1.1885512928360875
4493,0.45895948253788993,1.403643723830436
4494,0.4943375966502625,1.5106411084388067
4495,0.48290957814281427,1.4348652883640771
4496,0.46489001014857617,1.5241918251352402
4497,0.48368605421584787,1.286635206162351
4498,0.48258998874321724,2.4380338932703998
4499,0.46991586916655015,2.4556555227168557
4500,0.5196505521686332,2.324617507388291
4501,0.4923819520519775,4.13530504529916
4502,0.4854714517454499,3.331697144554657
4503,0.513098810482951,2.872318983078003
4504,0.5203388130780563,2.8517646720108476
4505,0.4655606005955668,2.9164549968775035
4506,0.4920991954294223,2.461580078000004
4507,0.4624638216009418,1.8558903238148365
4508,0.4976000560140147,1.5629963105164686
4509,0.4340814849705372,1.9763619355785036
4510,0.46376789715683575,1.491804004294201
4511,0.509585165283055,1.7842159676320344
4512,0.46019181753825217,1.7508346710390257
4513,0.4637616924869204,3.0542575925299267
4514,0.4949919118464572,3.0794138167668317
4515,0.49816493907021087,2.9889477323559883
4516,0.4180411719581456,2.4245814038711844
4517,0.48981465066520913,2.253853854623813
4518,0.48212930183966185,2.0167513709623837
4519,0.47756298190181695,2.0570477455565075
4520,0.44678585564048545,1.7427513535740307
4521,0.47741643259826216,1.303955960620954
4522,0.4524643635286868,1.4773220697652947
4523,0.43763628775633656,1.3373370025921794
4524,0.45260322325437974,1.5491770338086248
4525,0.42479262132089113,1.5950001107836234
4526,0.453440938759776,1.4427592748577156
4527,0.5125308580768918,1.3554804168858574
4528,0.4745952463844447,1.4905744235492446
4529,0.39928396118497383,1.306187692197781
4530,0.4948877333437355,1.4178792863216214
4531,0.46518838984295,1.474553203119815
4532,0.5311994827488093,1.1721742517739824
4533,0.445095465021226,1.148051723114495
4534,0.4318917237439202,1.0037815194685482
4535,0.4974547735985043,0.9867820566140332
4536,0.4336446789861883,0.9876615856457682
4537,0.4564997325244459,0.9748951075146499
4538,0.49260445705895284,0.8792628680618064
4539,0.45378616162874164,0.9096330797788009
4540,0.43495691227681427,0.9283646715497508
4541,0.5048888771279344,0.9151020958585646
4542,0.44658949826527566,1.0105128762791458
4543,0.4987946239489954,0.9717657230432751
4544,0.5019507691698167,0.9713285767916336
4545,0.46861077396615036,0.8529691406824056
4546,0.4735141882618654,1.0178988431263896
4547,0.45016164195190356,1.0405900217954396
4548,0.45796913371502773,0.9976642617901552
4549,0.522280662962534,0.9093513818620478
4550,0.4438424527066425,0.8802510523101659
4551,0.47934829725802525,1.032034672579719
4552,0.4734600637722941,1.3221287958830306
4553,0.44968283595969377,1.1504355773185064
4554,0.4443307102305218,1.0771471991122348
4555,0.4448519253615037,1.1292853691045521
4556,0.45063397693402557,1.1828796452688939
4557,0.39466047778870295,1.1694838416229174
4558,0.45024000701395056,1.327541604782771
4559,0.4274538454500217,1.38512156831408
4560,0.40037483700270793,1.6229670059333727
4561,0.36436172075641965,1.7591530813754184
4562,0.43880052647544343,2.0213014535533573
4563,0.46389003662229744,1.7257690510703523
4564,0.5023570755153026,1.606421388468696
4565,0.4686557144215963,1.7535549026091122
4566,0.426399146468894,1.6111550904014735
4567,0.46787223827491686,1.515864858928236
4568,0.4836447001660912,1.80140896329602
4569,0.4609657263437521,1.4777638044172121
4570,0.48078447522468937,1.5013896169014347
4571,0.517707961276897,3.127681526165564
4572,0.435586898072252,3.1062883017132585
4573,0.5238823803883155,2.7985035713436535
4574,0.4434701918976978,2.448379695994183
4575,0.48380763741951543,2.605632718326976
4576,0.446602734257874,2.0217748978762953
4577,0.5026000836520519,1.6361007713577123
4578,0.4635338269680449,2.913673101119625
4579,0.5056700101755198,2.4525884899120887
4580,0.48400513986939364,2.394429032663697
4581,0.5104522716651843,2.3876626074892804
4582,0.4805127741063683,1.9931209845450317
4583,0.5102108595440689,1.831119220233658
4584,0.48164864477602026,1.6339905939055879
4585,0.4820177161577836,1.7470715960252632
4586,0.4280410976085848,2.7986887045276974
4587,0.4017921218883644,1.965619313485414
4588,0.4866011596999122,3.25085426650001
4589,0.43756871142433684,1.478846802294833
4590,0.4194203759860067,1.6014278224371012
4591,0.49364486597116713,1.4748542077333024
4592,0.45315046232302214,1.1438688086074533
4593,0.4931693389577773,1.2033852564478384
4594,0.5001528448271519,1.1736295078564616
4595,0.4823499764632253,1.0383023121981945
4596,0.4121763440011774,1.0099923790079877
4597,0.5108779312916172,0.9750197570300797
4598,0.4735211828379955,1.0101484685268216
4599,0.4533650765141237,0.88014465686187
4600,0.5211748480796814,1.208223607354951
4601,0.5294775945469014,2.33864698826688
4602,0.4783874624273152,2.0524161909390424
4603,0.49341810906975014,2.0342106981184878
4604,0.4787394994670905,2.3656212091445923
4605,0.4297119407977873,2.009918605239646
4606,0.5027637656741929,1.8500634125135478
4607,0.46428842451965924,1.6321639979927285
4608,0.5336557215857274,2.3145846568265007
4609,0.49069098592961874,1.7198346031522287
4610,0.48686785142398575,1.666416609171525
4611,0.4834370011264838,2.2503017725296393
4612,0.4471060989551174,1.9190110454281557
4613,0.4765807691129666,1.8639315939644008
4614,0.4687070019036821,1.7586889660474165
4615,0.38513985594499456,1.9615823065192954
4616,0.42276002481145764,2.3665333367088466
4617,0.4764609319492451,1.7708461712864996
4618,0.4035503473675367,1.6405877181627218
4619,0.41917257922366985,1.7212137504688745
4620,0.4886442906069524,1.265486158213569
4621,0.49729336060366586,1.4367712464147402
4622,0.48991760698337,1.466359280845494
4623,0.4762339354718773,1.3776885791889673
4624,0.4679655924584102,1.193373089855157
4625,0.49453572972306925,1.3250356652204274
4626,0.47742649392016884,1.5991936696385873
4627,0.42843445209623543,1.4759754081374232
4628,0.4725210238428949,1.1859075710611435
4629,0.4398050478939871,1.7003836521824587
4630,0.44569790276508886,1.869736710798393
4631,0.45157373356587677,1.5669377174192263
4632,0.4217715882560582,1.2403651418037784
4633,0.47562825043224594,1.1513407375048665
4634,0.4343618299197225,1.0382974008912023
4635,0.44907126380401907,1.4069611655855643
4636,0.45692154736194796,1.030775753618444
4637,0.46680083726216287,1.1054003811576991
4638,0.4439077038788101,0.9701056549850019
4639,0.42766411284219874,1.1302068760094133
4640,0.43091634263112705,1.0332005012382581
4641,0.47809821801278196,0.9963846131435876
4642,0.45698276538293336,0.9521973283545485
4643,0.4779545531689542,0.9311184958346839
4644,0.4930192914981287,0.9441697788469999
4645,0.4416896943907136,0.9476416244090182
4646,0.48284972437377116,0.9688907751759279
4647,0.47553392897531827,1.095613632387328
4648,0.5172266815472575,1.8370825133277375
4649,0.433428271881585,1.4205192883037827
4650,0.47383719422284837,1.4507143850465423
4651,0.44054264698213746,1.5663172810980417
4652,0.44014811226465167,1.423215646766922
4653,0.46751333295720293,1.1622645947539691
4654,0.45080642879587934,0.9525227141611784
4655,0.4742739236759908,1.2417074152566854
4656,0.49792399857808084,1.3547052590592394
4657,0.48461755618308355,1.8347633388435955
4658,0.4676778837315087,1.961237623274905
4659,0.4781716442802577,2.1850224229895954
4660,0.4311537065552276,2.7353994794262264
4661,0.5045054557832699,2.4453161318325303
4662,0.4473785624920743,2.362408351550982
4663,0.4454056383336632,2.513926232324063
4664,0.409222252739286,2.5991145418685617
4665,0.41294800598644515,1.9147275593674298
4666,0.4985966867613561,3.3163434868877375
4667,0.4639881976599832,4.136298999624345
4668,0.4770589798544217,3.195857891758669
4669,0.5135886958501872,3.8301517917114554
4670,0.4647613920054389,3.749618126350699
4671,0.47087087735389044,1.8470234500551688
4672,0.48996977204258,2.3973940362050694
4673,0.5496948410585089,2.1151437724678264
4674,0.5210966016482381,2.60130859636566
4675,0.5514854684616756,2.470519808310907
4676,0.44190711882507916,2.3361979821353285
4677,0.48701828718185425,1.449322192414293
4678,0.4400782810831533,1.6345923537189522
4679,0.4670585364971346,1.165605058947813
4680,0.5348554988509243,0.9556871889864357
4681,0.5054700866486262,1.1518328872699182
4682,0.4691987616344563,0.8881272447919383
4683,0.4353465542052556,0.9515718696186843
4684,0.47849333546694045,0.9499263450937364
4685,0.4599009555520363,1.0855640311842982
4686,0.47145079871983203,1.0052493266688967
4687,0.5101382425687846,1.1186350618751304
4688,0.4731919991159902,0.8978225953370622
4689,0.485099025143003,1.0529517502460666
4690,0.5113206430546289,1.2023846964234288
4691,0.44263709980307275,1.150537970575314
4692,0.43317804550661626,0.9406334989279219
4693,0.44403492247016685,1.0235405842077385
4694,0.5327158008964317,1.095778352427251
4695,0.4864105576450385,1.4108482512455542
4696,0.4682115573906204,1.4992667112535643
4697,0.5086808418764651,1.694573890815661
4698,0.4819564529993002,1.4984901229154717
4699,0.4872152840049521,1.5325402264456147
4700,0.5395315364726538,1.5368177514631771
4701,0.44535676715443434,1.8640644203111962
4702,0.4504203952631904,1.8973398144962719
4703,0.4748771208003887,0.9998688321669125
4704,0.4287619388219222,1.0261182356806635
4705,0.4962332442547511,0.9601517875217697
4706,0.4653291534451605,0.8656325965251738
4707,0.49875449092642776,0.8564471093196313
4708,0.4974836493001401,0.9334077956607041
4709,0.46098702856637896,1.2522811478781468
4710,0.4885608386067511,1.7082734842902247
4711,0.45357582464958857,1.3839746661556578
4712,0.44423089125781384,1.3003325022540047
4713,0.44053677042711126,1.2807189446051144
4714,0.4921845984690398,1.3556063533986655
4715,0.45836108054929564,1.0545409038228897
4716,0.4538449963319649,1.0851312181324635
4717,0.5354038916745232,1.2561139215543433
4718,0.4570240268429506,1.1932722497912287
4719,0.4333027960027306,1.142346690580683
4720,0.5192746114962309,1.2947725017093918
4721,0.4868609641940848,1.8731427811881871
4722,0.4543954683739005,0.9831960097099971
4723,0.45180890918935385,1.0797289910825711
4724,0.45211352711742364,1.5290180936600397
4725,0.5156347248160723,1.8786877364788241
4726,0.4646421647766261,1.2443796581434972
4727,0.49000802983358066,1.1971500324971467
4728,0.4301576025567008,1.8258480776860877
4729,0.4395414182862032,1.6717027402618556
4730,0.5265888710623806,1.0971262564936888
4731,0.4805264085241892,1.1164455072393695
4732,0.4322600816060038,1.3536430250093774
4733,0.40637072833996374,1.2824283884566965
4734,0.458971646804254,1.4995392051715295
4735,0.48053719059934896,1.1687742784185318
4736,0.4626822986649078,1.7695318877118305
4737,0.4620631690164214,1.3386478169450482
4738,0.4500210901487221,1.8697804594502865
4739,0.4534581428013959,1.163275623784482
4740,0.451920666740936,1.2365914137618055
4741,0.4743099872348378,1.342684372536187
4742,0.504599505257838,1.4408354504594525
4743,0.4163101946265952,1.31786330579554
4744,0.4896284336025275,1.271300242363828
4745,0.47241935249671196,1.2908231685462508
4746,0.4650588967267749,1.1211889339882193
4747,0.4532347587705816,1.301198553113104
4748,0.45640877149637465,1.1809322504163946
4749,0.4312961830676181,1.1575414567317777
4750,0.45922292667685205,1.292501034667191
4751,0.4841956831876514,1.2578633398685641
4752,0.4196128470515742,1.5047837675196454
4753,0.44604388949940504,1.7491352743315465
4754,0.41635386009239456,1.7710329456236755
4755,0.47603443641107057,2.355426402925288
4756,0.4784593894643691,1.930540170484376
4757,0.4987931841785468,2.1070626331764517
4758,0.4852115633418259,2.4630937246443
4759,0.4880037463984443,1.34257177183929
4760,0.4532666212146722,1.3588889652085536
4761,0.47924566963343945,1.2249358070706857
4762,0.47394639427222096,1.1112114572987972
4763,0.48162889596327996,1.182619517868005
4764,0.47303705105503785,1.09625072849607
4765,0.46239214093939773,1.230027806990355
4766,0.4545310104934915,1.4440909219019622
4767,0.45488225979712404,1.5671602996807654
4768,0.46762891938385454,1.5017984463173208
4769,0.46602873952643387,1.90737581079446
4770,0.461760118169692,1.3862109699295562
4771,0.5046700129231203,1.452921743531829
4772,0.4951018789439525,2.328641049491549
4773,0.46537204853539327,1.5259849880505534
4774,0.4853397625163921,1.2289024035907485
4775,0.5000476756142181,1.2423929039714405
4776,0.46701691277976176,1.2033685399490652
4777,0.47404236932402677,1.1698090104223455
4778,0.4322247487827412,0.998415267583236
4779,0.4674991050970207,1.01110595522575
4780,0.4371329042518023,1.0618780764561255
4781,0.42114373202462796,1.0820288322504283
4782,0.433518030689758,1.209987290275907
4783,0.4249360523756268,1.1449034624886745
4784,0.4706778908238828,1.2949490356213837
4785,0.4822896690044588,1.126128501683763
4786,0.5078772922742714,1.3734551627659104
4787,0.49896324953986604,1.7836886441823347
4788,0.47523473969941,1.2710656546851964
4789,0.47244262941253995,1.5062445240113342
4790,0.4310754444992658,1.334571005649937
4791,0.4687975647958737,1.1827697719185097
4792,0.4441364097942426,1.3351171334970344
4793,0.46778636360631404,1.1012589890980027
4794,0.4372071965226849,1.0130714235953915
4795,0.47952372732671716,1.2191835543484364
4796,0.5640660906300962,1.4973176023335133
4797,0.4687299259657999,1.8710406862416313
4798,0.4761563976412838,2.908809482472614
4799,0.5372205793278889,3.8980848083218325
4800,0.5162493580753363,2.550595742984883
4801,0.447524170273716,2.797201991081238
4802,0.47754393503503895,2.867614434760751
4803,0.501365020437148,2.7809732400097893
4804,0.469098520510405,2.942186734630066
4805,0.5463477986530193,1.90855692370424
4806,0.5105277687600516,2.3009847541457242
4807,0.48990412418124746,1.8449803226202437
4808,0.42026681402354565,1.4708083324062013
4809,0.4647844329621028,2.0401905746135895
4810,0.4543221228331038,1.9088061422977634
4811,0.47925266652431303,2.0028792810671536
4812,0.4409617417067,1.9076324076328464
4813,0.5042542300178009,2.28798085046046
4814,0.42485925468426305,2.995694971200332
4815,0.42924802048692423,2.501795502542292
4816,0.44728874870874347,1.8680619325452639
4817,0.44513653435753386,2.7058221969789673
4818,0.4978221342401597,3.2900768865659398
4819,0.4883013928978189,3.057400890924398
4820,0.44530382086929765,2.4918474873292795
4821,0.5612035619402395,2.540041289283234
4822,0.4704467168132078,3.913767934424206
4823,0.4976130967001313,1.6019447590540914
4824,0.44707051469284353,2.8460614143066034
4825,0.531938320224725,1.7465714117855702
4826,0.4906905264530367,1.5831602973845398
4827,0.49511884543502216,1.5418558421644193
4828,0.518110630002994,1.2500534711532223
4829,0.47566843842997136,1.4356894990772877
4830,0.45286381794411,1.5501016482566168
4831,0.5019234569327345,2.0272699970643497
4832,0.4848793554074556,1.470016842328229
4833,0.4472036384841771,1.5310240920307567
4834,0.49276995253794403,1.212940766394717
4835,0.5346741780494023,1.3219076233002747
4836,0.4760048013288998,1.2734599969919445
4837,0.4679034138188779,1.5440769207130358
4838,0.45237030913528886,1.2846997293453772
4839,0.502443853512551,1.3558299414162498
4840,0.4957579675230008,1.2442438706610968
4841,0.5193819484664398,2.015811013943941
4842,0.5695583661204403,2.7028329511290616
4843,0.46995074916811824,1.8214920111072874
4844,0.4521634277788181,2.0164968284588416
4845,0.5114436250867196,1.9569681107419208
4846,0.5124659063746628,2.7544727169194267
4847,0.47687145749342097,2.5486651849978177
4848,0.4685054430105154,1.3117205222833503
4849,0.41803988033128014,1.1493171904850932
4850,0.4793287145281301,1.174837661020964
4851,0.5195350612251504,1.433518814809114
4852,0.4677392996630622,1.3279247307082982
4853,0.4786213468579413,1.2018313610438005
4854,0.4098137132461789,1.3534500569973178
4855,0.4557691910891857,1.499328821029478
4856,0.4875235916341393,1.284051509736811
4857,0.5268845523445351,1.5324994962192275
4858,0.4864759989155149,1.1798997266778668
4859,0.521480210487125,1.3673858387956341
4860,0.4563766743951631,1.6052150298090815
4861,0.5073966800587849,2.001444722842244
4862,0.475144908555503,1.50309397063209
4863,0.44799063738109995,1.3490148724861515
4864,0.5058632038750694,1.2887269652005537
4865,0.43527116416727457,1.202067593926365
4866,0.46784945714820936,1.0405801048556578
4867,0.4326926359852541,1.2631123308996552
4868,0.47703149278187057,1.5648608769027932
4869,0.45994408558873295,1.3625556184250174
4870,0.4714480713733192,1.2815003551325752
4871,0.5097052531624303,1.197264047502314
4872,0.45620285133713656,1.24979655835235
4873,0.4379504829355814,1.114434310533468
4874,0.4467080565332209,1.2493981556984985
4875,0.4803944600438609,1.0945312866886843
4876,0.44557452780529133,0.9400713802541344
4877,0.49023792870993754,0.9596241735717626
4878,0.514629498558137,0.9282121646751478
4879,0.4498256274218698,0.8888458522778113
4880,0.509219842628368,0.8523861106159618
4881,0.4867230723205122,0.781383928164695
4882,0.4072428988021554,0.8630649985618961
4883,0.4549706494345248,0.9835500821326543
4884,0.5165984283373194,1.2070633965788535
4885,0.44119934260266497,1.1238583951320462
4886,0.4594384935295698,1.155972150922979
4887,0.45899212881199364,1.1692669148584014
4888,0.5213401277811782,1.247815092211788
4889,0.45344862255077917,1.325172425473778
4890,0.46958991103959313,1.1123800034661895
4891,0.4261112051102722,1.0830382918848576
4892,0.4906726190187399,1.0420936392348947
4893,0.43870176172372205,1.2724208941737425
4894,0.4429138626867128,1.0980526422991337
4895,0.44377485322720794,1.0984156444234756
4896,0.49793037569638593,1.319105052832261
4897,0.4860552410477573,1.1083026262162958
4898,0.5196335958045664,1.0296555155689278
4899,0.4655824037431513,1.1829226526241858
4900,0.49314043822797754,1.1301941107777715
4901,0.549102968093261,1.051399759875918
4902,0.4939768806244563,1.1392673566503433
4903,0.4226101226019628,1.1347888158363046
4904,0.48857468019411404,1.3462896358619616
4905,0.46245694883818766,1.1219639847579512
4906,0.44192114414520633,0.9993882723224973
4907,0.46336244379432456,0.9331542369231437
4908,0.482051810593281,0.9324857193289451
4909,0.47013606492755483,0.9736461211176752
4910,0.48844386767415165,0.8906693632162891
4911,0.4553036984888095,0.9533013261637642
4912,0.4070747069363455,0.9802227431130641
4913,0.5130796976459836,1.0339128189873927
4914,0.48083518546761816,0.9262654908652445
4915,0.4776507352741019,0.9244595760280646
4916,0.5337856591326519,0.8625459103908354
4917,0.4783682419547757,0.9295546285157065
4918,0.5158777821411207,1.1322197057668446
4919,0.5037882015543077,1.3492282750537095
4920,0.5009753252696065,1.2613116120829166
4921,0.47881432355028913,1.156659209612504
4922,0.4240912783493116,1.439587373756668
4923,0.48295681974262866,1.2503312287978756
4924,0.47489185674676615,1.217368059945338
4925,0.4720213019732133,1.5970738900517953
4926,0.46940692593750444,1.0263832182560153
4927,0.4556065387662175,1.2460333531342664
4928,0.45778253066886976,1.1484278926571596
4929,0.45680405040389127,1.0788538351799677
4930,0.4641779421023952,1.3275821382559618
4931,0.44108626680466734,1.3118509042610242
4932,0.4597616602205536,1.1906640402321678
4933,0.4583757213018473,1.1180710960360407
4934,0.4912577636033586,1.2201210943240564
4935,0.4781964102995048,1.2258251216805096
4936,0.46712122206549045,1.1728631686238409
4937,0.48577046973034016,1.2705584029549535
4938,0.46171009714163624,1.1352044297653494
4939,0.4648239401359003,1.0219943419243525
4940,0.43190383534987,1.2224837385335015
4941,0.39664958663357114,1.0642361866617667
4942,0.45178791446593203,1.0267409346636058
4943,0.514694928254896,1.037526727301403
4944,0.44103283731682785,1.3404323088312613
4945,0.38418021595593793,1.3354121330872322
4946,0.48688075756563726,1.151482582670971
4947,0.46040964763141373,0.9945701135015025
4948,0.47335545675268453,1.0850405988183993
4949,0.4285911663064679,1.1294021461773844
4950,0.5081271668082302,1.2581515306407967
4951,0.47424444064353277,1.288405329278372
4952,0.5309887030749645,1.079693962069391
4953,0.4688587408621334,1.3375695585047158
4954,0.4803949206778147,1.0598002353918206
4955,0.47035537703523356,0.9446446507879831
4956,0.4798732434661643,0.8750566817024379
4957,0.5032047881084738,0.9532542703221145
4958,0.47926912029970037,1.04026338139784
4959,0.43485429014974425,0.8330283060814571
4960,0.5169183924360182,0.808270306841841
4961,0.4885398106088916,0.8504667941806385
4962,0.46361707339009034,0.7987817687895692
4963,0.46971933471346367,0.8264796641266462
4964,0.4730315648236321,1.3484399011991557
4965,0.451928874242653,1.2765674984570845
4966,0.48613709052210874,1.2904837634956952
4967,0.43188215256894674,1.2893401181813582
4968,0.4355448426552189,1.332146970392431
4969,0.4566437005996704,1.333421361677855
4970,0.5126425623893738,1.1439624689157726
4971,0.41795817335832464,1.0323316616919433
4972,0.46275982231769747,1.2599856656731911
4973,0.53594210338824,1.2374090257200223
4974,0.5600841421525455,1.2211595675320301
4975,0.4568709519881647,1.2037776673881753
4976,0.4062776232807382,1.166700961520371
4977,0.46502307780738017,1.1855511173461248
4978,0.4968730136028771,1.1483008010873517
4979,0.46880669732695646,1.3913510545943548
4980,0.4996600799190188,0.9461271849650781
4981,0.5037875175476074,0.912553288404224
4982,0.4983015968961623,0.9473515818419965
4983,0.4769244275046784,0.8565974229747809
4984,0.48627000670988585,0.9670435398527719
4985,0.49319595098495483,0.9223825682714147
4986,0.4558414544874025,0.89411176524116
4987,0.4811837690547832,0.9879225625575168
4988,0.5180175107659646,0.9810574407716399
4989,0.44642239403956147,1.4525264576800818
4990,0.4550303267043771,1.4603272850073656
4991,0.4659054409531714,1.187778994296361
4992,0.4838602456074316,1.2864416368956704
4993,0.4310319446822972,1.1794983027050796
4994,0.4622235084042966,1.2525483884857695
4995,0.4446239407780101,1.2034879257378068
4996,0.47033865359223004,1.195534172567349
4997,0.47253471453791684,1.2689242027338268
4998,0.43717328726666643,1.4804519652162942
4999,0.4411523371066862,1.1871473887591686
5000,0.45662216306890097,1.0799148082733154
5001,0.47440176883947505,1.2196663403973995
5002,0.43688381181179897,0.8571624321844972
5003,0.4902353940658199,0.9117319363992191
5004,0.4519765605625597,0.8867202435882346
5005,0.4511590689710043,0.92843705936543
5006,0.4410795280076925,0.8281807315002367
5007,0.4736738326480088,1.081915408083536
5008,0.46627703164387674,1.562035142218025
5009,0.4789689527553262,1.4027562633301447
5010,0.44700412582425236,1.1764375636878524
5011,0.4984845941506543,1.2218408376267813
5012,0.44524353221782204,1.2785318991512928
5013,0.471334835858021,1.0737569719842337
5014,0.430341651717436,1.234140783259012
5015,0.4820481781820649,1.3858054459673688
5016,0.46246482041275616,1.4667989646346824
5017,0.4537256018629352,1.46918150174965
5018,0.4760256212891884,1.9241764643817272
5019,0.4566023647785187,1.4059002798737832
5020,0.4711562701799337,1.9530188834782942
5021,0.4321909092583703,1.2171504700068132
5022,0.5272890283066092,1.2713433625628647
5023,0.5164758065371837,1.300307693412003
5024,0.4847263549138041,1.6692722671240279
5025,0.46376794547710604,1.1945703110648591
5026,0.5027794793103505,1.534404672465278
5027,0.5007010368467535,1.38984231520625
5028,0.47916582313556116,1.2058459080538704
5029,0.44777471434722826,1.2489683576000548
5030,0.45808990314168835,1.4729279910476463
5031,0.44887071587507005,1.434091879326163
5032,0.496828028588619,1.6825539909520195
5033,0.49122195220688014,1.4697381784615007
5034,0.4007930608050337,1.544357270291708
5035,0.42044058442115784,1.2007393588140174
5036,0.4801532831585523,1.2164147681402928
5037,0.39975073499586977,1.019427469633158
5038,0.4416713575715,0.8903445236891219
5039,0.45121405772792483,1.0918957058665821
5040,0.4247532637373915,1.1296816063158721
5041,0.4341380691644057,1.5616690094031176
5042,0.4236873955402559,1.4018350411387324
5043,0.5053462519229037,1.469300226679126
5044,0.44025814417496467,1.6589609824338005
5045,0.5052823586371339,1.6548470044598995
5046,0.4877718119945341,1.5901090028216538
5047,0.4456215231742674,1.2290797077336357
5048,0.48736726253935436,1.1671353891057876
5049,0.4215876963532087,1.2735351549768912
5050,0.47721556147325384,1.1078429719776783
5051,0.44419112280734535,1.1350033445265686
5052,0.4474924253028573,1.0583651517201396
5053,0.47902648194322306,1.0131150472511365
5054,0.48478129737585496,1.1898003365229635
5055,0.4698414345389431,0.9395709888448993
5056,0.508335761074881,0.9006878941961862
5057,0.4785044326365573,0.9038959666363244
5058,0.4595771119432542,1.0211184638217814
5059,0.5114013847795505,1.004423430243742
5060,0.4518971816428657,1.1066328431796102
5061,0.47387068711438224,1.0573578106546866
5062,0.487589964299526,1.281985865634622
5063,0.5066398179646835,1.2182567478383628
5064,0.4799832898436241,1.2969224626578173
5065,0.47340689295703925,1.042203236552118
5066,0.43925016018950824,1.2217430669127158
5067,0.5128969746885947,1.144332477768648
5068,0.4515399818570868,1.0141707554604242
5069,0.47917511740934504,0.918830286530615
5070,0.47912890818512555,1.43355390747774
5071,0.4436952228685027,1.1675417718378085
5072,0.4634071229730995,1.0207785437408003
5073,0.4999134650508177,1.0210273213756895
5074,0.4822136186858983,1.005823286412989
5075,0.524277790078839,1.0972018554372696
5076,0.4653923036982712,0.9803901974437306
5077,0.5256503450060354,1.1756001114845276
5078,0.483483635106133,1.1768709149175478
5079,0.4811029208516612,1.263660742241202
5080,0.4576305784646747,1.1075072734101306
5081,0.4238134547344689,1.3690520866403302
5082,0.5019178214003739,1.4783234879808518
5083,0.4773371841722322,1.5409530875752273
5084,0.41710345374727714,1.4300179846078447
5085,0.48482694845755125,1.2747030518587352
5086,0.507587144675764,1.494942870533582
5087,0.45130606198195117,1.4855401776369335
5088,0.5043744279921634,1.560347772917701
5089,0.4072303372679405,1.5233721397455455
5090,0.4875733314208614,1.842986182101722
5091,0.45224723017331464,1.7721658927723043
5092,0.40171356426859367,1.737531200195979
5093,0.40121093074094905,1.157292433734079
5094,0.44341817758615737,1.066465779415612
5095,0.46967031018247885,0.936837722375555
5096,0.4133693143291381,1.2877304773886227
5097,0.4838454529498387,1.0737723586628738
5098,0.4213360323778634,1.0354662815343987
5099,0.42345680744902603,1.0678341244030924
5100,0.4217585730321199,1.1236117806249453
5101,0.4703288315569313,1.1855268310574651
5102,0.44495520024623686,1.4785707407784694
5103,0.4587488128143607,1.2980356025464326
5104,0.5351858370512435,1.1871121195913519
5105,0.46968586757345104,1.1900120736325828
5106,0.4388518321861341,1.0484653832843003
5107,0.49606007800518886,1.1644574785695492
5108,0.48256012189735487,1.2891317166171028
5109,0.4460644169339856,1.3107822728388518
5110,0.4722770817071489,1.584112787130967
5111,0.4876023716139562,1.4472845040478752
5112,0.46039458183408943,1.2041680882277999
5113,0.4351917447395695,1.238885534619822
5114,0.514312185130073,1.2928644355060985
5115,0.4986300433723672,1.0251769579729988
5116,0.42448642647382123,1.3435766945764855
5117,0.4634381399571317,1.5231773853302002
5118,0.4751518643596797,1.534587147166428
5119,0.4287237808542344,1.5720899151366892
5120,0.46715983545895917,1.6621452483158667
5121,0.4997088544577071,1.6848797045865105
5122,0.46487655338731787,1.2082927799919276
5123,0.528881892417241,1.327647990972093
5124,0.4638710884214605,1.4113382870711169
5125,0.458257537443661,1.8383718457036806
5126,0.5013988776114381,1.5061833106198357
5127,0.4609584669465,1.4016627507302368
5128,0.42716117969994405,1.1454028678171844
5129,0.47052880629752447,0.9903763208574462
5130,0.44646588575492785,1.190083785543164
5131,0.46653229924081596,1.6592597486903367
5132,0.41499186806308413,1.1744758700861515
5133,0.4343813102222183,1.4401948191587208
5134,0.5500624613854491,1.4160123374855633
5135,0.42559797034680263,1.2215747792743943
5136,0.4193883157760194,1.197271433848779
5137,0.48949881549020413,1.2032719190838268
5138,0.4817717613525761,1.1035893084933457
5139,0.45714969195208505,1.199619805349887
5140,0.4187271160986817,1.193837758985538
5141,0.480346697626762,1.6728573615111193
5142,0.47583891379023063,1.1975594903658895
5143,0.45093825546283167,1.4562778403458085
5144,0.41264621956834513,1.3682675616255084
5145,0.49267487907872615,1.684614422830563
5146,0.46207080766992664,1.3630483746528625
5147,0.4867209514367928,1.080187300455223
5148,0.4356453864319811,0.9781272150937793
5149,0.48783147016775263,0.963697031284999
5150,0.48188844033815326,0.9224753246724027
5151,0.4513241122069868,0.8811699319811701
5152,0.418147974801295,0.9402999565439317
5153,0.42505018687942653,0.9904506044480407
5154,0.43657906425809395,1.0280674950590412
5155,0.4581859354833955,1.0211144975088176
5156,0.44009572036058,1.195652483736427
5157,0.4299980451181097,1.084828063700963
5158,0.4037232550891858,1.6230049463151728
5159,0.4472880375038073,1.287664465533877
5160,0.47321193021478003,1.3047003248362865
5161,0.48604979850713487,1.062747426403379
5162,0.4867773935632798,0.9635910681150492
5163,0.5164630112138767,0.9802776604022795
5164,0.5025416045512968,0.8750511471507618
5165,0.4480728099068392,0.8237748487481793
5166,0.4533267646159941,0.8547828203266107
5167,0.44550711321599273,1.1397908758191229
5168,0.513919134163162,1.2708654999732971
5169,0.5152509131477875,1.0532982158429414
5170,0.46181668876444254,1.3605298278401199
5171,0.5084398296272871,1.5568117800268155
5172,0.46526008960112786,1.4917660193535889
5173,0.4506181132735558,1.3516903496482997
5174,0.4401096580097976,1.1241501511879337
5175,0.4892395376001747,1.4468196080726328
5176,0.47096810352455065,1.2816838587372048
5177,0.511357467296054,1.154665587017837
5178,0.4363892740994981,1.4456433404996558
5179,0.42555710485259307,1.2251893565492722
5180,0.4492591557282846,1.20444055899833
5181,0.4646158594529606,1.1155257971541395
5182,0.4664971400233148,1.0416365804024112
5183,0.4699375953489137,0.9796843331994363
5184,0.44292358432001283,0.8837290290489938
5185,0.5021027939990886,1.0710287695949516
5186,0.5476390077072439,1.0779584704093563
5187,0.4432302406690653,1.1643801227356623
5188,0.5011339421989849,1.0086846727769352
5189,0.48891574491574924,1.0976493190793157
5190,0.5066765373192944,1.0381465710482551
5191,0.4450670671694487,0.9775105749519126
5192,0.42118157692325925,0.9158015523142028
5193,0.4818533520096714,0.9009252618817449
5194,0.45707000806493664,0.8501155665777262
5195,0.4692552766753632,0.9604921786530504
5196,0.4839876022153688,1.0499453579337852
5197,0.4909246772238352,1.3736420597844912
5198,0.4297452508245857,1.4297787489242924
5199,0.47246378023647567,1.7355749491349006
5200,0.4227651456027355,1.7058672922328837
5201,0.4933894062505185,1.463808085733247
5202,0.48405189247964653,1.128468141393754
5203,0.4685792789875882,1.1063590205988838
5204,0.4779149646897918,1.1755418939497864
5205,0.47878645403871256,0.9652808759976359
5206,0.4495291666498462,0.9070458290646377
5207,0.49406364820535903,1.0168448622944286
5208,0.42172697128601444,1.002273917776867
5209,0.4450166384571964,0.9156024918972867
5210,0.4882946101207178,0.9059852054975566
5211,0.421208197052039,0.8351639613364507
5212,0.4632472479806363,0.7337071392142657
5213,0.49545570253168497,0.7979414978073639
5214,0.438491927188577,0.8259796801122646
5215,0.4244872574667329,0.8314665717986024
5216,0.45251510212722335,0.958020211423485
5217,0.418428924766559,0.9448223096653096
5218,0.5023359476941304,0.926769107290842
5219,0.4063416393925843,0.9906289068240564
5220,0.4690572416898116,0.8977554486793222
5221,0.48427405287918535,0.910558981802857
5222,0.46173514411287403,0.8611971735954285
5223,0.4243257841438923,1.1274717363339026
5224,0.42988587120204297,1.2542839889387483
5225,0.44809116466531473,1.2160918145503812
5226,0.48791605292014706,1.1255595157447371
5227,0.43910419767342723,1.0021168196085588
5228,0.47167301264781397,0.9432621980176389
5229,0.47424334866329304,0.8870376122807994
5230,0.46682813098129716,1.1303599708288619
5231,0.5016355670771553,1.0439723996282781
5232,0.4348913199693254,1.0455163977678539
5233,0.45341335106821895,1.0750284466928648
5234,0.47464527377804505,1.3950505708027812
5235,0.4107478330436262,1.2521051579308742
5236,0.45395926132942865,1.1483340361743297
5237,0.43021313252958276,1.2546624680167262
5238,0.4191765380137175,1.3033326736931663
5239,0.40546934321088696,2.0313225486903517
5240,0.3961516926155507,1.7290488608832497
5241,0.45831817735746067,1.5758327477186629
5242,0.48111945072424067,1.3526358720168328
5243,0.4352642945872927,1.6070340559320542
5244,0.4444983491619814,1.4665340763851278
5245,0.41402727134019424,1.5152610997551854
5246,0.47491656750151257,1.6374141608627097
5247,0.45330317940526793,1.8157860162188706
5248,0.4563047891681634,0.9922978409285684
5249,0.4580131699737993,1.0580526266283201
5250,0.4582932296308499,1.395660747023462
5251,0.47685338224022134,0.972963638676023
5252,0.43780005007114225,0.7579630659621897
5253,0.4814971812720438,0.7639659180224521
5254,0.4434352187277044,0.8288429119054553
5255,0.48015188273874304,4.8912031112365355
5256,0.4779447155091369,3.178801701485532
5257,0.4684550837405677,3.8857709730713115
5258,0.4820709193794473,3.312281007326922
5259,0.44791033661481244,2.0926608697881974
5260,0.485938021858919,2.3307827838416237
5261,0.45523536263160336,4.873757108322625
5262,0.5116989977151445,1.9394475401026532
5263,0.5063028231407832,1.340829133408741
5264,0.5139916110964655,1.7905870531369181
5265,0.48652505758896614,2.5576925295070536
5266,0.4416727695650267,1.5233607378978173
5267,0.4426827980476676,2.0225115505237024
5268,0.46864260226777454,2.278255928488611
5269,0.4809249104226677,2.1598538634846514
5270,0.4268644753011685,1.7210135101114663
5271,0.4298062914783515,1.9823406153512233
5272,0.5147433072617911,1.401046417291882
5273,0.4742172667123739,1.2320506734755432
5274,0.5338263465362845,2.0026222432701335
5275,0.48513726007591174,1.6766472429905124
5276,0.5002585684211509,1.5282676671315165
5277,0.4354831518478764,1.3149506542289142
5278,0.4722238726986265,1.136290462850367
5279,0.4635319967293045,1.4833406209945679
5280,0.41742371471182815,1.6088885097827725
5281,0.4488215654799082,1.7507209991945805
5282,0.45073749891762593,1.3418736648791045
5283,0.530351721546025,1.6723547410039068
5284,0.5052718219247837,1.1070842326266095
5285,0.505637008298948,1.293093610157087
5286,0.4234976230315792,1.9118523557209275
5287,0.44116125928545463,1.420032384326157
5288,0.44437413366095535,1.1988307052445644
5289,0.48887811731366276,1.5560870321051588
5290,0.46167836258712325,1.1523435671352646
5291,0.4722086596257478,1.2528923472154487
5292,0.4675083542333066,1.1036602935744722
5293,0.4141191099453898,1.2274398994677276
5294,0.4730642976112736,1.496245905033593
5295,0.5325549493715601,1.2617857045340306
5296,0.5603890349564044,1.0099154450361012
5297,0.5208806812184529,1.0388963286159107
5298,0.45584344806023014,0.9785154699121864
5299,0.4892305002629178,0.9445499100731415
5300,0.4790974323031972,0.9095311494706904
5301,0.43660924735578516,1.0676744829103784
5302,0.47322009257899905,1.0930927326378312
5303,0.43271967392523314,1.2927927091283706
5304,0.4897806187277859,1.1899021736626487
5305,0.40082724349012655,1.2460892993269614
5306,0.42656002345594385,1.1023847796384572
5307,0.4477585235845695,1.0189730970604907
5308,0.45510233779555387,0.9655803997539779
5309,0.5230591771672073,1.4816209158851106
5310,0.4685797726066367,1.0436894291812935
5311,0.46895796002693546,0.969676917039075
5312,0.45990505727749426,1.1045660567515105
5313,0.5042430095880934,1.0675112211588518
5314,0.4862653832991146,0.9612464499705046
5315,0.47367161338769115,1.0457300734751434
5316,0.48549970087495825,1.136608249354131
5317,0.48141435396324084,0.8761371431998837
5318,0.4895488041118511,0.827251780959009
5319,0.4494312906149522,0.938092449336376
5320,0.46589347257197483,0.9802804560337252
5321,0.40078832874599013,0.9097516143206253
5322,0.450421186037434,1.033284149123627
5323,0.42175998184287433,0.9174607112569716
5324,0.3905612510963551,1.0169582106534718
5325,0.4326288572792868,1.0610767678149695
5326,0.4835507626672393,1.0644739947272737
5327,0.4652496518440617,1.1049289466107932
5328,0.46595518681609516,0.9053253537242852
5329,0.42645938940418576,0.8354839995069411
5330,0.5146455880507682,0.8089606623047764
5331,0.47206463049916386,0.9937102302764226
5332,0.4720061357738902,0.8160968202989078
5333,0.429584967858583,0.7599185548939751
5334,0.46040616915063953,0.7434227345059219
5335,0.3997446420123276,0.8107775970570092
5336,0.44008788726862197,1.6113526983168518
5337,0.4288778498913478,3.977142892416241
5338,0.4700639816453156,2.5790543625655684
5339,0.48943791227433286,2.2401632643440395
5340,0.49818164168052304,1.7197958202037997
5341,0.4436215897208279,1.6739721101464577
5342,0.508334142779841,1.508160944702556
5343,0.4760404677645674,1.5041210055351257
5344,0.4925486671114431,1.6299902316436028
5345,0.4270402485305823,2.21283834362493
5346,0.5017671648738453,1.8889033765468783
5347,0.47525098543722655,1.8315685310410064
5348,0.43543554393990525,1.770057363417542
5349,0.4502389674047822,1.8259607923841013
5350,0.47830369692404295,1.6968629441214997
5351,0.4340806869627203,1.3262026072705833
5352,0.46023921133245077,1.6708971678631976
5353,0.40345837711130533,1.2628631261945928
5354,0.4414729805825983,1.2225261695176652
5355,0.5220537770141676,2.10168038757102
5356,0.48490441771386894,1.0735438130434276
5357,0.47928798661648647,1.1262496848708217
5358,0.5035499010271239,1.0701319789423527
5359,0.47286848564749784,1.1284005867624747
5360,0.47996380549032713,1.0666346787249001
5361,0.42867930363682866,1.0508570433820335
5362,0.4766283139441777,1.2779083934802453
5363,0.4426605678299098,1.145427085242225
5364,0.4313661114683429,1.2177043510872183
5365,0.41067236141093727,1.086078062798213
5366,0.4356326319060279,0.9446688549032489
5367,0.4022793110134532,0.8171431132890645
5368,0.5404164848975765,0.9846784240991167
5369,0.497119584129852,0.8831257038903468
5370,0.49613115972685584,0.8175607352580839
5371,0.5376541929916271,1.115251335125525
5372,0.5076897254267942,0.9613610720171512
5373,0.5311405516943886,1.114067275547287
5374,0.46354066283957474,1.2052225765672702
5375,0.4227609975824078,1.1127442121505737
5376,0.43623071908950806,1.240979208529574
5377,0.5076961256925342,1.2742564232604017
5378,0.43035379146198627,1.528751614603024
5379,0.4488414421822261,1.4318683436773356
5380,0.48254506796309093,1.5447834568116272
5381,0.41237330234166486,1.441267201044027
5382,0.48387897390763734,1.4396917646371046
5383,0.4839729631988748,1.2363320004592822
5384,0.5090708200213978,1.1394764399065556
5385,0.4385220014933244,1.046143569413898
5386,0.4620440286918751,1.0689613124699269
5387,0.42337229008813504,0.8866927884157422
5388,0.4200244470707421,0.901701046425162
5389,0.469157676094944,0.9007231072314734
5390,0.42052162387996045,0.8780906032590032
5391,0.4446039995522175,0.9006851737939038
5392,0.47916868300113863,1.0196479339044071
5393,0.48789065844804336,0.9891224191026781
5394,0.4253807021576224,1.0781753011120176
5395,0.4573757781565768,0.9130382289006872
5396,0.4379779308745005,1.109276123417234
5397,0.44849545429053816,1.0937412265435005
5398,0.4818022725651565,1.660039984485478
5399,0.4559218987677861,1.44079466352185
5400,0.44445318678050366,1.4508229227899347
5401,0.43779107378524484,2.0598488143346843
5402,0.45285050440760494,1.8982897788575552
5403,0.44941998179097775,2.402327160812119
5404,0.4167003559256063,1.4225115637177403
5405,0.4609222504699114,2.4791356226772936
5406,0.47136162669913284,1.477237856503829
5407,0.4769195717515297,1.3736062495453845
5408,0.4252774796439606,1.60968151023087
5409,0.46652701583880823,1.4099326920740813
5410,0.4645950996760026,1.1899429478691619
5411,0.5491105147357126,1.1823093364539656
5412,0.5066431998049171,0.9717807596169629
5413,0.4188263913960133,0.9382582063813811
5414,0.43178059811730984,1.0253987948871353
5415,0.4974234133090788,0.8948979030535059
5416,0.4560591966203115,1.048743404231025
5417,0.48122812937764287,1.1376960665276907
5418,0.47552134516169725,1.1779762512271843
5419,0.4721323937467001,1.218745110104385
5420,0.4678005738165772,1.9080231224448936
5421,0.4489238470503428,1.1519742822184147
5422,0.4696787723059793,1.1846461359736988
5423,0.44957021197069036,0.9359951123450566
5424,0.493427286159645,1.2604039132016376
5425,0.4609346036772126,1.0747302782188342
5426,0.44422017298277144,1.5217599336383412
5427,0.46899427198669286,1.3212352186730765
5428,0.4698756134625777,1.1852336300229562
5429,0.4744137253576112,1.0856273550431705
5430,0.440112017890782,1.7045809591858132
5431,0.4783880762683535,1.3450439329286223
5432,0.5168346930476069,1.0961502813598485
5433,0.5239554429517209,1.346217862610678
5434,0.4455615811556288,1.2556905219855818
5435,0.540103320357869,1.1081250790253425
5436,0.482701846986141,1.2545209764276894
5437,0.44098237764488146,1.4776313345409133
5438,0.4218712324656329,1.3020693816027595
5439,0.46514177958942154,1.6942111056985207
5440,0.5038345531352515,1.7288682090425955
5441,0.4233983795619705,1.6634130529987001
5442,0.42846847737877114,1.269263568433743
5443,0.3764160721047411,1.1781653188964696
5444,0.42985044318495447,1.1135361663346153
5445,0.389385574361653,1.0428913623383902
5446,0.3961145759207531,1.2922478590196775
5447,0.47964078593022613,1.5017877383139526
5448,0.43622849230627414,1.766378911374842
5449,0.47666392164322935,1.4785780634694887
5450,0.4068240210847947,1.4244519917710314
5451,0.44781800265451077,1.1700735485669478
5452,0.5389669329217337,1.8166833745623099
5453,0.48213727584162963,1.157166108923051
5454,0.5037755509024685,1.40472873553489
5455,0.4802031227685873,1.39257954914593
5456,0.4901903925590145,1.2050700928401021
5457,0.5195761282467147,1.0521364281478438
5458,0.4840387923335566,0.8668204933694266
5459,0.5010139629678819,0.8485941557050909
5460,0.4723579895149157,0.902737359977463
5461,0.45735113481873446,0.9363599274922343
5462,0.457782619786494,0.9964609915770374
5463,0.474713015903547,1.1458569128536484
5464,0.4571655838234911,0.9059135051606928
5465,0.5288412455216195,0.9045552408810958
5466,0.4306614992109317,0.8975269372023426
5467,0.46228025694495267,0.8725935243865819
5468,0.48942984249985333,0.942373365453146
5469,0.45848145878430707,0.9162953328160406
5470,0.41697648543755983,0.8620474708890452
5471,0.4421490378750181,0.808536158024686
5472,0.4162267892106066,0.927495593006171
5473,0.38689125539029684,0.8967991604388339
5474,0.4768184990558809,1.040974858316403
5475,0.473319839505316,1.1157999721545617
5476,0.4728676482890416,1.014750212720297
5477,0.4539921873981513,0.8999130552254834
5478,0.4356569578346697,0.9027631936721432
5479,0.4824822047381725,1.2350943950773443
5480,0.4242088545873327,1.4822821871748249
5481,0.43903041406742577,1.1190979822168072
5482,0.49621285512609387,1.467671595730828
5483,0.490060923747646,1.2127690303672864
5484,0.46404561834427915,1.1666082739830017
5485,0.4761481447127259,1.3251691200200795
5486,0.4408580400411365,1.1971347129460677
5487,0.4427800647263388,1.7837083212380271
5488,0.44290026299004415,1.536767907512998
5489,0.4503376732752161,1.5939543993727674
5490,0.5143041876913275,2.831155664133794
5491,0.46481832543623103,2.100089760081282
5492,0.5060285109918095,2.6938847054555577
5493,0.4569601630701602,1.7506523323290557
5494,0.49893823410700827,1.902012775245222
5495,0.4478682273799933,1.090257736664374
5496,0.5190056134196162,1.0978489460297
5497,0.4802278031423254,1.1734343414167756
5498,0.4660586303877599,1.0247433567510067
5499,0.4437689824590405,0.8518540240028529
5500,0.4303477528025803,0.8639668237815783
5501,0.4491616203946975,0.9177593415223279
5502,0.462916667021594,0.964000115116823
5503,0.47351113771929326,1.1009678447130815
5504,0.4865790096301477,1.0026394823222484
5505,0.5073041820410386,0.9644248196222249
5506,0.4511183870648875,1.2742897312617996
5507,0.4845974804128258,0.9654269473066608
5508,0.4479723601665312,0.8696847147154576
5509,0.4650876373052597,0.8538363292379286
5510,0.4728707127200747,0.8928855617069503
5511,0.5384857841197727,0.9070739254210759
5512,0.5257020841524439,0.9563135996605586
5513,0.48007782454629544,1.1053206179905863
5514,0.4680294984752692,0.8856261546171985
5515,0.4944510911274882,0.8700333793186447
5516,0.5229239076086618,0.8837279266524083
5517,0.5258254582442127,0.9622920196033219
5518,0.45735328405806164,1.0062342905303807
5519,0.45068235709829235,0.9642806359865133
5520,0.4303889856176469,0.9587063187534369
5521,0.42645678821119287,1.0648253195494124
5522,0.4918688998639005,1.2055335027500265
5523,0.47413007437604143,1.4416139449888064
5524,0.4509407571218546,1.2509689516234166
5525,0.4492788048623835,1.7539927392329984
5526,0.49160295146182903,1.7475733618134435
5527,0.48677817884000757,1.593041064091099
5528,0.4664404363308138,1.2625138904284505
5529,0.4147176415596193,1.2886238300684587
5530,0.47363378122014904,1.158126255840931
5531,0.4419758047872377,1.2858357169095753
5532,0.4133116924068303,1.3099196391198242
5533,0.46773956701593494,1.081936218206165
5534,0.48615043371626476,1.042862283373342
5535,0.4992316012243623,0.9381929167266031
5536,0.4562277997871047,1.0012540724671002
5537,0.516756034591823,1.1967696663245415
5538,0.4198657187443335,0.9658361164111535
5539,0.42654516858961977,1.0453469296103541
5540,0.40281402746450556,1.3282822960788765
5541,0.40819640935046003,1.2847484674268557
5542,0.42262665218519935,1.0629152968091873
5543,0.44214133440869524,1.348651733213258
5544,0.48099087395714324,1.038675682058612
5545,0.5232682731545087,1.007469374577976
5546,0.5008257754798074,1.3805740678194658
5547,0.438016401043216,1.6909099539506782
5548,0.4562614571700976,1.2172810788293487
5549,0.44513714689652895,1.7158051532449075
5550,0.5316550983387289,1.7737635131021148
5551,0.44911508999981925,1.4752651250478133
5552,0.48859872864288034,3.156853608714724
5553,0.4964347672693938,2.4607750408857774
5554,0.4656568088577789,1.6601024160107363
5555,0.43368201550928137,2.6963402015491598
5556,0.4539649492328607,1.6836033289872328
5557,0.44310567853520216,2.0536505354260934
5558,0.45069023619577725,1.1596194251069745
5559,0.46867179436591067,0.8738377661380953
5560,0.44643651744694385,1.5075059602561507
5561,0.4488432638853499,2.0126021805318812
5562,0.40993632694471227,1.397250419681512
5563,0.4115851353673102,2.025381565093994
5564,0.5265751249581865,1.8059073773402612
5565,0.4929658463857706,4.704427577916858
5566,0.46268970063589154,4.691343605518341
5567,0.43905370009755623,2.6281143999794154
5568,0.41607349590190407,2.3114409550879764
5569,0.43821135134372896,5.0841723587906476
5570,0.47454859475487643,4.401500214072107
5571,0.5183821696679569,2.2738324235943916
5572,0.542567757726873,1.8412651344410425
5573,0.510383566606392,2.6897776022698117
5574,0.49261064089617684,3.0496609413508073
5575,0.5351962152036648,2.583777743635826
5576,0.4912995476167179,1.91471696652255
5577,0.4589883800849174,3.1050572412685282
5578,0.4357917621297744,1.4661310378787586
5579,0.4559148749680195,1.772709941401065
5580,0.4690339883554329,1.6933082070165468
5581,0.4571915662404403,1.180145296078284
5582,0.4353766693073569,1.6718252063954917
5583,0.4144870048587762,1.4307116779308875
5584,0.4687925050559553,1.7092026252191044
5585,0.4759812846924495,1.1413598951784152
5586,0.43586389243024065,1.8341770461462077
5587,0.4351766433530641,2.2439267525395143
5588,0.4531894181538554,1.984752569383788
5589,0.47781989123057395,2.3316753796003398
5590,0.46378949342422116,1.9803381782133602
5591,0.38820115860226084,2.3426695373451825
5592,0.4570921763633061,2.2951635799361663
5593,0.4273554821616238,1.7023083295636965
5594,0.48659202601145773,1.4415198709200887
5595,0.4237697878219549,1.5582666420242162
5596,0.43367531345885935,1.8148603890706034
5597,0.43317745727242774,1.8895499144943015
5598,0.4197814253348749,1.7387931462630486
5599,0.4172276686696173,1.3564729869944379
5600,0.432690252088806,1.2403752155674315
5601,0.44008043147985215,1.5542848769900868
5602,0.4629584244154032,2.5066299884064684
5603,0.4667497555029045,2.442032696552647
5604,0.41406297510110057,1.8418506302879851
5605,0.3773147689486013,1.7146516824231564
5606,0.43633885435687686,1.7347225691508321
5607,0.412429000567464,1.7930222784431236
5608,0.4553411105304088,1.6370337669131825
5609,0.5014614063559226,1.5072665110375116
5610,0.44568728474737374,1.2203873685262736
5611,0.4493204282904134,1.404845628923583
5612,0.46802448647693523,1.4941089442632731
5613,0.4502134114793203,1.5278845226880415
5614,0.5453143692711024,1.7908509466254596
5615,0.5002445497559113,1.6831433755680196
5616,0.4824119898879412,1.41590941936067
5617,0.44965174012971154,1.6543390802966738
5618,0.4211291910953892,2.070669987826671
5619,0.5590942212678853,1.9553686177846297
5620,0.4771342786770422,1.4558536068907062
5621,0.5015551864522175,1.7519252178738418
5622,0.4686442341619325,1.5548866547427131
5623,0.4557532940096068,1.6390312655458172
5624,0.4758605204739617,1.1253054905863642
5625,0.45983890653813925,1.2027310642223914
5626,0.4486303916833933,1.4644502245106743
5627,0.4153947083695421,1.98643647524917
5628,0.4249661981480793,1.4362405908917917
5629,0.3828966710173968,1.3151211640209828
5630,0.47924868632288814,1.8462780262660055
5631,0.4380162395898578,1.395497352174185
5632,0.4562053338995258,2.1190501393623724
5633,0.49339345068607515,2.7239946045921846
5634,0.525031561990386,6.5882807495524585
5635,0.45073248113243325,5.696070744574649
5636,0.4308287784891221,2.7236092923914343
5637,0.4593738410079363,2.902884638425216
5638,0.42981160034253757,3.2366695363544724
5639,0.41863370361258684,2.2444757153686967
5640,0.44448900917201367,2.454807975338501
5641,0.5339767215321365,3.1278801687712807
5642,0.5369456219441683,2.97298438456452
5643,0.512349468990437,2.4578473897813593
5644,0.48509001645069677,2.760943786611835
5645,0.4550301817435663,1.644502008424222
5646,0.5532002003447524,1.979780686711802
5647,0.47587257913015424,1.3991478803088364
5648,0.4531778224463602,2.0677969102720613
5649,0.48889409569860665,2.440676519592989
5650,0.49528195094136357,1.8097717924025452
5651,0.48700933780484984,2.4598767167156184
5652,0.4524733441547283,4.045960705835842
5653,0.5265250292796533,2.2581748881386323
5654,0.4473682398934966,2.4011193045134682
5655,0.45663458427179204,2.7750012400080855
5656,0.4788294067081896,2.605737709883347
5657,0.4638113657247673,2.84396283603409
5658,0.43795720610803773,2.2007395954965387
5659,0.4465466700132611,1.7429672392826636
5660,0.47771507588405054,2.089834739860979
5661,0.5202861567145413,2.365957845761938
5662,0.533390449088754,2.038294576325463
5663,0.45747011147656486,2.3233396954906795
5664,0.39780401460175374,2.146021751524175
5665,0.4744087634156051,3.0027745701734303
5666,0.4819770032919726,2.2437782287597656
5667,0.4300264536755756,3.573492779315097
5668,0.452842179432656,4.879075019683652
5669,0.4747824119132699,4.0816766197241625
5670,0.44863650578896974,2.8548066980630447
5671,0.4675138879169538,2.0389140803837082
5672,0.4564142072374381,2.922570923578392
5673,0.4720309249405722,1.9600803788425853
5674,0.48301726000980266,1.6695632159131244
5675,0.4420705727003153,1.7041157026892726
5676,0.4455359063102204,2.9842269623163835
5677,0.4287936241881361,1.6910899831253348
5678,0.4944356269049413,2.2392406498344197
5679,0.442974045149331,3.2635488157133454
5680,0.4462917681457927,2.459224629749372
5681,0.5072817831363493,2.1435648712139685
5682,0.4523706994589093,1.6708362594391535
5683,0.4458342402884104,1.3639169335365295
5684,0.47259016306076235,1.991598380422129
5685,0.42419042141692154,1.612040792854087
5686,0.47573795712109906,2.1957809606802114
5687,0.455766336721124,1.7123554823468032
5688,0.43654251040764225,1.509776924420329
5689,0.45280018130552424,1.4971535367873108
5690,0.48718491283435267,1.7433588041842563
5691,0.4284237490116971,1.7876948951517495
5692,0.5021515589894601,1.592175232553945
5693,0.4571286526698511,1.3342961096069188
5694,0.5182323941906679,0.9940642054798534
5695,0.481744511902911,1.0863581317142375
5696,0.4707318874238764,1.3390697385500936
5697,0.5039556732455504,1.2040092424281592
5698,0.5447209269097708,1.6116867945032212
5699,0.4581530545521708,1.319438140369156
5700,0.5634452278174243,1.506789469603196
5701,0.40651959007226146,1.5091130027493227
5702,0.44037353384841993,1.3554654023022328
5703,0.4340200759832141,1.6778687788444815
5704,0.3945720247851992,1.411363210492921
5705,0.4913898156684579,1.436838096206628
5706,0.4567794163250229,1.4279238390691071
5707,0.47979685403768296,1.6364750480188908
5708,0.46004848225602823,1.5177097256901195
5709,0.45459969992776517,1.5044292066861125
5710,0.4407258820765227,1.2691610160383207
5711,0.4573817798524227,1.3268470683144133
5712,0.44616471997742513,1.4125882103605178
5713,0.4997004386290763,1.2430208001321958
5714,0.4496334050465556,1.3093999230745927
5715,0.47618568985207566,1.4183814843881477
5716,0.4648624403962811,1.4283887738163032
5717,0.48735376989957196,1.1897504827351246
5718,0.45475201815077404,1.3878955164001983
5719,0.47855299132541546,1.3645676420730295
5720,0.4335505386579384,1.2182979682116832
5721,0.4733747837034244,1.5409675512499021
5722,0.47775448236650636,1.5784021575474045
5723,0.4727783573483958,2.247417215004708
5724,0.4497909783159645,1.8568044437945468
5725,0.4615662971746574,1.6423401172878673
5726,0.4329876888145521,1.5922687366170791
5727,0.4343176125322731,1.6974336834787165
5728,0.4413871481580642,2.285278709189406
5729,0.49732096970660017,1.7200772802806594
5730,0.41866130909873445,1.7596101974978031
5731,0.3974460707706155,1.9704366586740734
5732,0.4848377623604339,1.5781481509069795
5733,0.43402681072938787,1.814319512219105
5734,0.4605482284305165,2.316788306514036
5735,0.4843025317469847,1.3761284206677409
5736,0.4863217056376263,1.291434055393182
5737,0.46056151534747153,1.0522773063298567
5738,0.5143013932172534,1.1422268320055842
5739,0.41749036832920555,1.0342297733408734
5740,0.45573468260394717,1.0664537178659903
5741,0.5041578325253089,0.9830240260050135
5742,0.4887116163679697,1.5535306207184654
5743,0.5172649882372143,1.5973392146304972
5744,0.4608247717028683,1.5226931392567828
5745,0.5664310889336669,1.3623426788061568
5746,0.4434264060652372,1.248288955503297
5747,0.4312645483364179,1.3828039800079124
5748,0.4509834213164246,1.0604971415788225
5749,0.4914264742610524,1.3926843289032722
5750,0.4600357841519476,1.1822769937006015
5751,0.43583416417964455,1.2440232570888927
5752,0.40149686290222464,1.0160336048857679
5753,0.45501069362881114,1.293938087606893
5754,0.4414189139616142,1.3575561399598723
5755,0.472748429161831,1.1841234136553644
5756,0.49666001727280107,1.0739813915734153
5757,0.4939160908310159,1.0799189944869105
5758,0.4758509455375301,1.3450788988650424
5759,0.5036941523690825,1.1608833097717137
5760,0.46773044056105384,1.2127554000002667
5761,0.45337261302957255,1.0863250569232459
5762,0.5206010408193162,1.4154704971220886
5763,0.47617049587583077,2.130604962122093
5764,0.4488010302330684,1.6591780365092084
5765,0.428132865614104,1.8261899091665028
5766,0.4425581143897714,1.9602748745853462
5767,0.4277384663091123,1.4932296414977138
5768,0.48742186733819903,1.3381871181784324
5769,0.46033825226200437,1.51246368364223
5770,0.45793160998705523,1.6338509471671094
5771,0.4901481131905491,1.2591278865499405
5772,0.4641873587682409,1.394805547103141
5773,0.4967501840545136,2.045999440753344
5774,0.39484099161277697,1.574536748881479
5775,0.4582831269329034,2.1933725389462073
5776,0.45824806782805805,1.6303226803112956
5777,0.4674453981293058,1.5795422867663855
5778,0.5177808432903105,1.6672778945524716
5779,0.4271437815092142,1.2469424842630776
5780,0.43835094860456525,1.2621617733853534
5781,0.46428327247934437,1.0974236697826572
5782,0.4371272664046982,1.125175195990257
5783,0.5177363371386111,1.2707808538547998
5784,0.49043362059639495,1.172135641273943
5785,0.4749120800819212,1.8425980239238553
5786,0.5104759358665318,1.004897924881537
5787,0.4896169675206675,1.1318261814348907
5788,0.44003449886747936,0.8908658889890875
5789,0.45187269021006465,0.9510549769818204
5790,0.46877885327755825,1.2461172220776382
5791,0.48710110928248435,1.3696760222749802
5792,0.46114310651149565,0.9912840891810297
5793,0.45875148113491465,0.9790439599926032
5794,0.42799229818640405,1.0209780462737221
5795,0.5170185126147224,1.0516880941622466
5796,0.49223367971124,0.9988143195226354
5797,0.49117168899878716,0.9093704200485377
5798,0.49805360627405854,0.9061124168553398
5799,0.46237397367514455,0.8374088400775946
5800,0.46931984875966043,0.896229092935914
5801,0.5058424038794435,0.9450446257313478
5802,0.43927544760472564,0.9976446726947155
5803,0.45290616878028056,1.1003792187542591
5804,0.43693152677665636,0.9815310158775848
5805,0.4746794249247579,0.9756486838303723
5806,0.4760700851968191,1.020156334904791
5807,0.49927067149032667,1.0805638854943433
5808,0.4962441111073911,1.2341136388408327
5809,0.4813205032672697,1.1060318333431356
5810,0.46889981121114155,1.4043092808677156
5811,0.4596093001874905,1.4693032456833182
5812,0.4799672376762316,1.4278022739493732
5813,0.4411771320602269,1.3918696682430007
5814,0.4400460592751364,1.1735085723469558
5815,0.46405502748720856,1.4635650758604402
5816,0.450750211054839,1.1484512883482627
5817,0.4547480304264328,1.0763065479334117
5818,0.5384958774140738,1.0909721399973897
5819,0.46670962768850976,0.8936958029432204
5820,0.4828358639791174,0.9949560668861982
5821,0.4858027077415614,0.9640057463090397
5822,0.5106368354223307,1.1888251970115218
5823,0.4770917579965684,1.0122236215952531
5824,0.49744804420517486,0.9755165791048587
5825,0.4464920221023189,0.9919040648682603
5826,0.45463609001011523,0.9300117874608457
5827,0.508178030402915,1.0746969812124678
5828,0.4515024996498256,0.871908209856274
5829,0.48985941028132024,1.0997401065039403
5830,0.46455379539323083,0.922204933120209
5831,0.41813515806661067,0.9355367051744924
5832,0.44940622715116707,0.8979000854260714
5833,0.4971181854461003,0.8645429345010553
5834,0.5103415726747328,0.9439421093579635
5835,0.46843709239681947,1.0356526878273602
5836,0.443704790282018,0.9494122596620356
5837,0.46305705592470264,0.9213994255343687
5838,0.434267052458328,0.852432402013575
5839,0.4334800885719003,0.9670373218730816
5840,0.4080862617029727,0.9059470388495806
5841,0.48710524167829344,1.0038927492586154
5842,0.4796916524183403,1.0661132630792636
5843,0.4386707139246672,0.9572914375842196
5844,0.43311799382700505,1.033413913643476
5845,0.41699558033526524,1.1292893388896312
5846,0.48445066086296895,1.2914502771155347
5847,0.48355442603814947,1.834648959845015
5848,0.4308184987132989,1.403690237443424
5849,0.4167524391007655,1.4773455291118436
5850,0.44540159563416415,1.1395964240564884
5851,0.4796059542489283,1.0010194651131492
5852,0.4384571287817168,1.014377041927819
5853,0.48251086820676486,1.0171110878870324
5854,0.47662780817272593,1.2784623353226672
5855,0.4991413545839995,1.2710116441967418
5856,0.45042638639801913,1.3146810329076155
5857,0.4641506466472033,1.8828013782362336
5858,0.45671915718652667,2.173726981125989
5859,0.3993626873470047,1.807858133200303
5860,0.44957802249389944,1.695979483497953
5861,0.47077960528216317,1.9089881071766603
5862,0.4803545407010514,1.8723918431013533
5863,0.4675325256528206,1.8362199889803397
5864,0.44762795903150315,1.5065020982501576
5865,0.48678149528873776,1.5567175011032994
5866,0.4913919371308632,1.4201070249659344
5867,0.5248945676586003,1.46639420106573
5868,0.4750969942333629,0.9589538794119381
5869,0.407604455947876,0.907272638626469
5870,0.46810513676948917,1.178683602694169
5871,0.44084704674563363,1.7659513238564277
5872,0.44722700350492905,1.3979629422854452
5873,0.46559096424324997,1.4639432436054192
5874,0.5135784045006465,1.2293285831664373
5875,0.475907994560825,1.209644980800962
5876,0.464323928055254,1.041493621266004
5877,0.4610165600637788,1.0953421957284502
5878,0.4394752305109524,0.9327537972950241
5879,0.4340911491692645,1.0207294677067729
5880,0.43799509527613817,1.019159859823949
5881,0.44366451490272596,1.2372343071456093
5882,0.4416787682227718,1.2130000718588967
5883,0.41469297825711443,1.1889975985277046
5884,0.43611676513570025,1.2619207374100547
5885,0.4519208253008648,1.2048372759402377
5886,0.5043032898486239,1.836578631285325
5887,0.4801124655505986,1.1151196702012738
5888,0.4687318480709224,0.9616124386926299
5889,0.4505821553248804,0.8524956761054623
5890,0.4241579805763022,0.7151270965928013
5891,0.5002435630965001,0.735281103444331
5892,0.4587604519232963,0.9472887110941618
5893,0.4295759930194003,0.9401128037461957
5894,0.42009325397824776,0.9528785394233408
5895,0.46138228027565964,0.9209357500076294
5896,0.46395803336958286,1.1998425264960353
5897,0.46885500255140283,1.2564754983753834
5898,0.45590143527799437,2.38364005667492
5899,0.3989788001602136,2.0622810790839705
5900,0.481025394884128,1.7716377325428343
5901,0.4344829905380323,1.6321365231449165
5902,0.446853031521862,1.9699747475605567
5903,0.4185424719041991,1.5478553065975893
5904,0.3841636583064366,1.3873019484640325
5905,0.5104854833153845,1.5577071274368508
5906,0.44958608879626377,1.3035153642441462
5907,0.48154417230087576,1.541353644097893
5908,0.5473174452781677,1.5034289493144137
5909,0.4140648274745756,1.2639876656161928
5910,0.4290132597812171,1.0530760213009362
5911,0.46280140408034465,1.0457511492145872
5912,0.4737750193447743,1.1051903864712391
5913,0.5209595155947416,0.9713810433461828
5914,0.45379269470288913,1.2578116719005177
5915,0.43868039996878616,1.3740151385659154
5916,0.4523052000305028,1.1414588932852143
5917,0.49993902415905184,1.8212711654820488
5918,0.44357353101656277,1.3426244716042455
5919,0.48893879599941587,1.2370688446517129
5920,0.45079684026032973,1.2218422501989938
5921,0.4428046122916694,1.4340964168020822
5922,0.48951001884867845,1.0751968240274967
5923,0.4696570070623194,1.2286630857338026
5924,0.5046519252281745,1.1983820865455184
5925,0.4837621438850477,1.1109019379013951
5926,0.41094781704319333,1.2322272264841692
5927,0.4888016133053789,1.3525556725205727
5928,0.40571095758271447,1.1175124471627393
5929,0.48987687386355355,1.086835922546757
5930,0.5027102580637608,1.149335030213143
5931,0.45310062575108795,1.3982466303029106
5932,0.47674101648978817,1.173850763191297
5933,0.47403935813209386,1.1300539883595069
5934,0.4388130333238435,1.4575657005448943
5935,0.5124940898233247,1.8167047199693698
5936,0.4566346968261941,1.957295789301974
5937,0.4559684129594599,1.3632136716425998
5938,0.419016141625284,1.500937594372092
5939,0.4555054891456678,1.062841115645992
5940,0.3998589145327077,0.9010213069545413
5941,0.4911345845287286,0.8303520459573246
5942,0.5008762878121682,0.8757096783628742
5943,0.46789090725982074,0.9975296496187599
5944,0.4761027016686004,0.8501463260465455
5945,0.41484671223510816,0.9416471690807527
5946,0.5283986833489057,0.9471605315949153
5947,0.4601734185103074,0.8486119329350666
5948,0.4743235287735763,0.842860122328823
5949,0.493256111168167,0.8710190422326616
5950,0.4869633201256539,0.8803012839798788
5951,0.46189108056929506,0.815038646887807
5952,0.5069501130904966,0.931793762642203
5953,0.4339447125647832,1.0533071171890185
5954,0.41514853308501753,1.1154373265007167
5955,0.4507063852930532,1.131136435328178
5956,0.5522037203450805,0.9933618440211398
5957,0.4408610874009364,1.1924624240514143
5958,0.40703972392869225,1.1393717787798168
5959,0.4598159318410077,0.9376711463465274
5960,0.45248984306761364,0.8638172265395377
5961,0.46285506070238874,0.7690173624788673
5962,0.44824497054502804,0.8701487449766363
5963,0.4634228337158277,0.9138774374156322
5964,0.5126843678141103,0.8865298895002569
5965,0.4640990761877264,1.312054229592814
5966,0.5215933484938539,1.039263511745675
5967,0.5195429273022031,0.950649893978267
5968,0.4620299854324859,0.8662424550473111
5969,0.4713926072259551,0.8274532996335076
5970,0.42430254903811854,0.9853893761495942
5971,0.4641411715340846,0.9730560391851999
5972,0.4917739071313617,0.9074923425044829
5973,0.44883459112019214,1.0588751834573098
5974,0.47542744238399764,1.0633333082337981
5975,0.5047211751197148,1.221585904510276
5976,0.42012887730181797,1.008092864045819
5977,0.4146086025295906,1.0564266512694869
5978,0.4560649852150852,1.2259325917484691
5979,0.5057671168475475,0.8848603344658046
5980,0.4883105364239332,0.8487172421899815
5981,0.466440859350186,0.799749209464175
5982,0.47698872818530186,0.82184696023904
5983,0.5121445534298721,0.7902442170578299
5984,0.41947671597443736,0.7225673106110212
5985,0.4686076878343971,0.8239906522834185
5986,0.4252248007116966,1.0846449657551294
5987,0.47874921849630414,0.9524460284455308
5988,0.4836516455539222,1.035462768911158
5989,0.4825959379233203,0.9204185958047515
5990,0.4520317197424694,0.8760583059301654
5991,0.4458169902412637,0.8271865914168867
5992,0.44786112241953324,0.8693774516142688
5993,0.47102192015323824,0.8757769876313442
5994,0.4010258944867884,0.9799679511959113
5995,0.41651724611671226,1.0162204573455367
5996,0.4883155359805209,1.0843571736974624
5997,0.4192947214378894,0.9727974209970641
5998,0.43545869658294234,0.9332121448609435
5999,0.4366097496551217,0.906464695930481
6000,0.4677290141003803,0.89080358072392
6001,0.45685508528959407,1.067426518329139
6002,0.49411744342266933,0.9534480837942327
6003,0.4464952691087445,1.202028034960182
6004,0.4244794284255759,1.2633590113769457
6005,0.4483001996012567,1.235893788846951
6006,0.42839591537864463,1.2420654568857359
6007,0.49495344399248514,0.9575983638902312
6008,0.5238991373950995,1.1187604451642452
6009,0.4989033034704264,1.3685750075914327
6010,0.44434322894198225,1.0932112208847862
6011,0.4967554622483485,1.7158666287811057
6012,0.48380340534506494,1.197858588788116
6013,0.4613726555722431,1.122644156506918
6014,0.4715376538269728,1.2354176073398404
6015,0.4365591377887911,1.0491466203939568
6016,0.4604864444547487,1.1590490208088773
6017,0.4140717850148099,1.1856798697443842
6018,0.48149840866477744,1.4105033347907576
6019,0.46672214292785497,1.270497248589414
6020,0.4982060871077973,1.1672507703882977
6021,0.4180920818477001,1.000804215958975
6022,0.46006333365023716,0.9927225355963105
6023,0.4396252250208438,0.9881220436790614
6024,0.4400847253290195,0.8856281279360206
6025,0.45179780652222123,0.8590005080676774
6026,0.5200685905021372,1.729060434600682
6027,0.4396790329692433,1.3714342834880051
6028,0.45884129028875853,1.1921911991915657
6029,0.42758790555509546,1.42387260163872
6030,0.500453932192719,1.2270396583288619
6031,0.4901872861732557,1.1993349975752599
6032,0.4891435098879546,1.1695976292045371
6033,0.4864667512259437,1.263314926508561
6034,0.4799053177092839,1.0178457307584077
6035,0.43765755894693353,1.0976574924385663
6036,0.42730774115590214,1.0918260280368397
6037,0.44379064151384295,0.9447423977759278
6038,0.40903805615832506,0.9801888031866944
6039,0.4492467255557625,1.3417486397965441
6040,0.42955780665851334,1.2245497628323083
6041,0.43526437690535796,1.359929102717094
6042,0.43585827049699805,1.4183820619166476
6043,0.42061711920117867,1.4145453416028069
6044,0.4603130047761121,1.184635995082485
6045,0.45455212731963224,1.2855802623970995
6046,0.4092402588395239,1.619066433420459
6047,0.4184931944874884,1.241399135983106
6048,0.42074152798328585,1.2004863793410143
6049,0.466827604377154,1.2219575070640416
6050,0.4715776206220238,1.6047139619160624
6051,0.4144820194799923,1.2824901388686838
6052,0.4273055354947025,1.2194400614905125
6053,0.4540475387017704,1.2623306049883944
6054,0.48948513101605534,1.2822770395325225
6055,0.4798190697882939,1.5200579461542147
6056,0.5142703606087027,2.5759568127613623
6057,0.4726633603133044,2.1548087099223463
6058,0.44919652209698574,2.174874782562256
6059,0.4254882017385612,2.5000125325999214
6060,0.4330814156717467,2.3854391054042337
6061,0.4911594142034216,2.5524385253202566
6062,0.431938728950556,1.760457699159974
6063,0.4728023953808164,1.6474666803785898
6064,0.40669392700334195,1.9944976770762102
6065,0.47806242715965197,1.6831871311641433
6066,0.4480124040714745,1.3463513029431833
6067,0.39060379203083445,1.1489482614600544
6068,0.3962008837357308,1.1709579379813184
6069,0.4033456363724273,1.1061677330905952
6070,0.4354095715052873,1.1716260562822656
6071,0.41221683580898544,1.1320187738798198
6072,0.46633042872530744,1.0143473732818677
6073,0.4800943969522865,0.9610147759752367
6074,0.4295603696582387,0.9193497473753772
6075,0.41800658158885623,0.8732013117919848
6076,0.4802385638061079,0.9158311301064723
6077,0.4103603472987425,0.9251372594277836
6078,0.4833800914218125,0.9003417445617972
6079,0.45984602958253284,0.8437167620195926
6080,0.4435770766248981,0.7800540605795037
6081,0.4910739544525887,0.7919028227769055
6082,0.5097182092157383,0.8041052112301577
6083,0.48004594011214174,0.8769127240458738
6084,0.46838080043931607,1.0034058302351572
6085,0.47232347611084724,0.9100322775470401
6086,0.4777583439373276,0.8194176253763218
6087,0.43389523839487615,0.9807033197393695
6088,0.47254821108382883,0.96238388309201
6089,0.4215656921122838,1.0824402333463279
6090,0.43205776000485835,0.9793281746142118
6091,0.5121004378911361,1.041512330758919
6092,0.4630609091045787,1.1945514152350936
6093,0.4257509786527134,1.3279984709128594
6094,0.43053128418413183,1.1007082311852465
6095,0.47594222108137263,1.2291784917266624
6096,0.530794651762953,1.2467833236583228
6097,0.5085748642393686,1.2934696448659433
6098,0.5484605732473354,1.1288570576501125
6099,0.4427652092813288,1.077168435726351
6100,0.470333925728659,1.2736583681939875
6101,0.5060612495663097,1.0241028886396908
6102,0.5152134177754226,1.017978441368029
6103,0.470110914371546,1.0685464757160075
6104,0.40787673343732517,1.1048095023747786
6105,0.43543500807678814,0.9827614374531125
6106,0.38006962618781526,0.8941247532668622
6107,0.4896980963864373,0.8263258071779047
6108,0.42022404219340354,0.8365206868903151
6109,0.4294284449040311,0.8536877730517711
6110,0.45731306712604264,1.0317841102776018
6111,0.5050912421305203,1.1659185087796553
6112,0.4447722180375775,1.0673887909037396
6113,0.46530151251450325,1.053935265078128
6114,0.5086015254548453,1.1955714387801086
6115,0.47455745298885604,1.3950857549037747
6116,0.4879143058675007,1.1267399828410842
6117,0.4479866898754268,1.1528988746763433
6118,0.5747881821058329,0.9716725042722758
6119,0.4181116122065239,0.9899280100192839
6120,0.4578586712624263,0.8155759694506821
6121,0.4873840722065527,0.8343287822112296
6122,0.4198675884783847,0.8868509484726248
6123,0.496992186435218,0.9358996268614982
6124,0.4296789259007833,0.8354621396481412
6125,0.46775890496170636,0.9233140106340056
6126,0.4786662968617041,0.8744069667695795
6127,0.4781887947934345,0.8779657564116913
6128,0.46500195982386766,0.9718931722409517
6129,0.46901561985316786,1.1887097850586603
6130,0.47543191794052864,1.1787962491072497
6131,0.4337011569911994,1.1475349265394859
6132,0.4656525375773606,1.3970244573157968
6133,0.45727582521808957,0.9200178517878634
6134,0.4375131031841908,0.9684982224575525
6135,0.4534773890254567,0.8652452953810831
6136,0.43744140892352873,0.8961593705473594
6137,0.3782556253729515,0.8711210645518257
6138,0.4977939311161782,0.8464995570553159
6139,0.4679130634057869,1.1233012751468177
6140,0.4594103358324292,1.1064329494550391
6141,0.4466990932677556,1.0134159448077378
6142,0.47435924613360064,1.0395274538438297
6143,0.4934193037667321,1.1747045945195318
6144,0.4178059679790608,1.38214750370933
6145,0.4341901031512659,1.184234402712109
6146,0.4285712797664902,1.2993519873295016
6147,0.4105674016822889,1.5875545745914421
6148,0.47881065005237616,1.5565801210773802
6149,0.5082304767034587,1.731639780465839
6150,0.4837492345606239,1.5877264113102145
6151,0.4972853637436061,1.5321349177545713
6152,0.4509238343215683,1.6672567875639905
6153,0.4486602923823792,1.5423800702233916
6154,0.49380243171765964,1.5730420976009183
6155,0.5106599579737024,1.1945275450215755
6156,0.46060840568496186,1.4879300195036582
6157,0.5004194963325574,2.427467478131785
6158,0.5051641154636457,2.2727906536130074
6159,0.4492420768274844,2.0632782578468323
6160,0.4448828130092436,2.3205108196990003
6161,0.4961005981686046,2.0131258056001755
6162,0.418590590213109,1.5796739308579455
6163,0.45917413767101695,1.5296267780285437
6164,0.4901562006149477,1.482624464822047
6165,0.41964417348787625,1.6218408456126463
6166,0.42175361195814265,1.600999166664568
6167,0.4284704903375755,1.5007588770783062
6168,0.4774150614020894,1.7773339464826492
6169,0.5092696113493836,1.1207166406714801
6170,0.4672800690225027,1.1211241483688354
6171,0.41511084067011345,1.1189367047791343
6172,0.4836298753914324,1.3782048989268183
6173,0.4222350337551635,1.1408205830935136
6174,0.46177684334875313,1.0299439673284883
6175,0.471856122456708,1.0660016988087626
6176,0.43668414145997425,1.0479948132940866
6177,0.5199794387354434,1.0217939696265657
6178,0.4790552157221489,0.9351259400543658
6179,0.4146657293861352,0.9560529236654634
6180,0.5337501712215756,1.1658085399461025
6181,0.5050443225693935,0.9373686377284596
6182,0.45511641924821056,1.0941917028241945
6183,0.5209918774447395,1.0482196263896608
6184,0.4531445060540171,1.0683354046738263
6185,0.423331144943978,1.1387641238934785
6186,0.4353401623304608,1.1229588973869398
6187,0.3955534870184741,0.973060554671056
6188,0.43557480758833655,1.0035687708160252
6189,0.4872861805471402,1.457152009010315
6190,0.44956402292529357,1.1455213190282432
6191,0.47022016360921765,1.1692115548744941
6192,0.4498097462561524,1.0428992226285843
6193,0.48775129410827045,1.347260561961572
6194,0.47200584006540985,1.5917400318442039
6195,0.5098115622418599,2.0213340214155253
6196,0.45481716313408416,1.857994164077981
6197,0.43862968162425514,1.9670292081184757
6198,0.48955663836118085,1.686394484876429
6199,0.4315930240362593,1.9613068850295057
6200,0.444015122154384,1.4325999779608642
6201,0.4554107958830676,1.7521415647951144
6202,0.4074564278125763,1.2991011588318835
6203,0.49930490567846203,1.2456761477063003
6204,0.39766223077635166,1.8230099608597246
6205,0.4723734438998028,1.8189317150023376
6206,0.4469664854910767,2.0981870143158923
6207,0.4439692705580332,2.24337782501017
6208,0.43458563291910784,2.106249865976352
6209,0.4724469757774501,1.7178155548364213
6210,0.4581228679823644,1.718013125715904
6211,0.4761764569189942,1.5522052882944497
6212,0.4491036512608667,1.8260192755356575
6213,0.41546658867771186,1.4443023048558281
6214,0.4826813421203095,1.2522840164240123
6215,0.47434780030574614,1.1941666226942562
6216,0.4797820113237622,1.5965806731899965
6217,0.4719624773969928,1.6779443095031294
6218,0.45582407510396344,1.4610941051279458
6219,0.48162011324780657,1.2542415180252593
6220,0.4619729180359146,1.809923466548179
6221,0.47132815854641996,2.0977129727891346
6222,0.4476667150710393,1.5822876714965672
6223,0.43623665235574965,2.146439137968045
6224,0.4671550132695911,1.9698505222218707
6225,0.41613440837674925,1.3135629874988668
6226,0.4576834075659224,1.4606848879925256
6227,0.41395964784529604,1.5017376113863825
6228,0.4587112225375129,2.06723953277162
6229,0.48222933767490017,2.338648182674519
6230,0.42664651500368583,2.700092644367403
6231,0.46568423335992015,3.49349067338462
6232,0.5078122957238873,2.2490125014943985
6233,0.45391286518967267,1.7611611439186392
6234,0.44208528405254327,2.143992213369573
6235,0.5604431420853995,1.6835144040654006
6236,0.4404491996302188,2.288417551702666
6237,0.41542487656607213,2.124070798309104
6238,0.46759253277361973,1.6369590267394354
6239,0.45076891345885195,2.2035070466763766
6240,0.40157501500787085,2.063624706661817
6241,0.4595903292732331,1.5874721523627495
6242,0.48359188958279137,1.7329656956265274
6243,0.46595135157548107,2.6706821658078908
6244,0.4727679505510238,2.1958806277478784
6245,0.42610274588020103,2.8005593824155124
6246,0.49845907121028715,2.2685307108082817
6247,0.5057683835909205,2.437211673236588
6248,0.4553380829906001,2.1728287136670454
6249,0.4557871396101794,2.7085536209124963
6250,0.49868548784441163,3.189115294553701
6251,0.4468791629504232,4.085419651952762
6252,0.4919721241136199,1.786223116430264
6253,0.4624301206718371,3.0224748496870393
6254,0.4404478952722642,1.9990125848251639
6255,0.4988637022601748,1.596578408213495
6256,0.47738957115747394,1.7006251435835384
6257,0.5104042563623595,1.5018502172914523
6258,0.43911769031320963,1.7473064111274423
6259,0.47739516299905127,2.298286570507346
6260,0.43131876454769985,2.0803028964301915
6261,0.467133956626781,1.5510614826841262
6262,0.46625186662072116,1.6086951696756975
6263,0.45632103808875224,1.7050645345623054
6264,0.4473747208859157,2.017968101987561
6265,0.4966594403229871,2.034864607945229
6266,0.5039712995001413,1.5669180936026341
6267,0.4840397964982153,2.1193896086470594
6268,0.5066623126418845,1.7996802619360026
6269,0.4240624204422664,1.794880540046877
6270,0.4475076534215686,1.6478910613985895
6271,0.43152511380251174,1.6114231018186773
6272,0.41590564922221657,1.7208845470715495
6273,0.4111784117893108,1.8367523238496872
6274,0.43239403407550553,1.9240302796502715
6275,0.46602670602428103,2.7379146704396
6276,0.5382450859523514,2.346157760874739
6277,0.49560689231724414,1.5384053258062567
6278,0.46815710015667295,2.1214440574923765
6279,0.48669560673167406,1.0541348052256316
6280,0.45167538899819826,1.8404738139180303
6281,0.41178662857963044,1.939196616700552
6282,0.4559277863178438,1.6730691946825935
6283,0.4306776581458675,1.740998621125823
6284,0.5020387161125257,2.1001194993269094
6285,0.4097389480442677,1.88348065012867
6286,0.41479715126232036,1.5250868218616374
6287,0.44320197302160913,2.3063653846388883
6288,0.44536424348655257,2.456406057459637
6289,0.4811313505311614,1.5344671809557573
6290,0.4773328116217863,1.2851755514885614
6291,0.5182575247820141,1.2451303925329043
6292,0.49789190494898455,1.1306203424351886
6293,0.37432714558920815,1.4561928447010448
6294,0.4150402459126074,1.2915121328483508
6295,0.4425381126913052,1.2657781995615913
6296,0.47163774087591076,1.1163350742997475
6297,0.4730094885363162,1.6404103468922735
6298,0.4871147871017456,1.3410005314836224
6299,0.4501760341588733,0.9798156028812371
6300,0.4068223165655599,1.2392620322773757
6301,0.44364706694501116,2.451807533653037
6302,0.4721992322542135,2.571871565962301
6303,0.5197723217091514,1.7279926063944993
6304,0.4433599131778606,1.234350994952674
6305,0.4331825604137865,1.0928376450121982
6306,0.4786426769298257,1.0893501604644997
6307,0.4392043878731218,1.1655969660258987
6308,0.37954934259641515,1.1399762647823222
6309,0.49326441183830927,1.3730952461946357
6310,0.4718342436459458,1.2960974788202824
6311,0.4478108257923311,1.1042871619891195
6312,0.44753245589802565,1.4930128200540265
6313,0.39800049668376886,2.080651904772786
6314,0.43764876798518654,1.844125806127937
6315,0.46292029596069484,1.4030032939123875
6316,0.4825129480037874,1.2213515268946158
6317,0.48095971866718773,2.1335070191077814
6318,0.43867985600406684,1.8801641551036279
6319,0.47542115843411786,1.8860700263560397
6320,0.530090417676759,2.591425810045409
6321,0.46708498302015283,3.8212399008204634
6322,0.5103975690684273,1.7025079073257816
6323,0.4256804990536958,1.7139083384310159
6324,0.42123078374029366,1.3783235260583822
6325,0.44379510231388425,1.7374054650658544
6326,0.41253586272591525,1.4742402914658332
6327,0.4751423267484869,1.3463111953827942
6328,0.5057566683847927,1.503581595073626
6329,0.4652123491740921,1.3770143748487083
6330,0.4618206226709977,1.3753471629133502
6331,0.4852743825866181,1.242204067776504
6332,0.48968415584379027,1.5006637359128414
6333,0.4870352044846248,1.586566146137645
6334,0.44132669718520157,1.0918537551916918
6335,0.5296047214165475,1.2613453679871791
6336,0.4458210861798629,0.9951064702376579
6337,0.43448250588861487,1.0822945555436958
6338,0.43678597541688713,0.9933546804687352
6339,0.4870200382853017,1.0940410529525535
6340,0.5285928104687663,0.9268664682953103
6341,0.4597459096931717,0.9079455108318514
6342,0.4501911019815982,0.8929324277396341
6343,0.46227418334738724,0.9391527210624473
6344,0.48658442555122006,0.9402256046684043
6345,0.43860090646928956,1.0053009685960788
6346,0.44764478056176193,0.9359513590636762
6347,0.4553061654266802,1.4121109102536173
6348,0.47910661894140893,2.0199314517882265
6349,0.4819517465471064,1.9811818379800297
6350,0.42699236545747926,1.5230895575967807
6351,0.4176088687285636,2.282569165368682
6352,0.39151367950207977,2.5198975500551244
6353,0.393608177749856,1.342404202350135
6354,0.5103515259270529,1.5202784671366794
6355,0.5172928305505549,1.3371032632670357
6356,0.49716540968533857,1.1993462912087303
6357,0.45893469192449327,1.505332598987135
6358,0.4679848289894826,1.368573167370361
6359,0.46964637110534224,1.7516128594435534
6360,0.4446675673271846,1.7289517440842193
6361,0.48240744488910564,1.1238859631482838
6362,0.45072526983844424,1.2198518856057843
6363,0.46796220541000366,1.4303010407003385
6364,0.4285508741452856,1.9209948870742206
6365,0.4518869009990137,1.3964944128851289
6366,0.4663507342338562,1.4591650852879274
6367,0.4770679834108908,1.7575598908859549
6368,0.49253012833086035,1.4316230948688915
6369,0.46445868460877426,1.3101697506256473
6370,0.42242561844946114,1.0546013845980746
6371,0.42695938094148356,1.2299181656930054
6372,0.4001831878157495,1.2828797576496902
6373,0.4689311761300541,1.4430230219387314
6374,0.4365562559331505,2.0661721327929823
6375,0.4471525486233165,1.4218247393959935
6376,0.5032786836901915,1.2641182993222209
6377,0.4841640041869821,1.2538880115573845
6378,0.4940941076255539,1.8575230906310591
6379,0.4872366907527146,1.3928721489258182
6380,0.48341196023144767,1.4660453125111108
6381,0.4681144240990426,1.4778140094673748
6382,0.49448339409619857,1.871347342301341
6383,0.48106572205580556,1.7613162461993763
6384,0.4323748240193117,1.3520454966906206
6385,0.4738713986086614,1.2551755824135344
6386,0.39117752203663575,1.4695433331924734
6387,0.44118486648624383,1.6268083574702439
6388,0.44989438948122046,1.2533463233882942
6389,0.4195752734119452,1.8557858391872888
6390,0.4596853886993186,1.3139945291778417
6391,0.4259981410306634,1.265271661351028
6392,0.46329387819882734,1.0312062536628501
6393,0.39776250343878294,1.6927915516408902
6394,0.48840003395543513,1.0846972355564821
6395,0.462562142934614,1.1653454743542717
6396,0.4157333426105166,1.2572168829371628
6397,0.5207808353368518,0.8790567395756546
6398,0.44446608916069696,0.7921916639920578
6399,0.5076327875111867,1.0962545755997444
6400,0.40342232006267437,1.3146515749033214
6401,0.4502064073548734,1.6890406452336357
6402,0.48966073772860963,1.7825377039539003
6403,0.44322621301539894,2.415157857450467
6404,0.4562420144821834,2.060569884128941
6405,0.5267516909872444,1.8953870135603599
6406,0.4796498174806243,1.8278772836749992
6407,0.44520313039566706,2.3007382594265984
6408,0.4727345360714255,2.5850285609948984
6409,0.44175412903711636,2.284054684407503
6410,0.4852443644144003,2.0654873934764306
6411,0.46639658843429344,1.6363896253039536
6412,0.44088052835279296,1.862879878687627
6413,0.5127195151685511,1.8143751470788012
6414,0.47416792158941623,1.7484388015802623
6415,0.5058907814396237,1.6283211974264349
6416,0.43019063264420887,1.7990152228225782
6417,0.4817880079584214,2.9379844237299797
6418,0.4569757279840488,2.2180680244871716
6419,0.5040461652487227,1.272349869163291
6420,0.4864452718531044,1.4076380451906074
6421,0.4983363903841926,1.228051911858679
6422,0.4789693621755804,1.2273388811685506
6423,0.46146945148995777,1.7571814476865009
6424,0.4799229739939125,1.3937018345860601
6425,0.48364478465422844,1.670225798505024
6426,0.4858652642629679,1.6957434028097726
6427,0.45641001451362684,1.7606953752851022
6428,0.430925681753066,2.20982914063537
6429,0.4580755826917667,2.117320829803504
6430,0.5241520098112162,2.0397584745027486
6431,0.45914672589996486,1.8299261076936444
6432,0.44988436201243726,1.3888294789397602
6433,0.44720222330787807,1.5647454429598688
6434,0.506677722612631,1.3444243466969832
6435,0.4434706615012826,1.205874037974089
6436,0.4630306331278051,1.0411385176251235
6437,0.4533218868727823,1.3603100869262104
6438,0.4112261415106579,1.0222933570158135
6439,0.40813082745931684,0.9541378831400454
6440,0.44495607464058884,0.8551771548187849
6441,0.432232375862529,0.9105733042781793
6442,0.41834391899479245,1.0111248157556774
6443,0.4221441603980018,1.0164982381376249
6444,0.4704193299256482,1.167006808577232
6445,0.4529283321598201,0.9785711279193174
6446,0.5015638696337209,1.2101766692781912
6447,0.42414515255724344,0.9259923349306421
6448,0.4871725722134692,0.8749039306223971
6449,0.4459871765479301,0.9289956908781551
6450,0.4638479988551834,0.8872217640136052
6451,0.4610211988097256,0.8968157224284793
6452,0.4779587929109925,0.9454910963484384
6453,0.432289444705815,1.0509830609108637
6454,0.3675629042305993,0.9833492717696625
6455,0.44906844560382436,0.8539160802526381
6456,0.49031703159647083,0.9962331010299978
6457,0.4715486215156259,1.0904209092982764
6458,0.45747225001020336,1.3288223384653481
6459,0.4346245116400487,1.4593618199663254
6460,0.5050180953683205,1.3370429630418426
6461,0.4368145778341201,1.2113889374779265
6462,0.4191726784682968,1.0957959427416903
6463,0.46900323178004294,1.2587410917559874
6464,0.3964135539763182,1.454350966851688
6465,0.4587996214338877,1.8327128910323949
6466,0.4093904593615856,1.2114462088612676
6467,0.3971209971650133,1.5252444657307227
6468,0.46592570682173795,1.417259039809403
6469,0.4802272588882631,1.7243748492407567
6470,0.4549440452196066,1.4096101597674842
6471,0.5093647432558744,1.9210232432606151
6472,0.5064534978959166,2.248856611043504
6473,0.44916434079697987,1.8909744932813553
6474,0.44033142114148555,1.686995732552797
6475,0.46634847099341237,2.1585212963298686
6476,0.5427854975450386,1.386305877305929
6477,0.525361482090163,1.3240811859519737
6478,0.47117723307563264,1.5224007188695148
6479,0.401481316216941,1.514557700134018
6480,0.4599885978166339,1.6357697537801799
6481,0.47256343457305316,1.2839209466304593
6482,0.454364448207096,1.2486861544905357
6483,0.4378083435077112,2.282706140893177
6484,0.449429736264701,2.9003281338700972
6485,0.43551223139161044,2.096639691047298
6486,0.44169829453079446,1.6708790092792325
6487,0.43424575913299635,2.654868758419185
6488,0.4848803689757597,2.2865477829303558
6489,0.4943882568368634,2.1236694044279822
6490,0.481218154569274,2.0603965775480546
6491,0.43777117769695023,2.0016057873235167
6492,0.42453316317021267,2.0684291569931994
6493,0.5059399327028145,2.0687629215925645
6494,0.43155098048228663,2.3949968589162363
6495,0.46299013292905195,1.6740438307373269
6496,0.45872303467352415,1.6030681457334353
6497,0.47372330160974296,2.2613303024791978
6498,0.4460723301739369,3.1352606195847965
6499,0.42743282352836387,1.8383540418541546
6500,0.45329788037874164,1.4540129066670981
6501,0.4191616070502013,1.319594743761044
6502,0.46527650634061946,1.7411432028974143
6503,0.4897271747727996,1.671139067237817
6504,0.5048354916202212,1.4739123357152475
6505,0.4920372899296214,1.2906668504464973
6506,0.4432562109336112,1.1090094452922783
6507,0.42082664717748325,1.0288605128677146
6508,0.4672536265502856,1.189192172971744
6509,0.43418362592030496,1.0160060825857145
6510,0.40355626848137494,0.9604939777874252
6511,0.48977547941856014,1.0004877031428143
6512,0.4426725437340227,1.0036960892306948
6513,0.4662052230927551,0.9961947960760987
6514,0.5166119528048246,0.9799011176072278
6515,0.47361313891642304,1.0716324437011793
6516,0.4712946134284862,1.409746098865583
6517,0.4633707016417124,1.473755003757847
6518,0.40086308353155564,1.9493538285922078
6519,0.4511969239966383,1.8843211867276906
6520,0.47220500117366754,2.0453761792877345
6521,0.4596179417036112,1.254620210638324
6522,0.4789257457534086,2.8339843275477583
6523,0.46038228446997487,2.4147226428522646
6524,0.4864795179043001,1.9310334550524222
6525,0.4618230728269781,2.6092999131934156
6526,0.4515425817480365,2.078526011369761
6527,0.49262104451077654,1.5336557985509482
6528,0.44124400499954963,2.023961625631573
6529,0.48862764933734265,1.251104992570229
6530,0.4720986792184774,1.4378163056466187
6531,0.4082815814944147,1.5813705660764454
6532,0.44869387902102426,2.225984112730304
6533,0.4135257011478387,1.7445464348330082
6534,0.45945763848360305,2.0422731718970732
6535,0.38385406339052813,1.9456210755607457
6536,0.5130296008100788,1.7113615204987016
6537,0.44881050216341484,1.6728137957239615
6538,0.4925077985791327,1.664956884476745
6539,0.4357273937429039,2.3553687970615127
6540,0.4936032552742264,1.8812298936751282
6541,0.44132819265416523,1.5491491399922417
6542,0.4115299267097584,1.294463029185545
6543,0.4454108297246174,1.6272196850730378
6544,0.4232822046117875,1.807963909454716
6545,0.4730311470124328,1.593110266241055
6546,0.42373471642003474,1.0584398942086304
6547,0.4726457601612054,1.4300160917263587
6548,0.45202990874503424,1.6696315575571894
6549,0.48236946399929453,1.6860598215779055
6550,0.46245490000085926,1.641098493511237
6551,0.4166667827414077,1.2696887480402457
6552,0.46791922293820426,1.7568654574236824
6553,0.44724215176499005,1.2314805411598058
6554,0.4297447789062574,1.0532416377252745
6555,0.49195301474876774,1.2037453147971515
6556,0.4459704768310473,1.184968176975991
6557,0.4480287186729098,1.2710537007711467
6558,0.4273898729566232,1.7814543490270967
6559,0.4145200003698034,1.4697201819095798
6560,0.41787410881912823,1.4308445777707888
6561,0.3952020389362446,1.3429780041129844
6562,0.44047567827030293,1.274263484385407
6563,0.38908334727426175,1.1838498543767095
6564,0.4179947633766434,1.5687764697861903
6565,0.4278733163204008,1.0354097549197743
6566,0.459564055921962,1.3439188478062454
6567,0.4831576532530553,2.7150871574300006
6568,0.47942587877940207,1.889037458642015
6569,0.3882554752155415,1.467748607246621
6570,0.4661501593960142,1.6731087142981371
6571,0.4461785873163094,1.4259431466315557
6572,0.4661818829554956,1.899636487937668
6573,0.4299163711302489,1.687345993171618
6574,0.4968431308431533,1.3105957629611191
6575,0.4208032714510427,1.146003643285881
6576,0.4538804130646789,1.6823210750968711
6577,0.5606880263217444,1.301694384477671
6578,0.47436676268438693,1.3644677389015272
6579,0.5033205814153245,1.0034209871755062
6580,0.47420400786168365,0.9660430000823679
6581,0.4602554382629765,0.9404510988772494
6582,0.4381441505788599,1.2843309750834715
6583,0.48298104179715645,1.480893824285674
6584,0.4398749496751619,1.472547349420566
6585,0.4713615772214908,1.1846950279856192
6586,0.5408742086401264,1.084624450762295
6587,0.46971410426121313,1.5456991132023266
6588,0.43685458701791113,1.3673612562198083
6589,0.4146110777137349,1.4941005052872074
6590,0.41224129165260537,1.3090125432292234
6591,0.4943843828242959,1.6824207699414595
6592,0.4501651123310756,1.592238286745201
6593,0.4708232112879892,1.661074805606916
6594,0.4429043418574102,1.2059730528627786
6595,0.4689513034033544,1.4847000113968711
6596,0.45581385363074184,1.4696034563397897
6597,0.4768030623209129,1.5227700599188942
6598,0.4575079737357723,1.3835743301123091
6599,0.4266730662688468,1.2910583470631571
6600,0.42752057140313304,1.9248893440348431
6601,0.4906759933360572,1.896539964722198
6602,0.40670383323743503,1.600045788056642
6603,0.43911261465942975,1.2219439837539081
6604,0.5179297602871089,1.2153810135369163
6605,0.4610278214355117,1.3241416163814879
6606,0.42904818289488267,1.6172335738117256
6607,0.4606199631991896,1.4598462934632903
6608,0.4362413822447212,1.1656342420763182
6609,0.5183116359618104,1.2556373089262582
6610,0.44398087089501537,1.34914047393984
6611,0.44536854890943733,1.2496410058540048
6612,0.41740857484271227,1.2817522813972917
6613,0.42782130316623207,1.2295945373553674
6614,0.44518077778584747,1.3682745521508375
6615,0.4565791626578396,1.3306216267706121
6616,0.4650934361717076,1.234854835329704
6617,0.4051903665644451,1.7716570276658512
6618,0.4116845145387557,0.9723979969626492
6619,0.4293954146718516,1.2030892713556012
6620,0.4139222259660369,1.2340531985736587
6621,0.4906955170399934,1.309964137748607
6622,0.4845635156029636,1.2011442253890547
6623,0.4692000156467401,1.115240667051482
6624,0.4449132215050818,1.091923754770779
6625,0.46657786149423097,1.3643008447387843
6626,0.4369949802611638,1.136844529688937
6627,0.4418647700143092,1.059186148990705
6628,0.45739971723371337,1.2439588273613198
6629,0.4558950517941447,1.2446351161280882
6630,0.43830691147776485,0.9309038878644554
6631,0.45618460797569127,0.9016440117243424
6632,0.49195545940723234,1.0048542150015969
6633,0.4304828068006386,0.9723883716805467
6634,0.45505187262609165,1.424125309708049
6635,0.4863674692737246,1.6473906161715683
6636,0.5476914187079495,1.2897624055158745
6637,0.4759050162093153,1.46620207272687
6638,0.44208442991219676,1.3782977843747555
6639,0.42471031540805854,1.9593414264975242
6640,0.4161869160179953,1.801659624553421
6641,0.47408884069294605,1.9397513582868484
6642,0.4535113850843559,1.8006039655324324
6643,0.42049221217053606,1.3833669684465648
6644,0.410390988715644,1.5050205866109978
6645,0.4400925717307526,1.7203658211578443
6646,0.5069354355913921,1.264280775218334
6647,0.4363998754799945,1.130960013681245
6648,0.4312683740287151,1.2226813800126604
6649,0.4624298298821866,1.4010297557682667
6650,0.4470472549929202,1.2601058326878594
6651,0.440840550418039,1.909222594742636
6652,0.491118374958779,1.2404258303271913
6653,0.4170571659664506,1.2303488121449369
6654,0.43554944147184055,1.4077532152527745
6655,0.4462621836986357,1.5988288776388446
6656,0.45631312354675774,1.329718508188007
6657,0.4450195315972115,1.5559654640919953
6658,0.46299431972133304,1.140988947697056
6659,0.4421160374451609,1.0584762958646978
6660,0.46857832560261475,1.0183026130917003
6661,0.4511895087158796,1.0612680269676504
6662,0.43724484524680574,1.4254488458911192
6663,0.4243406119566519,1.1740692061127969
6664,0.46425244646164976,1.064247232038998
6665,0.42777521054721573,1.1265171332266724
6666,0.454892959988233,1.1719812791324355
6667,0.4708636565115845,0.9833544446426687
6668,0.5021383069383288,0.9376094347064935
6669,0.4480318253480115,1.0898757791056217
6670,0.3698439638591507,1.0850528634867622
6671,0.41152422781129483,1.1344434809916228
6672,0.5141327540272648,1.4555728395008347
6673,0.5145247242983105,1.2674865126609802
6674,0.511404077983597,1.1639319646705701
6675,0.4862088905376138,1.0084930658340454
6676,0.470202868424573,1.1875961984245522
6677,0.4747430115070158,1.518994007874461
6678,0.4911366562241489,1.195380841065379
6679,0.5210232801229051,1.1889147052487123
6680,0.4682791198341592,1.1440756558214578
6681,0.4595386235459337,1.1158050402854254
6682,0.4133085403048876,1.1829162760845666
6683,0.4839536252531033,1.117875914550522
6684,0.488243674190299,0.9162757020552181
6685,0.45856376180371033,1.2369452940607535
6686,0.5058598984213709,2.003195008606587
6687,0.45901140078757574,1.3447906195538715
6688,0.46585681976623905,1.6446717659246575
6689,0.4466697388482325,1.726951290681524
6690,0.4444702973643553,1.360824411355176
6691,0.44494057396083203,1.075802612651899
6692,0.4567373626440474,1.2178989643032112
6693,0.4092937823638175,1.6243112787459661
6694,0.44215706829885837,1.326066386352465
6695,0.449656941502997,1.4994691957547828
6696,0.43819650052820597,1.5136429279753305
6697,0.4653910444778146,1.1946957018768902
6698,0.44525035637096294,1.089333351954673
6699,0.49003788192295333,1.2107903355533638
6700,0.4807559193916691,0.8300374526422001
6701,0.4388731203032929,0.751623628787624
6702,0.43353179068241304,0.8018752371223228
6703,0.4230839748984402,0.7561792002140897
6704,0.4895126602603394,0.9436019045635334
6705,0.46807372164957733,0.9983348406634285
6706,0.4986340357261954,0.9915289734173747
6707,0.47557683419255375,0.983427918651729
6708,0.4288089165409792,0.7716946954866057
6709,0.4579585246669436,0.8292451489318922
6710,0.4687932839671385,1.0208893829179042
6711,0.4828785753365859,0.8940347224763296
6712,0.47388007397790555,1.1196743822792201
6713,0.4524904142305689,0.9816797155778385
6714,0.4744535071178547,1.0850937273895855
6715,0.44674412081542525,1.6190787681098122
6716,0.4596709629285683,1.00102017284597
6717,0.5256781977357217,0.8491958235074015
6718,0.4861339533213273,1.0499264320123542
6719,0.4445351408523263,0.9103962698029083
6720,0.4822011610257973,0.9304117896024463
6721,0.500988988621721,0.8585801089851601
6722,0.5140927095436355,0.8460122271648889
6723,0.4298606051982028,0.8570487886956595
6724,0.4282809814203133,0.8520805216529994
6725,0.41736838901505885,0.9242320303778047
6726,0.43646182394722133,1.1060754714660275
6727,0.49302435326344757,1.1423534178039403
6728,0.43651435676130274,1.0009631936989942
6729,0.40011154274338656,0.9488433049720468
6730,0.3990678185398139,1.7998008178275766
6731,0.4475497574482149,1.5922899587640484
6732,0.4867935961889989,1.6844523086131198
6733,0.4359062640991026,1.5213016011182545
6734,0.5059772284285536,2.1430797675280897
6735,0.43517295075851736,1.629113536436581
6736,0.41293995357254176,1.6643446666523092
6737,0.41903876853220673,1.6847104904721084
6738,0.4297946298006669,1.3249592867869775
6739,0.4386422700673631,1.2063633735897472
6740,0.45913450087158425,1.6497413151472518
6741,0.4238354557926215,1.20658044097493
6742,0.41816821405031146,1.7114566894410883
6743,0.45866940553905894,1.3902701272547824
6744,0.4210235707968184,1.2488536273391502
6745,0.45968433838446165,1.191761400514436
6746,0.3940156570916037,1.3047254531128893
6747,0.44103802610369564,1.2328728003409302
6748,0.41120926674129893,1.6098562426937437
6749,0.43590248094021694,1.6221271058888111
6750,0.4632337608383697,2.3119986855867998
6751,0.490994127919373,1.131182561800318
6752,0.4966456022077394,1.639438983306144
6753,0.44921857596022413,1.5708911962879515
6754,0.41931275951052177,1.2031291399187254
6755,0.44836683527937216,1.2863816190691828
6756,0.4170296082218874,1.369364546340646
6757,0.5029549986413382,1.1152198135274127
6758,0.46645680040989107,1.2213270588985925
6759,0.4312811271079536,1.0583241003230937
6760,0.4762078685667908,1.2243779515757145
6761,0.4870097266817556,1.2421846459212813
6762,0.4247905423918974,1.1880463558493308
6763,0.5040011747369488,1.401587247269825
6764,0.42671163278876,1.2337684000580056
6765,0.41505432244643425,1.5488203254718225
6766,0.491801232388876,2.2155367274886197
6767,0.46453550776231634,2.0274356019149704
6768,0.3720812386679418,3.423932429656242
6769,0.419825400542287,2.5310838928500425
6770,0.43290723643256623,1.992767379121873
6771,0.4891089151785212,3.156007036422063
6772,0.4565433963988591,3.013610290092172
6773,0.4736306412706097,1.8434437374466832
6774,0.4665576809818305,1.5915677437504518
6775,0.48447368040825556,1.8849024055073562
6776,0.45279129616265157,1.5339349276811174
6777,0.4377424688015169,1.364547911199551
6778,0.44839389665612894,1.6153220661635537
6779,0.38922855084382213,2.230027107359136
6780,0.45366882930681546,1.427525236189944
6781,0.46103699577664864,1.13395354470003
6782,0.414962764069872,1.6100635557498746
6783,0.4224646592024461,1.829708560577874
6784,0.4582702806852396,1.2114692561834761
6785,0.44056072802219576,1.6495027061804985
6786,0.43885470536148663,1.3789726611479973
6787,0.4669535160064697,1.0764630575781886
6788,0.43930495479731885,1.2756136840986974
6789,0.4302258155878308,1.3962248581127055
6790,0.40127311227391066,1.2350984626603358
6791,0.4577700455211899,1.2212649734274854
6792,0.4524827616886028,1.201942715830016
6793,0.43215568146659333,1.1000910025198483
6794,0.4677389333549055,1.117029142611235
6795,0.4480650372875547,1.3440656308988923
6796,0.45298541981039697,1.8282961822250514
6797,0.42043614445380795,1.4390953703991418
6798,0.4562678828980159,1.0221916981113768
6799,0.41978902261234025,0.9123523565171991
6800,0.5011060127934206,0.7692997739153001
6801,0.4838269723271861,0.8150216491477004
6802,0.5032575989811165,0.9389138181232711
6803,0.4633677746485738,1.1282272448817503
6804,0.4776732146161274,1.2049637575751369
6805,0.4606359803560868,1.1524020931095753
6806,0.4629620568266193,1.6169566309567793
6807,0.48887126668564324,1.9067585126867572
6808,0.4513988708986819,1.5554456027966101
6809,0.48723041345772233,2.0217948364980014
6810,0.47456519812056164,1.375128489096188
6811,0.46926684981410943,1.651652959365289
6812,0.4922917577826861,1.7360343950466044
6813,0.41853798274855014,1.497423768043518
6814,0.4462982624479868,1.958691588883261
6815,0.4903319253794198,1.7992290055867537
6816,0.43095026722232116,1.8338499497441412
6817,0.48748271557891254,1.3777384451292094
6818,0.48831423393730977,1.6327708733891977
6819,0.44584937928949747,2.474835938620336
6820,0.3997081981121915,1.7129563735526743
6821,0.5128859599817146,1.7486419035393057
6822,0.3975257040227501,1.4482692086580888
6823,0.44057591968369714,1.858083837240645
6824,0.4331956395825136,1.7775023770563811
6825,0.48782909755567905,2.0307753468022764
6826,0.5201925646911547,2.859691602512471
6827,0.4491739147207112,2.2117319234366555
6828,0.4226124824829472,1.9851850780468543
6829,0.4347749478319316,2.0973348976338952
6830,0.44942517679871863,1.6571407150296331
6831,0.4442339701559937,1.51602013828685
6832,0.4484611767009624,1.48820543231316
6833,0.39521898690936635,1.5842816835468254
6834,0.40643502525912906,1.7038136975279132
6835,0.5399032220678422,1.294158814022842
6836,0.406756507829555,1.1852383561504698
6837,0.46135137729274417,1.1781697435286438
6838,0.4788307371070084,0.9853095400680616
6839,0.4343510753321416,1.0457600522967219
6840,0.4176012564052656,0.9874003060813089
6841,0.4757361371540329,1.1021662094060658
6842,0.51125656950821,1.0425788036827903
6843,0.45569319169498185,1.038997819122759
6844,0.45394675592774325,0.9851506826947036
6845,0.47478217870286366,1.0806988795984138
6846,0.4491423741706367,1.1712394975921483
6847,0.4277443547271988,1.2155662404680716
6848,0.41854119011499347,1.2154201454329259
6849,0.411577875174365,1.0341671491132198
6850,0.45653830830333303,1.1334906903285424
6851,0.46788921923313326,1.3535970709856273
6852,0.3968455409540713,1.0020567682182904
6853,0.44586123251220555,0.9592357115838134
6854,0.4776024032130982,1.1156843854385672
6855,0.43306707352110485,1.7111710645620106
6856,0.4245187087545117,1.6580718830951209
6857,0.4334374970024072,1.281590245302441
6858,0.45531976396597706,0.9631714294257673
6859,0.4875989122298157,1.286821632709318
6860,0.4357020797081364,1.0978919146130386
6861,0.41077759514734585,1.9712298240476442
6862,0.5136833775390699,1.6865856051445007
6863,0.4993046730467417,1.3549396094766635
6864,0.3907391058588491,1.8376406355968957
6865,0.46433857285860675,1.2022200591355852
6866,0.4678916647596267,1.043888401059271
6867,0.4131581664664074,1.7019786406489252
6868,0.48107206127018604,1.1992066398407648
6869,0.37869120338588086,1.0583108900820168
6870,0.42609881428838936,1.314399624912484
6871,0.4939597960814689,1.1833024268011445
6872,0.5144831810182738,1.5504096046234797
6873,0.49670247559987224,2.014653607479577
6874,0.46718285153213057,1.7903658979147383
6875,0.42187183762638314,1.411812479056201
6876,0.5097300604130458,1.3422926537041526
6877,0.411721507322441,1.2420765780708165
6878,0.4533182752942576,1.6915261282504184
6879,0.4168881663998354,1.1659846004930514
6880,0.44522872306768174,1.2999189849038726
6881,0.5006197948478958,1.3117196206907624
6882,0.4372171938998028,1.1192569234996166
6883,0.46378575308809,1.5258853811662174
6884,0.45242890194781776,1.191230797651902
6885,0.43143921801187457,1.4863001831526894
6886,0.44756326195105767,1.5577357139402224
6887,0.44088700616243975,1.2556438561782097
6888,0.5048587588430609,1.5245136745925087
6889,0.5272154524488356,1.7079367093669557
6890,0.4497248874705972,1.3777678296403977
6891,0.48865231206116166,1.3502635244026924
6892,0.4075340767508572,1.1474009989534768
6893,0.4696398718843182,1.5154407475758525
6894,0.4901447536297215,1.095118090365697
6895,0.4521019615015937,1.1614961751456399
6896,0.4622867824961838,0.953271971744241
6897,0.44199711489445953,1.0271368460747803
6898,0.4324719312700253,1.0886752964223472
6899,0.4009814456249904,1.2101430678830563
6900,0.4341603002501923,1.0445688447905976
6901,0.48915164678999523,0.8956245050846952
6902,0.45870588821114844,0.8212860961562222
6903,0.5415008965047817,0.8019856885798926
6904,0.5093035894690208,0.8274636517450648
6905,0.47467820621231227,1.0260501064143135
6906,0.3971821665763855,0.868234139044308
6907,0.41818921774336437,0.7661614545340677
6908,0.4715940095845935,0.7945696653671634
6909,0.49663345211917914,0.7983597690619312
6910,0.4181462966122674,1.0753763879387124
6911,0.4743433264852728,1.3532158963888594
6912,0.49644503547149954,1.3677772486094133
6913,0.4878606009251863,1.101932677250464
6914,0.4487586663764657,1.1141804358334217
6915,0.43146004549507955,1.0252072701176393
6916,0.4368635893446728,0.9737595047765565
6917,0.4364178186481439,0.9806863191058335
6918,0.44933137095090253,1.1035352378215604
6919,0.48924008460299484,1.374338357193956
6920,0.3929097762385618,1.1888526053104587
6921,0.46860259771347046,1.1863344959842348
6922,0.5017488338414905,1.1042210974739592
6923,0.4605355563673001,1.3767587918679691
6924,0.45487831547422314,1.5884590577153326
6925,0.48596696946227436,1.4220299188373158
6926,0.517228261359687,1.5479244034267166
6927,0.4782367394965829,1.2263359855679632
6928,0.4503555749226542,1.4684338077758123
6929,0.4612894891535194,1.255221462365493
6930,0.4959981429924085,1.3061703923836494
6931,0.43208194878494854,1.23638716831948
6932,0.43500816850986296,1.6313584053400652
6933,0.4198668862430795,1.5317851982070405
6934,0.4472761918040155,2.327977352929347
6935,0.4200698484494848,1.3169523610652072
6936,0.42551240209236885,1.7633734333862379
6937,0.44336913222248114,1.557589901882468
6938,0.4536211473270527,1.6626508507913755
6939,0.5118347232781567,1.5411487354815585
6940,0.4384385202694865,1.413135140844919
6941,0.4713955570771856,1.1333658706794665
6942,0.45767362661732053,1.9180433663349707
6943,0.4213105784457864,1.7641172495860498
6944,0.4883092427716672,1.5254841556826841
6945,0.42209899020426483,1.5805748793685321
6946,0.446332213369388,1.3014891506398765
6947,0.4217560582079934,1.2804647371606919
6948,0.4409286712558524,1.5613925254460677
6949,0.5731471169342115,1.7971444008419815
6950,0.46952718742264127,1.8879753304916678
6951,0.44363719687878506,2.0024809669522408
6952,0.4109419002694991,1.7641869575074576
6953,0.41329873968096614,1.4968400018886454
6954,0.4924289242735187,1.3234608636319058
6955,0.44016659925284896,1.2916744970580907
6956,0.4905380606651306,1.2976193584284736
6957,0.4730641674069525,1.2926540201150098
6958,0.4625331946079013,1.153853024672536
6959,0.4368094814923203,1.193907267839006
6960,0.47884239994206473,1.2338925501675282
6961,0.4701098475641417,1.1075779141731632
6962,0.4460400655431655,1.33898482276398
6963,0.4722624455840842,1.1907077749956
6964,0.47803341242873554,1.1924888427975109
6965,0.46653289123646263,1.0304734660583792
6966,0.49067121512681533,1.0728980632661616
6967,0.42787775773446535,0.987357659247315
6968,0.49212588673656427,1.0243923583076995
6969,0.4462622262320472,1.1379498110234159
6970,0.4479056860058053,1.0234570503234863
6971,0.4053334323237243,1.0894619249603124
6972,0.48190794002662585,1.0891888824481408
6973,0.4526067347202486,1.2535952584257404
6974,0.42796580131771494,0.9700685913122974
6975,0.44984629952791827,0.8737217627682732
6976,0.5053876372216974,0.9189677053284877
6977,0.5166921499863412,1.388486492981031
6978,0.4799473352223924,1.2896512885695521
6979,0.4533445924809835,1.2945265474828702
6980,0.4711257711197566,1.4587617163519258
6981,0.44398154217062646,1.1727321228934724
6982,0.43390792723998284,1.3354312025227593
6983,0.44409757794685734,1.3878140420589633
6984,0.41650980942457627,1.7008310539051168
6985,0.4828515657522146,1.6937121523236764
6986,0.4701613977696132,1.5627125247010907
6987,0.4251426504653634,1.2676157876125818
6988,0.4475170012237956,1.6994549464253546
6989,0.4957330794010347,1.564886653886258
6990,0.48442215537561956,1.415828246514774
6991,0.44116891124873486,1.2536111416168583
6992,0.44804401941669797,1.3946542242198314
6993,0.5132000110681775,1.970347190366208
6994,0.4318068779787971,1.3817177310730646
6995,0.4942593661326807,1.3005032140074424
6996,0.3602688679996046,1.3187713796652636
6997,0.4259263687920802,1.435404526955873
6998,0.45223087708926896,1.368859801477599
6999,0.4434081475132877,1.4007930448911723
7000,0.41042450562264154,1.1386959639567773
7001,0.4849552373284275,0.7770300171907666
7002,0.44499124080232044,0.8246896272724115
7003,0.41117847457672785,0.7620570613342581
7004,0.4304353201273576,0.8704351649701016
7005,0.511293464493983,0.9391424979978394
7006,0.4570203209386289,1.0960375533520597
7007,0.46080535071567424,1.2788878349424566
7008,0.43159634482513354,1.0045433704135487
7009,0.4116635938871254,1.0578772975403128
7010,0.39692759759796475,1.1645432571762975
7011,0.4590530094591159,1.0998977631041147
7012,0.48544415108208516,1.8111206212090056
7013,0.48853299802946815,1.6416553073716396
7014,0.46050485997524077,1.6940475407155973
7015,0.4668422457083915,2.1278720474937587
7016,0.4958225754858221,1.728191145415445
7017,0.46705921558500496,1.5508677878426116
7018,0.43882068036829386,1.622236620453955
7019,0.3680661482718384,1.4000286668249704
7020,0.5756069427555047,2.095238070464829
7021,0.42474926472867575,2.8857199109873726
7022,0.3594777578289069,2.7427846876162927
7023,0.4130624567420737,3.3699843652040053
7024,0.441055124245801,2.762917263993939
7025,0.4610368806181602,3.9221746041936782
7026,0.46239135334792647,3.2683039324954875
7027,0.4063402263863573,2.209415723397894
7028,0.49403731655148625,2.5833063530690463
7029,0.4572914914020057,1.8677336417355583
7030,0.40984248536304363,1.736129763056931
7031,0.39059998543517105,1.9685303991280714
7032,0.45099017458054624,1.6628808246075528
7033,0.43844934082725673,2.0683370718678225
7034,0.42715329597297225,2.2209458935607986
7035,0.42646629312663403,1.6109268271807329
7036,0.44778288394502064,1.4982693999716379
7037,0.44906237576771707,1.6332091457635454
7038,0.4530994426278235,1.2313740774265771
7039,0.4188110050067161,1.1342913728315853
7040,0.43528877473571925,1.3752465277042203
7041,0.45624041499443424,0.9026768525827278
7042,0.3780390096520915,0.9700113268731867
7043,0.4197454238400876,0.959540366547779
7044,0.3926824039047204,1.1015100768468913
7045,0.43019939539501967,0.9460730870950569
7046,0.45253040634312675,1.0652774092063164
7047,0.4351296314915407,0.8377628829872724
7048,0.4236406738896972,0.8738159942395479
7049,0.500119577912451,0.8776971634151867
7050,0.422841926512209,1.02589097647991
7051,0.4691190765899362,1.0880453123629672
7052,0.4290749598475336,1.2158010821898007
7053,0.4764341706211127,1.1730939254020025
7054,0.4712828594504051,1.2791163325309753
7055,0.4474160350063472,1.3183274066563948
7056,0.4154986808600935,1.3212802693681809
7057,0.4495031451716006,1.5550105074076976
7058,0.3858785536682722,1.3763243793283853
7059,0.5052863822399991,1.1420019529398204
7060,0.41917398890245305,1.1826741110931323
7061,0.43549891988050593,1.0630303650226407
7062,0.46714037714652645,1.036608217410671
7063,0.5349074933424737,0.9197708576628305
7064,0.4678527692567955,0.975818598733365
7065,0.42250840930105416,0.759346658165015
7066,0.45534808224844703,0.7238825206617707
7067,0.5038345508205081,0.7356634909666858
7068,0.5179118349135501,0.7269004826406831
7069,0.5073439788471148,1.023156130776822
7070,0.468097579132006,1.0590791042568615
7071,0.44387850020695657,1.3716564137958787
7072,0.48104961983208516,1.327651393645018
7073,0.4660770094510421,1.7484602783490153
7074,0.41433849062734435,1.5012211788047864
7075,0.40616898195257467,1.0540734546855814
7076,0.36707262593565637,0.8108830966995758
7077,0.4799504537605545,0.9030211342191233
7078,0.44071197799108563,0.969516729845584
7079,0.4681147273304393,0.9210184123909589
7080,0.46337265528521493,1.0808779180628583
7081,0.45130342852722094,1.2203152422766084
7082,0.4441347949713179,1.393032306027644
7083,0.4170815146085128,1.154690561942684
7084,0.44676431984577364,1.5404834810969898
7085,0.42572451563714775,1.6043146987563197
7086,0.4590888181068365,1.3262645486489082
7087,0.4970659023349725,1.1690645732925933
7088,0.4245141258517515,1.1112415755836709
7089,0.48160556884645256,1.0847808793910498
7090,0.4847672037707949,1.2895452044542552
7091,0.5108671194141351,1.5212017430842502
7092,0.4784367142371761,1.4381594478505328
7093,0.45947359661454135,1.7707038556487815
7094,0.42445816200913733,1.3730757826740303
7095,0.4658987221208591,1.3011370602163297
7096,0.4518697528005804,1.4992685074945098
7097,0.47937932089694496,1.4903181091095636
7098,0.40793054659389755,1.2110753510762187
7099,0.4655093553575497,1.3404180118181173
7100,0.4731654981965,1.1956377127795543
7101,0.41802988874102104,1.0808868998462715
7102,0.46336648302170835,1.0273818240582364
7103,0.40533402489805687,1.2348301474330494
7104,0.4290909009072387,1.0714023402593669
7105,0.4784835212439009,1.0126103070175763
7106,0.4264885395475962,1.0671443360523112
7107,0.4618914422479648,1.0386615598086015
7108,0.4958695717228269,0.9312469559965781
7109,0.48317554101203253,0.8455890937916284
7110,0.4393005805108154,1.2079798602363438
7111,0.45107159684005294,1.1327151181628403
7112,0.43556959999417794,1.3505036842475817
7113,0.4105937234985018,1.0244207798855975
7114,0.4181589915335757,1.0613697483701614
7115,0.4459919052795299,0.8923960142922633
7116,0.4774456892198729,0.9904805659090431
7117,0.45799693089087035,1.5654226356339687
7118,0.43129793778785225,1.8053188891086764
7119,0.4422812531295332,1.4839582761514534
7120,0.48131331483137263,2.0851036969897816
7121,0.4445480704307556,1.7633634689942146
7122,0.5298667781561324,1.4824336009118164
7123,0.4262336619849344,1.430517540973367
7124,0.41244519523625234,1.567971525261703
7125,0.5367486152834106,1.424776062803361
7126,0.39009446137159776,1.2438092295405934
7127,0.3778963887575761,1.1412664258364336
7128,0.48239462526099197,1.4398031628247603
7129,0.43469825300198156,1.5888685589855156
7130,0.401365821801343,1.4169203957307686
7131,0.5161324982504243,1.5915350717248269
7132,0.41740607520908984,1.1017976160188323
7133,0.432193308200651,1.0771718592319675
7134,0.462514593184573,1.4818003889426445
7135,0.49314449018645057,1.6178196460297964
7136,0.46719215795831776,1.1083311589018812
7137,0.45478639151286154,1.329518157880283
7138,0.4418771081757777,1.2075710331352012
7139,0.45885774059203066,1.3259119628702554
7140,0.4865786205362348,1.6096679597225003
7141,0.45740738482151216,1.6235886933734116
7142,0.44960676292771273,1.3809552389441184
7143,0.44843562598367337,1.525383503691664
7144,0.4858050791962633,1.6095428131159069
7145,0.4492870713900594,1.173902289381305
7146,0.48071346815349986,1.598025588734636
7147,0.4819958707661305,1.3861248805684951
7148,0.5022758563745369,1.2588468865283484
7149,0.4201009274975767,1.1289117949680216
7150,0.4980961009136681,1.7235587667492986
7151,0.4784538051457081,1.2716902859002641
7152,0.4231834533145127,1.2193388597479144
7153,0.5212800878922916,1.4317870707187839
7154,0.5376379238170328,1.477563679796978
7155,0.4481498364684651,1.3027907922429947
7156,0.46951121467988466,1.254964066361918
7157,0.45238456448305,1.1133103110257863
7158,0.47792843128870993,1.206574207370721
7159,0.4284952919460037,1.3299394539259013
7160,0.4734025238787086,2.1440146160357205
7161,0.48028951131024405,2.207104413833433
7162,0.4599711079041935,1.7724927322378436
7163,0.48002044552738227,1.4274436721523989
7164,0.4767264845301804,1.0457421535427132
7165,0.4616554333168326,1.0602927381552538
7166,0.4228981287734022,2.0122989965874014
7167,0.48296244919878767,1.765804661709128
7168,0.5146321503861436,1.363344759617037
7169,0.47761511629067577,1.2834659994227215
7170,0.5100943463519939,1.2905937641569711
7171,0.47554959602726316,1.534554511019327
7172,0.4380036488320064,1.255884217984468
7173,0.4675064240265818,1.117477401946355
7174,0.43724333733609577,1.0462725845355432
7175,0.42133432221644135,1.117050786041519
7176,0.4596954575441416,0.9753300541812934
7177,0.4512415904443241,1.3322837404834413
7178,0.44818922790508825,1.9537820827613757
7179,0.47691829343443937,1.2312935880086955
7180,0.4705065989378587,1.2764046035924004
7181,0.4904639571905136,1.3142070428839008
7182,0.5200389970853491,1.1111531552759188
7183,0.43081439698784096,1.115527210883724
7184,0.4281723010308534,1.1912646559835638
7185,0.45352403110670814,1.029545919987762
7186,0.4231529244520132,1.216333057695222
7187,0.4446694098629998,1.2294089255981075
7188,0.4309461759132089,1.2427448595611794
7189,0.4758707921481827,1.44158625486985
7190,0.42588416118066286,1.4479072174979646
7191,0.4509510681467149,1.621271496258893
7192,0.468823912074265,1.6935476822760498
7193,0.4548883212422862,1.2694559155158627
7194,0.4308658462126278,1.4516656989032783
7195,0.5351939518185496,1.5613302981969222
7196,0.49084059243063327,1.4274571445381756
7197,0.47927126548822646,1.3593339931617663
7198,0.512231536571262,1.347850627690843
7199,0.4604918887314287,1.3951403880582272
7200,0.42748216807263567,1.597099036846346
7201,0.4722975347805949,1.3455539739247664
7202,0.37728735833492094,1.477223678121289
7203,0.45420798485718883,1.6378937762917825
7204,0.4393275825722704,1.490861555905018
7205,0.4561538690502204,1.7830452803269172
7206,0.47390334467286044,1.6541748012153847
7207,0.49161144396633777,1.7438945799197965
7208,0.44640908137108515,1.3255747759226457
7209,0.46209496635835146,1.8182109328149592
7210,0.4528251799564917,1.274921968145278
7211,0.41708418350775267,1.1974178529480128
7212,0.4537501921063488,1.5018854181743362
7213,0.5010421336854546,1.418625479762994
7214,0.469131336628812,1.6127641310969603
7215,0.47476959517858563,1.8306414068323895
7216,0.45571887435264957,1.890316262985896
7217,0.48229969357981267,1.5410448781494956
7218,0.41849860057090094,1.494033311177226
7219,0.49317478742992993,1.2801644414373972
7220,0.4448800318449446,1.2184941380926706
7221,0.46206498753677294,1.0356810179728906
7222,0.47121924914202645,1.3247190806472187
7223,0.44165895286115625,1.348106649315473
7224,0.4224666322319253,1.2201105072660354
7225,0.4215003558732931,1.4828235848436078
7226,0.41970269917284403,1.2398391962051392
7227,0.42530754411104815,2.004736156139559
7228,0.4081742064756097,1.623692741671812
7229,0.4020298548693796,1.235489204670619
7230,0.42801421302036174,1.4735081699288006
7231,0.47518435728202746,1.2801685448989129
7232,0.4003022796320684,2.1561651820117986
7233,0.4259686901152713,1.9121579851919008
7234,0.4321184036801162,1.523549542265031
7235,0.4334206517460277,1.8958743579179338
7236,0.42558979496215155,1.545663753180828
7237,0.47466826554640984,1.312015788647735
7238,0.3780121736734816,1.8808972459394955
7239,0.4659108768389063,1.5543668374274542
7240,0.45112399684572685,1.2739744788234673
7241,0.4148882777945509,1.5250848080348043
7242,0.4277669891570378,1.2556236646707775
7243,0.3652932251830703,0.9731907711445706
7244,0.4231319439063952,0.9559937646088091
7245,0.4646102259460005,0.9031188522727744
7246,0.5010773062127308,0.9603368917715203
7247,0.4755612985023017,0.8866691421536566
7248,0.47401706802034843,0.9303120999660307
7249,0.4557909265305232,1.0913506653702374
7250,0.43705675960744467,1.0968186207187987
7251,0.4329703884217346,1.004691445133061
7252,0.48295611895403817,1.065215996746878
7253,0.4622589262943823,1.0348490679148332
7254,0.48424513941829644,1.3937454975924446
7255,0.46223828919882914,1.650909824857434
7256,0.5200263499056251,1.069415628331379
7257,0.4869158377925169,1.4810812901524664
7258,0.44057320564695934,1.1972664513634246
7259,0.4827164243725897,1.0152398538820953
7260,0.5048070098589925,1.2169769030172848
7261,0.4115465075066946,1.077952152895696
7262,0.4356797123418271,1.2861831813182645
7263,0.40845134015222195,2.0126489777009464
7264,0.4403572962122056,1.2330600509365786
7265,0.40710662377690804,1.7885321187741547
7266,0.4924142830869527,1.557747708362283
7267,0.4833839061190781,1.0363662503298046
7268,0.45165017044659955,1.0918392000846493
7269,0.5009756950498785,1.2189215190202287
7270,0.46649273159434496,1.004144337570783
7271,0.4752553047485722,0.8649950548283105
7272,0.48469085890112573,0.9892527924000638
7273,0.4777036633306337,0.9116415068941209
7274,0.41307047617088244,1.153856157677845
7275,0.48346274006135254,0.9611666219905742
7276,0.40539227643059295,0.9812261653177946
7277,0.4209695012824049,0.862776742976846
7278,0.4583399689313277,0.8588077622709922
7279,0.3975975044722696,0.8347983834812942
7280,0.4537068784815594,0.9974355714992412
7281,0.45142125215345213,0.9777277794856469
7282,0.4475474105876626,1.1202543331581412
7283,0.4581680349933291,0.869023539487598
7284,0.42519979511649864,0.8812673468034244
7285,0.4358493587345753,1.0452366656470067
7286,0.3744443220999634,0.8913348421309758
7287,0.46496401539126647,1.019834753379081
7288,0.5892593629151872,1.0847338727376994
7289,0.4325545531453438,0.9248581042567503
7290,0.42398363322887606,1.1119019938904104
7291,0.445086252631493,1.031641739664726
7292,0.44598137290732376,1.1444236393113738
7293,0.43687151357965565,1.2353901550607773
7294,0.45846632513606433,1.1067107695977665
7295,0.511542319672779,0.7807217622266233
7296,0.49841929639427407,0.7079339704467255
7297,0.45261945770782175,0.7014842953496766
7298,0.5367060995217666,0.7273280192347407
7299,0.4756399456737111,0.7606905999692898
7300,0.45009402641393603,0.9862424204650434
7301,0.43443702667662243,1.0764207417525133
7302,0.5392928650078265,0.9158280497615777
7303,0.4603962325355382,0.9569104198113229
7304,0.42923344165376087,0.9345548164497302
7305,0.44932089557925475,1.0229505225292688
7306,0.39095076744996227,0.9382118067695099
7307,0.4530067455421374,0.9934175656837168
7308,0.48007159267814414,0.8021094422895931
7309,0.42864094775857275,0.8301689902555596
7310,0.39511997578213515,0.93725908612742
7311,0.4960332142496572,0.8439087375853825
7312,0.4505732018970749,0.840543986524193
7313,0.45326326946610385,1.0409606724109464
7314,0.4481104412703838,1.2729308367932883
7315,0.4332061942341258,1.0797493446220472
7316,0.44966702901043937,1.4435788242562304
7317,0.4904197141962144,1.5025927615397185
7318,0.4565572576615417,1.2418262975887187
7319,0.4693038203183887,1.052443445307537
7320,0.4572860584097001,1.0091041309162252
7321,0.4533199853110082,1.0451558446421207
7322,0.4055720353589475,0.844073663637476
7323,0.4692709104528705,0.8191010645292338
7324,0.4993405232151735,0.8165460136330244
7325,0.4140223279161361,0.8914659862379426
7326,0.4760431039680555,0.9763495059846674
7327,0.4323872524557762,0.9417262985868361
7328,0.441002364297515,1.110642987547569
7329,0.44405911964120215,1.2173422083113958
7330,0.3814882008196081,1.0392849723112236
7331,0.4947858146093424,0.9717384889287856
7332,0.49205537762456725,0.9503175824591257
7333,0.4760514561412404,1.2468038276561255
7334,0.45931584916068513,1.2779886878809883
7335,0.4113934856016659,1.2366164239864905
7336,0.4274973906938312,1.0694524917787718
7337,0.4616555820391016,0.9821656161141628
7338,0.42309407007347033,1.1283846370224815
7339,0.4678642136379353,1.4145677627869022
7340,0.4705033331241423,1.3910845975274022
7341,0.4803309654726565,1.5360005810422805
7342,0.4296950038196971,1.927995052731153
7343,0.4754427072492618,1.353965920152016
7344,0.43343842203177296,1.4079066595984895
7345,0.45292976961552517,1.2344667876808388
7346,0.4449449297293876,1.22811324966764
7347,0.48510854394690506,1.1606397096393177
7348,0.40899384021759033,1.206900755178581
7349,0.43128409663450373,1.126822378450227
7350,0.47675352594227466,0.9868757776843692
7351,0.47335148494220475,0.8676433395413519
7352,0.4811857310892309,0.911949337107464
7353,0.40111602104983285,0.9176538181536406
7354,0.432485381665739,0.8442433030859938
7355,0.5298808066590318,0.9141383414129609
7356,0.42337015531595473,1.0306900305655395
7357,0.4674022678032662,0.8600488889564588
7358,0.44564243485626664,1.280128863251325
7359,0.4538282914069092,0.9040444360196012
7360,0.4343942930397478,1.682515087636929
7361,0.4347000813599929,1.7042982589851305
7362,0.46574699705086864,1.4622066009391859
7363,0.4329585080007905,1.5494787889776878
7364,0.44431538865404224,1.287115531638988
7365,0.43960421525158927,1.545533199912136
7366,0.4046723700842811,1.947678962378826
7367,0.46777769923210144,2.0394373970124327
7368,0.42718167443877286,2.450509544715141
7369,0.4882480178064513,2.6362316562134085
7370,0.4955934861909996,2.408037573967165
7371,0.42615787207501604,2.580746382764242
7372,0.43084783924436104,3.4820559262071997
7373,0.4989931233299589,2.396465189827299
7374,0.4497320015453598,2.3040590645040124
7375,0.4699154473045497,2.356264996875837
7376,0.515434476067719,2.167655789736405
7377,0.4346288332661379,1.7059206389686437
7378,0.5204238075654484,2.0157660888236704
7379,0.4674085902357564,2.1804030716997906
7380,0.46717458326839706,1.786414185773979
7381,0.49975345551388933,1.2291436970812604
7382,0.4490580697661465,1.2684557194848662
7383,0.42290780555854723,1.6030303569673334
7384,0.467843806859359,1.2136588056110642
7385,0.43698649846234366,2.4943167237402166
7386,0.46965241113912715,2.7526621066250847
7387,0.4390770790067691,2.2387468218803406
7388,0.4400574373967439,2.1549491182114315
7389,0.46445007723512,4.229402834929309
7390,0.48790375526668955,2.504605665368941
7391,0.44830868921233613,2.6937809030986526
7392,0.4378730023948892,1.8682435918780207
7393,0.40247411172366837,1.4880059552424163
7394,0.44801323969387313,1.6512428759371194
7395,0.4696971432676593,2.6600908804865715
7396,0.4968937629634894,2.5015206394843683
7397,0.5031870742446011,2.2508836880470944
7398,0.45339508687408225,2.249307281762651
7399,0.43967626453603353,1.4362174214668644
7400,0.3953871541810267,1.475334990371778
7401,0.41395577122864213,1.113944231306465
7402,0.43083121707138505,0.9228065575210793
7403,0.4684251923005558,0.9122837023827636
7404,0.4478441054381213,0.8330727890857215
7405,0.5510300264775174,0.7936767125592649
7406,0.47960186930536064,0.833788744454245
7407,0.4801360605989845,0.7624256900213298
7408,0.4778377407962836,0.95671498659745
7409,0.3911609007316886,0.9130561380710417
7410,0.47898015640314345,0.946667005714861
7411,0.46709763106790564,0.927848634210605
7412,0.4457422518035741,0.8122809228387852
7413,0.47199271662721354,0.9166048423757831
7414,0.5176286743682565,0.8077606715044929
7415,0.4646718476003813,0.9797458995893163
7416,0.4541098217941025,0.9934979144809315
7417,0.48102823218095647,1.2164744792632687
7418,0.49969615461756883,1.1635867189435125
7419,0.474328086792844,1.3239855592690626
7420,0.4817257222620029,1.1512609812819843
7421,0.4891317411533837,1.2892214794760768
7422,0.4586857823492254,1.750150857619869
7423,0.5192737718230312,2.074693062930431
7424,0.5327230315763973,1.4445239907329521
7425,0.5237508204955499,1.6507321301015836
7426,0.4955313830699736,1.739089351255917
7427,0.4680531143563465,1.3303108799804761
7428,0.4474492093313088,1.502328823492365
7429,0.45455681988336505,1.5594589258860616
7430,0.4370747266463863,1.4946608688067464
7431,0.46040257232860454,1.4508053475213283
7432,0.43212078555116373,1.6720397854314266
7433,0.5057382305848945,1.8190772816972824
7434,0.4380655063008799,1.1686844675286303
7435,0.4291059565775603,1.1842335468357048
7436,0.49163487871873723,1.1458780250503022
7437,0.4659185698888834,1.3967451314324315
7438,0.39956597969369984,1.0506319461516964
7439,0.453156333235861,0.8596176134729848
7440,0.49026595562407116,0.7149559681855359
7441,0.39245707085989057,0.7476503235622517
7442,0.48757778730207274,1.2265536628880547
7443,0.40768136156415474,1.1346764778627934
7444,0.48838402258539665,1.3655074337153759
7445,0.4856097842883138,1.3719560810663167
7446,0.44514049835575437,1.7148086550166306
7447,0.4604716005834561,1.2843123350328611
7448,0.42352872305703393,1.9296757492046912
7449,0.4259377263703393,1.4163196254702448
7450,0.45664213641175944,1.0927747927823113
7451,0.4420399185523246,1.1161843040614452
7452,0.4277322049279815,1.1158674752827986
7453,0.43903256388543876,1.1689293587092058
7454,0.47608147894294517,1.2886101354673072
7455,0.5025324349843182,1.0398551219875374
7456,0.44499547967632996,0.9602351593739779
7457,0.4117967593438417,0.994930120347773
7458,0.4438641720894471,1.1158930080608256
7459,0.45053338888779426,0.8674575767470795
7460,0.4470930108167593,0.7796196486186056
7461,0.4258021579205411,0.9030885719558568
7462,0.41202563741832104,0.9408964202241991
7463,0.4595127973741698,1.477168429245069
7464,0.4382175565923302,1.463774291057031
7465,0.4748836888850314,1.395041994678164
7466,0.4528418621681269,1.3500301710610252
7467,0.4578513097994536,1.8284065572960864
7468,0.4994935277596261,1.789402745881127
7469,0.45111115898900817,1.1828043836991764
7470,0.39839993156854386,1.2523239434344098
7471,0.4953822892846413,1.5113602297977335
7472,0.47900198298750574,1.6324341708016628
7473,0.49347692438699664,1.5524722389804506
7474,0.4513900612743155,1.572299982158883
7475,0.4344176681875025,1.2240469311047526
7476,0.41993748157927135,1.2652986790370016
7477,0.49431232051941953,1.2943695766254537
7478,0.4689240953297291,1.1965675139890133
7479,0.4516928109150488,1.1807782511109288
7480,0.5119706623762557,1.4690897574702513
7481,0.457984136724935,1.3622658605714446
7482,0.49115432350380905,1.8126996315798714
7483,0.46149964095319357,1.6295326977100186
7484,0.5102483120936792,1.3808085588575567
7485,0.423589924585472,1.4618597441506618
7486,0.4616591571604164,1.2384368835143673
7487,0.449913262742237,2.080333259499189
7488,0.5002893747635258,2.4580998947319475
7489,0.4893349090826164,1.9685723677422236
7490,0.4272592368635159,2.504297015736404
7491,0.4566365775552768,2.3663435474182797
7492,0.4346181041407354,1.736392805877241
7493,0.4521368111221536,1.6626824863906045
7494,0.4401537752845912,1.6457861945467087
7495,0.446079960147154,1.7948886809997189
7496,0.4869577016645265,1.845459295129313
7497,0.5030353574208843,1.540772209468397
7498,0.4440024680304296,1.3012517829543178
7499,0.47432874649473766,1.425030015047314
7500,0.5171646258784729,1.5804232127458147
7501,0.5142419274570873,1.8406778001090855
7502,0.4403073700886328,1.5081585269529842
7503,0.44343385505444793,1.4528505252402963
7504,0.49233585538216007,1.7087408975490088
7505,0.4306161860817844,1.6781062790491048
7506,0.439383246944946,1.5132863608378808
7507,0.3962204172773269,3.6604706263079225
7508,0.4668844081823108,2.885396735760772
7509,0.5039421832098544,3.020668977093928
7510,0.4540773873190278,2.677820441213626
7511,0.45288050521924655,2.612143985854769
7512,0.4456245248178834,2.4898536049046562
7513,0.46388874933557606,1.7637594185986565
7514,0.40765451285445575,1.5932781638450992
7515,0.4466218230793777,1.5162843107019814
7516,0.4258100702924636,2.0138729891730742
7517,0.44447114340309957,1.979616159374274
7518,0.3891927029901338,1.5340549430800874
7519,0.4403062271840364,1.8221845771502523
7520,0.44558483362197876,1.2559227914486117
7521,0.5073557539472302,1.4586236951420608
7522,0.4648480056558998,1.3148186357275953
7523,0.4602701299398848,1.1480566535181211
7524,0.4644151225830745,1.40890739612209
7525,0.49786929684935266,1.1095575389352816
7526,0.43154571921501345,1.1765680857075071
7527,0.4396702386800525,1.0040920156877018
7528,0.4976637155106924,1.1608467171493086
7529,0.5157471589961098,1.3277584296985738
7530,0.4274813550189861,1.6308344961370078
7531,0.4885202466862873,1.4139158916704864
7532,0.4809713294205156,1.3087521640999804
7533,0.5330845806205157,0.997136233501064
7534,0.5119477458370542,0.8786297504184315
7535,0.4981443829906797,1.1522576947814052
7536,0.47135758284226204,1.222264984279003
7537,0.46349209199831326,1.5905596012050667
7538,0.45380228121303817,2.063482024715942
7539,0.5186931887297954,2.121754324551925
7540,0.41612801071509575,1.6281225397748855
7541,0.48659905588742597,1.1712846356688194
7542,0.4757889908494301,1.2837549077654349
7543,0.44948545792727795,1.5863679138202111
7544,0.42528141875868863,1.168348698361406
7545,0.4757727135732336,1.0047729761855115
7546,0.4851607972557105,1.0757331014836875
7547,0.44562673771265643,1.058916994668905
7548,0.5017856327654089,1.084909412467364
7549,0.4667871869304805,1.0638628989747427
7550,0.49732805889787024,1.352771228378259
7551,0.4464839775006748,2.0658550742760444
7552,0.4597042301326122,2.112830449655218
7553,0.41880495397789963,1.6335550066336846
7554,0.4931122440736271,1.8326391733965828
7555,0.4507386031949404,1.4881053219721154
7556,0.4046420093300273,1.471821944690445
7557,0.47026907066697055,1.4023635937172232
7558,0.5079957434853304,1.485362405915862
7559,0.4664965190933746,1.4501354514973834
7560,0.38556925648624457,1.5737148002513404
7561,0.46043478516699043,1.8497287347478775
7562,0.4661034770960947,1.5415072117036985
7563,0.5029630076538012,1.5500234481200432
7564,0.4830883475183283,1.8745243092185084
7565,0.5065040281675395,1.6295718724287829
7566,0.48267157390279675,1.5358357643618168
7567,0.4665849122028906,1.5065912546463383
7568,0.4949179339466743,1.6232204263650098
7569,0.49500022814111805,1.1112255112638751
7570,0.49427166320745225,1.2375499473034757
7571,0.49376456945845226,1.1092697567152745
7572,0.44016945796105467,1.0376101558648267
7573,0.405167295226773,1.152550383100232
7574,0.3964629717243528,1.2002505584827905
7575,0.4597723194696371,1.048967390384489
7576,0.44136149964286286,1.1814817867232759
7577,0.4521471222916853,1.1416003339498946
7578,0.45337461788677474,1.0611105908467933
7579,0.45809551465858533,1.1491549964089995
7580,0.43627631201327427,1.0577808705348413
7581,0.4772966894709948,0.9135197320030731
7582,0.45107786661212884,0.9981839940385911
7583,0.4335381434959115,1.1101366038461333
7584,0.437113079052527,0.8425809434316691
7585,0.4417001101577166,0.9691296896888214
7586,0.49799589885091317,1.0757584351937748
7587,0.42205663473860733,0.866448822530728
7588,0.4480635193945135,1.113731315992411
7589,0.45320244032202417,1.2125417642223024
7590,0.4329545463173135,1.2031677446319062
7591,0.41194246376602395,1.2720465804766683
7592,0.4549389911218754,1.1920260295127203
7593,0.5489353427609194,1.1100833977310403
7594,0.431880069299809,1.0924931625718053
7595,0.469829324379708,0.983039811976905
7596,0.47661104393236847,1.0460328511821413
7597,0.45493903987616013,1.34318453015633
7598,0.44866060342603514,1.6925854127383926
7599,0.4521602739408178,1.6578988496539662
7600,0.45480937460093823,1.2502835653360607
7601,0.4564615227643726,1.268762811873723
7602,0.4175369409681524,1.0662722188292197
7603,0.4360728992999179,1.4162613963617863
7604,0.45972440326676783,1.3281350407785582
7605,0.43268502510867074,1.2225369735828882
7606,0.42662488893397804,1.3782868431609812
7607,0.410782777568669,0.9714544062475556
7608,0.4381498396396637,1.231500253515336
7609,0.5477700709428602,1.1501753046674636
7610,0.4449203538084493,1.0041095689662451
7611,0.4707801608205999,0.9266702683226576
7612,0.47448594651175935,1.0615864291931818
7613,0.489237561966609,0.9559527357805122
7614,0.4293808977580765,0.9786122157735732
7615,0.45602705467094495,1.2941080106114877
7616,0.45832886568550923,1.1351686027443524
7617,0.46394486681928915,1.2770078616234863
7618,0.510931111655189,1.1413232522103394
7619,0.4053935373871072,1.1641963367323274
7620,0.4259608738052035,1.2856072008031085
7621,0.43838164470728164,1.177238396070536
7622,0.4459722921686265,1.1328371838458533
7623,0.4331798570827373,1.1790596264079936
7624,0.4278274022259759,1.076575864287256
7625,0.4713775738350396,1.333868885503232
7626,0.4313805302948628,1.31725213423516
7627,0.443772486691336,1.4911164971231257
7628,0.43715805075701003,1.403937221152111
7629,0.4878938637890862,1.2519447653038989
7630,0.4377997274537688,1.541419465564987
7631,0.4895526607638424,1.9037953806154937
7632,0.4446411430835724,1.4290831210543808
7633,0.4738368643719016,2.063222063397898
7634,0.4755389988422394,2.052321767922744
7635,0.44397136597957426,1.7207280385841444
7636,0.4138370688679149,2.3778298121054195
7637,0.42506018758398817,1.9195374586049794
7638,0.4315198648323133,1.663929995402549
7639,0.4774023549070636,1.7127284332386499
7640,0.48690947456267275,1.5654357347673582
7641,0.4875217201640305,1.234652448626398
7642,0.4820666776120084,1.787315322357474
7643,0.49126918686246407,1.20557048945751
7644,0.5298040271962731,1.3916533155348694
7645,0.5213090233432437,1.0531613242278979
7646,0.4904009497281417,1.174037899207143
7647,0.4419022344269799,0.9762678065346283
7648,0.43272464773029956,1.1712589755799006
7649,0.420627867133872,1.148992296561454
7650,0.5249486212591523,1.0078511967242343
7651,0.5005771413590144,0.9683376573821874
7652,0.4233880980500897,1.1052924805474513
7653,0.4580623744760902,1.154780275034673
7654,0.41958768651323414,1.1444241919563811
7655,0.4802544724594042,0.9440992532424557
7656,0.42098537347849135,0.8853239220322915
7657,0.44643315065254285,0.8944179317326222
7658,0.469309525003711,1.0298893665804447
7659,0.44168400648728157,1.109478109669917
7660,0.4254279104829992,0.9677504711938136
7661,0.47787089182913883,1.08937260479603
7662,0.4228381375664646,1.031555230177722
7663,0.47222968096871976,0.9520653787168484
7664,0.5066033627801728,0.9062436512373027
7665,0.4427198915226946,0.9088234311168634
7666,0.48900064797077364,1.2195245264803323
7667,0.448842614310459,1.121174796692376
7668,0.5031647184520092,1.074514938789664
7669,0.44573492187898134,1.078751356856337
7670,0.4249875053618718,1.038926867605413
7671,0.3933717839926192,1.104712292407323
7672,0.4838827790565861,0.9645287602850534
7673,0.4490710968531451,1.0578856682314457
7674,0.4932649615898873,1.136394652926806
7675,0.5156260780917788,1.0592025391106468
7676,0.41396662563953585,1.1041490105749334
7677,0.46447012609648475,1.1060434440964635
7678,0.4530502823950018,1.2095364164380193
7679,0.4928030342731661,1.6409070486003914
7680,0.48504228788672143,1.5804877038140899
7681,0.4345134398312245,1.6700269927098914
7682,0.5017740691749795,1.8597039800245785
7683,0.48874147424420106,1.1934685527699664
7684,0.4411293259523447,1.2254915023312984
7685,0.4396859274327176,1.083385327487316
7686,0.44134258413777766,1.4560161481783227
7687,0.43496217947561766,1.061371628520558
7688,0.44772405879011434,1.3223779548719092
7689,0.4559442797332134,1.3087123840757944
7690,0.4690564652380434,1.3985545461617628
7691,0.43545372567130525,1.294517583638719
7692,0.41271586904247987,1.3974915754447863
7693,0.4783677973793548,1.5151151673307697
7694,0.43654339926914104,1.2021970714180215
7695,0.4968321670606298,1.3727185650936609
7696,0.47231242335537105,1.2923144860175049
7697,0.44895732344932926,1.0856656032858543
7698,0.5043635241036276,1.2233452397642783
7699,0.4168462799590768,1.4553079448857353
7700,0.49625573806392337,1.0783840880810636
7701,0.49209304920678,1.0152207879186834
7702,0.44481529194174463,0.958414474737297
7703,0.4241879232300138,1.105532290287388
7704,0.39650440939421794,1.234741498544378
7705,0.42864236264552885,1.0403670824847175
7706,0.4417505281642803,1.1120137456551338
7707,0.45168059427761337,1.0458642325355012
7708,0.42621018874992445,0.9015056670290752
7709,0.4857066638261369,1.090372995844165
7710,0.47460917535337427,1.0290145613614796
7711,0.4739134658887548,0.9120570218678817
7712,0.46637017634308453,0.8810505027909881
7713,0.5164913807100463,0.8742284716911686
7714,0.47421895661979047,0.907209421824483
7715,0.42076844671397534,0.9351392897587378
7716,0.4233269604664404,0.8706497023406538
7717,0.4386446354458633,1.1048788353077417
7718,0.42049270810432804,0.8954160039864697
7719,0.42917246899558503,0.9190128138921794
7720,0.47451872154346947,0.9520567834955974
7721,0.4572015511758119,1.4551346238377025
7722,0.47386365680439957,1.4621557304002706
7723,0.42080834247533555,1.5018653678662568
7724,0.5097485232411079,1.612034613067664
7725,0.49557890041360575,1.814582843803665
7726,0.46317136982112256,1.6126493568559295
7727,0.42557177786688205,2.713942405668277
7728,0.5073564295629853,2.3183465536358288
7729,0.48563376763491956,1.9025731723285415
7730,0.5045854946942006,2.536505960145043
7731,0.4923684290311869,2.336607722402776
7732,0.4421156870508657,1.9131197570597085
7733,0.43070243226671684,1.9840791074975024
7734,0.4345373057045983,1.4224405572252365
7735,0.4683920579049194,1.3525565289756627
7736,0.4609060252754434,1.3028662222103007
7737,0.45170037607544833,1.7007549491900842
7738,0.44962363393561355,1.7836497171411236
7739,0.4322390602630319,1.3839274586983097
7740,0.4528710376290442,1.117034979815622
7741,0.4823165900498918,1.2654219744274917
7742,0.5051953147337275,1.1260749790274982
7743,0.4438191710166561,1.3837555895731286
7744,0.39028453248218425,1.2724974346392364
7745,0.46508342259138535,1.2429574189834225
7746,0.44980542347269153,1.4271542916020143
7747,0.48798678945569157,1.4046398511210691
7748,0.5280112589447243,1.1045061604490558
7749,0.44099441402166795,1.1058518776615847
7750,0.4295035299745578,1.0343497817956129
7751,0.4498140447348067,1.465023952201732
7752,0.4192903284887666,1.0408465092621961
7753,0.44085688209070745,1.2293737114054486
7754,0.46205681909635227,1.2742127492589859
7755,0.4520021306658254,1.1716729807622224
7756,0.46192800651476223,1.0822455969829003
7757,0.47835963212170646,1.1683018658925028
7758,0.4883434970691366,1.1884761198053082
7759,0.4322789085721507,1.159101876819018
7760,0.4048490078703871,0.880491816303105
7761,0.5289417325871663,0.9485867683169911
7762,0.4420372247695923,1.006890455495964
7763,0.4192433746405018,1.1272738842130865
7764,0.4955108183101543,1.0262867958800306
7765,0.49477494920341714,1.0839186773716825
7766,0.48527088992804,1.039536988850936
7767,0.46187766257999013,1.079035622980988
7768,0.5303452969754784,1.3389271445644713
7769,0.41723766431067755,1.3249537331386678
7770,0.3983340240219264,1.3806693033107276
7771,0.48410537202381393,1.74746094282391
7772,0.43385795771496966,1.4220551275512547
7773,0.4353269176575744,2.7474448680877686
7774,0.4867517366571334,1.7296860090737205
7775,0.45472447964751606,1.4072091492634375
7776,0.4239624970167586,1.8763234534309905
7777,0.4725150167942047,2.7903943056041753
7778,0.5103844505490609,1.8611782800804064
7779,0.46079966368027103,2.4263354753984987
7780,0.5087155578205886,2.1467424943609146
7781,0.42128977121658695,2.1476738198289596
7782,0.44715986205536185,1.4666176253152126
7783,0.5089977713464533,1.6864623635717966
7784,0.45909711284544863,2.132207345615313
7785,0.4440617205448521,1.9273339457882261
7786,0.4967005490099342,1.7116261419740695
7787,0.4230784565499685,2.7858905086239565
7788,0.44375445136746156,1.8829151374622457
7789,0.5055808051697259,2.1742390857159513
7790,0.4396716715062706,1.8598668447975975
7791,0.4950410602162185,1.4207256719904038
7792,0.49618554809718457,1.43730745674337
7793,0.4755252732813937,1.941571623954958
7794,0.45522719274446805,3.4789512973387264
7795,0.5639426731368871,1.9889082706090315
7796,0.419616334067965,3.0728138002377112
7797,0.4256281831021448,2.506285760587859
7798,0.4881734414008057,2.2674960667647204
7799,0.5034972119678571,2.694187794495555
7800,0.46185047881117147,2.439669665202354
7801,0.514419869311805,5.401419288325078
7802,0.48258345219695453,2.645638116355081
7803,0.47588458917673354,3.5019394882674355
7804,0.4883479690088809,1.7531126702873452
7805,0.5078475168607768,3.436741621748915
7806,0.4317815674161448,1.577629484597919
7807,0.4665335769792205,1.3822832275362849
7808,0.46254766595016406,1.378564909245204
7809,0.4616882271558336,1.138295748858776
7810,0.4586638628857807,1.3700224514146453
7811,0.5406105124834671,0.9804797629708225
7812,0.45584108904727455,0.8903730268617278
7813,0.4614174886814599,0.9066626851998486
7814,0.4379261292300178,0.9022932081546599
7815,0.4812074425151047,0.973137847428183
7816,0.45465266473084975,1.1078359507819981
7817,0.5135891090318995,1.0421283667527357
7818,0.4433604924424181,0.9914090529228877
7819,0.4411430871023715,0.9999353931945505
7820,0.4265223157058642,0.926312984193413
7821,0.47191660149583536,0.906093166291135
7822,0.4178793395607217,0.8644703545616669
7823,0.44299487668333704,0.8577324423975158
7824,0.46694588212712296,0.8555448055267334
7825,0.4357810944897457,0.9275980655429432
7826,0.4158119949900988,0.9340550257164297
7827,0.4598090382455622,1.0900039429803496
7828,0.4855777942439885,1.1432419951679638
7829,0.45564632103281116,1.1085269069208683
7830,0.4136311446578757,1.0643823447736722
7831,0.4101614656957608,1.0339661090119372
7832,0.41049064420959325,1.0373099446296692
7833,0.4945112177469198,1.0035434064355868
7834,0.48808393504434416,1.0489997979506707
7835,0.49106479327655533,0.9199631549779651
7836,0.4381213303908561,0.9401282830145753
7837,0.4945291587449972,1.0066978890918992
7838,0.45938012177504384,1.423290125953341
7839,0.47919392296411456,1.2033403284341386
7840,0.5001098530963787,1.2480377450730036
7841,0.45490978122914877,1.1077870437242452
7842,0.4222262477122464,1.083162513751428
7843,0.47069834852681575,1.183561123111873
7844,0.4312732184974893,1.1074287821945634
7845,0.4634414373092281,1.5056976936395885
7846,0.4421104670149609,1.0678994835001752
7847,0.399630177946924,1.0962604174336184
7848,0.5299315429428249,1.1489784873805
7849,0.4996408912742022,1.077322176937918
7850,0.454651244057035,0.7748423311316851
7851,0.45660903210778836,1.0057184765639815
7852,0.4480114972707137,1.785743457599751
7853,0.4758775234222412,1.8204015979489077
7854,0.48366872141662154,1.5703784620877608
7855,0.43300693417058406,1.6277737733229851
7856,0.46514729489979234,1.6275647490927316
7857,0.4282964815213842,1.631367851808233
7858,0.44536734972763986,1.5844577938607596
7859,0.3961364111854035,1.5041090961798882
7860,0.41518280315167694,1.2929944205052644
7861,0.46128201889760284,1.280390157861617
7862,0.459071069087797,1.750660961692773
7863,0.4339345603891947,1.993484152173533
7864,0.433448364433733,1.4959971881607204
7865,0.3735407556144937,1.2206829606908038
7866,0.47779231395536254,1.105700216825726
7867,0.4703100410479944,1.1510976824945616
7868,0.41595393390331453,1.0568527006408543
7869,0.4249916776870061,1.043225105526378
7870,0.4477975056009385,1.1888271257715317
7871,0.3934326109666269,1.077185994791753
7872,0.4590189653692894,1.198669509401599
7873,0.4559986760604729,1.2154902283427784
7874,0.4037588620648801,1.4921775251916312
7875,0.4429024117953569,1.0601867726705607
7876,0.4254805661231569,1.0170316337381753
7877,0.45170325156554436,0.9361458449687773
7878,0.45274238968358455,1.0370716631991193
7879,0.42810849483730723,0.9264056838831856
7880,0.46470506677349793,0.9381086380736342
7881,0.4111453534908665,0.8633764363029628
7882,0.42798584034141984,0.7181151717611887
7883,0.42360393572779537,0.7304675717955654
7884,0.45474617689558605,0.8193331997371415
7885,0.47935527158014984,0.7808640796003989
7886,0.4120237639228117,0.7585973022053543
7887,0.44860621621307817,0.7185102967382635
7888,0.42602760641320236,0.7603988965738167
7889,0.40618271532567957,0.8814207992507416
7890,0.45415592974829444,0.8096144482927415
7891,0.44196655275752245,0.7779426291150954
7892,0.3905265348628887,0.8553871020530034
7893,0.41464122695830263,0.9082638372495336
7894,0.3842377389229617,0.9381816653372015
7895,0.43319964495677393,0.9040573042573281
7896,0.4017252456215979,0.828096569163128
7897,0.44499866273796673,0.8415630835931278
7898,0.41452864260928146,0.8592505449230231
7899,0.40415494303101474,0.8252147621321446
7900,0.45730510440844935,0.9535753015175606
7901,0.44381745984253373,0.8559669261997186
7902,0.40856020716787544,0.8695322142063993
7903,0.5438649807740183,0.7777427892083103
7904,0.44015406607424173,0.8565854360756365
7905,0.4562244869551612,0.8885512276760583
7906,0.5369507624107657,1.5152118101860712
7907,0.4841684424182744,1.4487112534856332
7908,0.44421183194928954,1.200447570930407
7909,0.5099866257130521,1.6559261882189409
7910,0.41044858126964384,1.4694305015999136
7911,0.4226718819835811,1.6619187680262963
7912,0.5075907892393834,1.4035791309134473
7913,0.42816822361020207,1.9397236745334365
7914,0.4597543113439986,1.826932214417504
7915,0.44820896456542525,1.3562891714781233
7916,0.43578421953812385,1.4541879400466253
7917,0.4562828179123332,2.0302356741960765
7918,0.49330056639550957,1.793449008927762
7919,0.44485051018520466,1.2099418350793782
7920,0.40756956495127633,1.2972055089126513
7921,0.4645701301040001,1.1964825762128366
7922,0.41261639207312206,1.3204667041602645
7923,0.39337043232709457,1.5832040188381973
7924,0.45795579572904455,1.3838316375769457
7925,0.49588920595576463,1.6594499089185475
7926,0.44862017122287196,1.8501352731463978
7927,0.4448006705751697,1.4059938180793836
7928,0.42191945435931383,1.104364380095769
7929,0.4754970878073313,1.2183039975397796
7930,0.437588014648956,1.725505801659186
7931,0.47931423349287905,1.3059869281296592
7932,0.4856755473081348,1.708400876776686
7933,0.4887336556193898,1.2124006968100094
7934,0.4598835559145918,1.1628416822951975
7935,0.40820239961725996,1.2270655840345956
7936,0.4337104113356581,1.4957260385300348
7937,0.4269258000896972,1.3905022022793594
7938,0.45213290094171915,1.3816399313871144
7939,0.44944304242296124,1.2417425333874896
7940,0.46272413244525207,1.8448967603803839
7941,0.37831530090674614,1.4113284933914259
7942,0.44234432699610887,1.6203391112170173
7943,0.45712752018160036,1.4571079756449727
7944,0.4239719680790762,2.2952594583474317
7945,0.459664559480056,3.412933328197998
7946,0.4642997042646686,2.5062149236503157
7947,0.4973507245767464,1.8494763495852646
7948,0.4090052819946437,2.558074676296086
7949,0.5192105775897943,2.204752216061342
7950,0.43640541625254364,1.9565268436681877
7951,0.47902519089504353,2.069120831859922
7952,0.4676560014486313,2.110219504648042
7953,0.4594704607158031,1.71665085345796
7954,0.4651141603594845,1.9068742307644446
7955,0.3986403293979978,1.3857667203088408
7956,0.4690415593026911,1.2682433926943437
7957,0.4347342252731323,1.1425199161455468
7958,0.5079913689094839,1.1362807652325306
7959,0.43376831522265685,0.8671204314648526
7960,0.4383408554549356,0.9144835437385781
7961,0.4743813985181086,1.045769398652234
7962,0.470408646950444,1.058820326351425
7963,0.44802297405826236,0.9678722776255562
7964,0.47049837031410735,1.0493035802563417
7965,0.5114663746750471,0.9464500702700569
7966,0.4461916719825522,0.9246703241635295
7967,0.40254426523319725,1.0749248758103083
7968,0.41808531238037405,1.109317309069402
7969,0.3931423356232134,1.2200210864104113
7970,0.42824211629849035,0.9758284728503922
7971,0.41818732789997914,1.1527409715559875
7972,0.3531707163574626,1.371821240892688
7973,0.5071627596049633,1.796534430054785
7974,0.47549465848404227,1.2839753824530296
7975,0.4655201730218906,1.2272510511203878
7976,0.5278681088419794,0.9922235035201878
7977,0.5234004444288975,1.1820633064195947
7978,0.5048395953710797,1.6891283404479907
7979,0.46759006004889037,1.6085938857597055
7980,0.4660647392851635,1.529903616141347
7981,0.44404710612250764,2.0484858438806626
7982,0.4782885871465924,1.4971754099558858
7983,0.42722402961508743,1.7049347150672987
7984,0.40465846831358754,1.2704901336466226
7985,0.45053319097722616,1.4343823443338708
7986,0.4147900186696099,1.0259856014575772
7987,0.43294159069801996,1.2347566016669411
7988,0.4483687860294453,1.0169043824510666
7989,0.4137134508600513,1.7142303661235327
7990,0.4598751293802724,1.4354602057956956
7991,0.4739997357998079,2.23525593003023
7992,0.4685605428751233,2.0018378629267795
7993,0.42216556801379307,2.399604758012642
7994,0.41255618443766845,1.5095111739288256
7995,0.4498646186972127,2.35718380941928
7996,0.4930438966427034,1.6916776530950972
7997,0.4235258964658941,1.3623695107339655
7998,0.4531269912580842,1.8911586068208934
7999,0.492612298831199,1.9930224788999094
8000,0.4683081545297382,1.3014059286673092
8001,0.4291348677237057,1.3245986642189396
8002,0.45713988091181784,1.2689598139049938
8003,0.44850173361093093,1.2637652436506401
8004,0.41593419463889114,1.3233904190433836
8005,0.48044172131899493,1.322133395278338
8006,0.47147138952051554,1.075748752621771
8007,0.4261598432237662,1.1024328366066645
8008,0.37620100726201694,1.0952358066456989
8009,0.44458860216788876,1.05895562542295
8010,0.4294514275580934,1.0129335198587583
8011,0.4485500527238383,1.0660690503213013
8012,0.4376637831474971,1.041550262460431
8013,0.45485676492302163,0.9635612964630127
8014,0.481212529742602,0.8621195114932014
8015,0.4297443150895313,0.8758598461891841
8016,0.4219697326132395,0.8719138647746114
8017,0.4727571589275471,0.8155423721063484
8018,0.3973157214886934,0.8210105936504105
8019,0.4696253347165376,0.8542555518520688
8020,0.45652432754201794,0.9331699239397512
8021,0.43065200152906397,0.97746342420578
8022,0.45221427169818323,1.0891147562601033
8023,0.40781644710059306,0.9979645916559163
8024,0.42840531034377016,0.9914758112824079
8025,0.4355961312946764,0.9973158390776625
8026,0.39460579805003787,1.0066852413334892
8027,0.4336995771787699,1.0442635827851527
8028,0.43933975494023664,1.0581777049499808
8029,0.4299437878201309,1.1791905037407737
8030,0.4724712510710781,0.9781904614087448
8031,0.4561230479513557,1.0883485449170602
8032,0.4208441142318318,1.0409088424108561
8033,0.45706533980601044,1.0195553904598198
8034,0.4270221151194526,1.0618127567096822
8035,0.4414429896086165,1.0975794097752247
8036,0.4762872347553957,0.9239322907716325
8037,0.4552566142915522,0.8373742624393945
8038,0.46347205152789367,0.8791165560194589
8039,0.4208133321942635,1.053711145248228
8040,0.48445940307043134,1.0527221734083971
8041,0.43479272694263643,1.06742585515513
8042,0.4829711928529647,1.0123090124824672
8043,0.4373062794069642,1.1917387854705737
8044,0.4463717538176231,1.2975656378616407
8045,0.4240389142221617,1.1271063141452455
8046,0.4845496844319464,1.0989357771225345
8047,0.5149730229840696,0.898321171408718
8048,0.49744781707097024,1.086883657186934
8049,0.4544419869057183,0.9683102380882189
8050,0.40850096246571216,0.9360235495474732
8051,0.4044866920674889,1.004108655221254
8052,0.3963620897056987,1.0529632157492406
8053,0.4773415188187534,1.0105751567673915
8054,0.4602563520079678,1.079240362621048
8055,0.43476287369589206,1.1597157548932195
8056,0.4263530275196705,1.2710577874507718
8057,0.40120577262443247,1.5287468954197412
8058,0.47219629108327105,1.676934419326412
8059,0.44926591116247827,1.5108557476580722
8060,0.46321846038392445,1.099033340667058
8061,0.4788480510989439,1.368018469764191
8062,0.44038145316457283,1.4066727462324125
8063,0.47228664275511956,1.592348399671536
8064,0.4229215704700322,1.2989868724230424
8065,0.5269728829559771,1.129735633586217
8066,0.5046271618130138,1.3214377054890383
8067,0.456265926361084,1.087565460251373
8068,0.4901932935112888,1.1424377878892769
8069,0.49098792151340004,1.116628209942753
8070,0.47615838629528157,1.3774394786473616
8071,0.4096806619352507,1.1265127554680536
8072,0.44081414613908937,1.0587248906348516
8073,0.4343740945880853,0.8890993427304388
8074,0.4816843462221831,1.0348834273884597
8075,0.49205102156666874,0.9635313471544136
8076,0.5026785823905352,0.7471449242054837
8077,0.47436567880574937,0.8421044355457269
8078,0.44655369439171355,0.8913574149307696
8079,0.47907548159071545,1.0117004438511377
8080,0.458246128724038,1.186549619563575
8081,0.4802601684644384,0.9604295289632186
8082,0.49011288279468573,0.9611351287480697
8083,0.47995808865260153,1.042394072106741
8084,0.49706565870822056,1.0664252349473897
8085,0.4680720567703247,1.213994310318845
8086,0.4370373556914839,1.0386683796215983
8087,0.4706996175849322,1.0881672356892558
8088,0.47763321295525263,1.4618161974601376
8089,0.46696396620528213,1.4078684599654188
8090,0.42131234372703774,1.2683884015361082
8091,0.48809421814761117,1.3866203768739422
8092,0.42771667777334604,2.0297029654956558
8093,0.4832806373105466,1.5583631025934683
8094,0.49662260291645827,1.693888742946884
8095,0.4795576860603777,1.976694210640435
8096,0.5266698054896976,1.634390796851186
8097,0.40584102822738943,1.2751885525231224
8098,0.42374391984013676,1.5889978385666041
8099,0.43993769398013366,1.7754642969196281
8100,0.45701346090696393,1.3628404042095814
8101,0.5300326063794997,1.4036648724842997
8102,0.4484853131099812,1.2393264336493408
8103,0.45895224144157853,1.5376539432886736
8104,0.5341440132520732,2.2605574177306833
8105,0.44663018624759415,1.7640380043427921
8106,0.42935803243257464,1.9338120777630112
8107,0.46252350928713976,1.8048897593924143
8108,0.45340766490084455,1.3811676907307893
8109,0.404632018318454,1.4784813569587412
8110,0.4099098802770226,1.3963982867963105
8111,0.4435194298190978,1.4683375815743382
8112,0.4477769230465287,1.25133174889296
8113,0.4430519701207726,1.294941588512902
8114,0.43399250709894793,1.7157285913680365
8115,0.4862854851102366,1.8915809728566884
8116,0.46061335735529374,1.2500915423180292
8117,0.4821176806699882,1.027968988256547
8118,0.4462345983218221,0.860378275797205
8119,0.43607217652126423,0.9095973540278315
8120,0.4598924795400749,1.0224252383685806
8121,0.4336293114041819,0.7642793857935563
8122,0.5130010166214508,0.9611533752922873
8123,0.4327912116513669,1.3699425302662895
8124,0.4434060894169854,1.337001126368069
8125,0.5235510263049487,1.315158486366272
8126,0.4478164535124325,1.1401073313453822
8127,0.5045401283259531,1.327395227927606
8128,0.43409768412414107,1.3944816438897143
8129,0.4387828713481866,1.4134308678432577
8130,0.38969216676591667,1.1527244072515987
8131,0.3746629617746594,1.158764295207644
8132,0.4245150737392092,1.1856877798015633
8133,0.49748734883891726,1.2863934323625656
8134,0.4377471364817573,1.2766815811684988
8135,0.466505486409641,1.3341832502374371
8136,0.44738135754483416,1.1027065422928448
8137,0.5196682440424428,1.3116140284584563
8138,0.46759493663473034,1.4970322378630776
8139,0.4536977300366152,1.3310921655117887
8140,0.4507393524484727,1.3528183339868936
8141,0.46275433377154823,1.5504717705319229
8142,0.4361927376210111,1.172554882984717
8143,0.4635377072014855,1.3033486286413323
8144,0.46841620357291214,1.267561061289704
8145,0.4668901319642669,1.6801022268036037
8146,0.4429461666681234,1.4809898195914852
8147,0.4310345979570185,1.3612805425542072
8148,0.42719870313857367,1.6453914109942982
8149,0.45006287213668084,1.5437527605630819
8150,0.4357323360095904,1.484046134555224
8151,0.46487499672232324,1.7447125425616514
8152,0.43378916643198256,1.4378845263453364
8153,0.4778150152234198,1.617185994259362
8154,0.4128621654603088,1.9728446255609826
8155,0.4591782758536848,1.3505305069164164
8156,0.4688843332448052,1.33542390645129
8157,0.4784718277384934,1.5622651414963806
8158,0.39460933034859813,1.3657045902557743
8159,0.50702414032325,1.110722915640155
8160,0.5223127719268058,1.3129651893689795
8161,0.40567277328481954,1.383224056762399
8162,0.46337764847625806,1.1434176321168548
8163,0.3850249063621447,1.905920400781539
8164,0.4220885541832563,1.4309728330778844
8165,0.41993049510474345,1.348830642052067
8166,0.40155221680993014,1.190283323375924
8167,0.44300292707183986,1.024142699334228
8168,0.40780596536340064,0.938812499486127
8169,0.3874785408232976,1.0375953744916082
8170,0.4216875500470689,1.1106879028301795
8171,0.4662828216853651,1.0182624580790696
8172,0.48100160395057456,0.9852877953677501
8173,0.41982008820598565,0.9869618884568075
8174,0.43747599046785857,0.983233545011687
8175,0.40565922885265165,0.7582007478741766
8176,0.5076698464097329,0.9139670689129135
8177,0.45058407308985887,0.7639703391825111
8178,0.42343321297932596,0.9442865374018845
8179,0.4046942554052594,1.1787535635013024
8180,0.43186467075810847,1.06718561834502
8181,0.4134466506323768,1.0418035798859828
8182,0.4901209826608306,0.9929516246017901
8183,0.4789418132559767,0.9323845586730438
8184,0.4202178447570616,0.8334689360220455
8185,0.4244215754629339,0.9676647006886677
8186,0.4767444645895541,0.9668870863405247
8187,0.47880231292502395,0.9756223958672829
8188,0.4651592206029059,0.9718174268898455
8189,0.40861038646651704,0.9079741708283285
8190,0.4322704183823854,0.8511113686468995
8191,0.44380908654731455,0.9061708537120263
8192,0.47528743252013494,0.9026028803251323
8193,0.45026456788905617,0.8872415799539066
8194,0.4505820772022877,1.0513742618190431
8195,0.41097570449403187,1.0365279172230693
8196,0.45125152185125256,1.1994963259372897
8197,0.5124327349431307,1.1063128640350786
8198,0.5116186448671285,1.283857217691477
8199,0.5095854239556395,1.1523635914024797
8200,0.4536607838371425,1.1337873414882178
8201,0.48494461612794004,1.2294920237318983
8202,0.4652740041029106,0.9751480395354114
8203,0.4092114776083567,0.9989549529205248
8204,0.44867560614659946,1.152153198001454
8205,0.48202826965202406,1.2564961233185332
8206,0.4948344774616575,1.4323069198617657
8207,0.4464965376605108,1.0273290531149188
8208,0.40100581784850187,1.0108948193707512
8209,0.40685397907368187,1.2101139368362797
8210,0.4761517018947786,1.1248201050804656
8211,0.4670104147161095,1.4930950848801623
8212,0.4419194685602651,1.530490945843817
8213,0.42837912799085226,1.366327738877639
8214,0.4893618503820549,1.5599568301034206
8215,0.4223961610238529,1.450158638282887
8216,0.4472714072292291,1.97080435451952
8217,0.4806117166593237,1.406738681700623
8218,0.43392255178933004,1.402251431664217
8219,0.42130874777303157,1.7189870586673033
8220,0.4614730540988515,1.3341678988586352
8221,0.46330632833601204,1.4141849516664895
8222,0.4105916823287612,1.4856392665974145
8223,0.46346917777385527,1.5352072594235244
8224,0.4698413836145864,1.3211208333089515
8225,0.5278600810222256,1.1633717487159285
8226,0.44232426916511314,1.2607839246398036
8227,0.4345769914029871,1.4046845227769278
8228,0.4428795981175691,1.4018492594505976
8229,0.4637644516611562,1.4304127160785267
8230,0.46938691338867816,1.6252025961875916
8231,0.42425183242964515,1.1468464228713398
8232,0.4422423179867198,1.107545643755533
8233,0.48485388107670163,1.2772413966725173
8234,0.40630632761902025,1.336933293967571
8235,0.45203054009132015,1.1593158713822227
8236,0.471027167676722,1.0326916048827681
8237,0.4796072386422204,0.9984127919650773
8238,0.4388707858844868,0.8660265710747358
8239,0.525588229732606,0.9867046261296689
8240,0.47949970231472866,1.1868723353135933
8241,0.4597626638065264,1.3083514247125791
8242,0.40561291720103293,1.0815935997129644
8243,0.47292385575840773,1.0808883425101494
8244,0.40267253211401044,1.0621063558800707
8245,0.47016729486798775,0.9461508705778029
8246,0.4886324213257114,0.9122078835385518
8247,0.43390502860245195,0.996534467900841
8248,0.46234119285657566,0.9662920207653231
8249,0.48706414745849314,0.8625733858173333
8250,0.4177765857826159,0.8740270571801269
8251,0.45600499111471826,0.880312546364312
8252,0.4406622295240754,0.9832832668591471
8253,0.381487457497606,0.8890549777780922
8254,0.4024006362678935,0.861440378485374
8255,0.45663320150190184,0.9039793008739508
8256,0.4009850872951804,0.9533910948095969
8257,0.4580151641253129,1.036772861642745
8258,0.5050697702805973,1.3011629240026752
8259,0.5014076157680993,1.0574060962038132
8260,0.4681290179780386,1.723272217130198
8261,0.49200898524626946,1.501106376208148
8262,0.4442923884947323,1.1459301889521405
8263,0.4718257068719679,1.4455353247309195
8264,0.5032690531999162,1.467469438765813
8265,0.49887263774871826,1.2031906038812064
8266,0.4976235821987819,1.0807376359272929
8267,0.4411279614110595,1.1138588919222934
8268,0.4255170781635544,1.4332155180208892
8269,0.4471680093737482,1.4732495256998006
8270,0.4072506138421957,1.0623746635844407
8271,0.49125584381297954,1.2814288538636514
8272,0.4642577692142968,1.0914767054678167
8273,0.4339323043823242,1.121074995948273
8274,0.48641853598715035,1.1747164436914388
8275,0.4719961216148821,1.1310582386637198
8276,0.4507240689205892,1.3500593038438593
8277,0.459724932040983,1.1234380816950382
8278,0.44195258791006886,1.0169645530506246
8279,0.42175957271196307,1.0187474494998894
8280,0.4555429891475196,1.061849882301775
8281,0.5066172509517485,0.9837036225402239
8282,0.43521914146478896,0.8749542681916246
8283,0.4941656713925519,0.9819069527885289
8284,0.4900650017469832,0.9193427481697601
8285,0.4164046177875648,0.8904930017526868
8286,0.5507910344207171,0.8404499286586798
8287,0.4153735105273793,0.8021311140754848
8288,0.49136838056508775,0.8899675376206926
8289,0.418158291613014,0.7902018219521902
8290,0.4576847206041651,0.7605160399548059
8291,0.4237493895789952,0.8318084437870285
8292,0.4277565224656781,0.7016291444741406
8293,0.49178330151780136,0.8668340195729894
8294,0.5010891707198134,0.8907553692465847
8295,0.44954455101374285,0.9727296586175567
8296,0.43380317757430586,0.8605935868707676
8297,0.5057381756097368,0.922434975800005
8298,0.447771979767142,0.8869927982682163
8299,0.45459136280041296,0.870568515027611
8300,0.45780184517786343,0.8196205948163005
8301,0.4300983828827015,0.9044408717201752
8302,0.5112893090954105,1.0999538383437593
8303,0.48026297682697333,0.8853006663831692
8304,0.47841229369339433,0.7815646054675278
8305,0.49843425195193986,0.9161044046716783
8306,0.4155687903894961,0.8334323381914676
8307,0.463647493459646,0.8229552634711405
8308,0.456535730257775,0.8942899431997132
8309,0.48087163457592713,0.9344326327147993
8310,0.4406407926846476,1.1098914065407317
8311,0.4541259263325663,0.9681377891197945
8312,0.46457946879192463,0.8624559160575126
8313,0.422915311114302,0.8895942331517784
8314,0.41857676627566515,1.5041729877296004
8315,0.5092231486607524,1.0933482606434128
8316,0.5210811299027749,1.415767099093465
8317,0.4765573051369306,1.2850751998355088
8318,0.46119245742131204,1.1321630784608785
8319,0.3888186198993794,1.3783499905206624
8320,0.4123435738017258,1.6004458081375048
8321,0.4954464140447598,1.6026747411894566
8322,0.44197319173118443,1.2919532465703278
8323,0.4457716235836733,1.2964256862992223
8324,0.46923926038649477,1.0386682245337848
8325,0.4771415249815265,1.0586714715633578
8326,0.38459883283064206,0.9837290534695375
8327,0.5084257507787168,1.1430435539449302
8328,0.44877913767851674,0.8902072484053455
8329,0.5075928406807982,0.9010104959450879
8330,0.5128350454626731,1.2166714656700208
8331,0.40658050949133717,1.3431994452059848
8332,0.4366370980600709,1.0275934905681796
8333,0.46063373624844456,0.9556754069420897
8334,0.3923282446791825,0.9615282879292386
8335,0.47131252983241406,1.0457343783193422
8336,0.4220389132071467,1.0288198335656842
8337,0.4399625766045839,1.5442958856091915
8338,0.44328285941799866,1.3341926637205106
8339,0.4136606315964634,1.2000620972762988
8340,0.4298060602933458,1.0032477118436574
8341,0.4082788874223394,0.915990087592486
8342,0.49744371650288405,0.9008112844911594
8343,0.44518099623976404,0.921691813515228
8344,0.4548499419272525,1.0443969889751916
8345,0.4538065889506664,0.8791083155326473
8346,0.4713201962628411,0.9420915355960142
8347,0.49367326787374555,1.0233198074461187
8348,0.4254284940877007,1.4369464146280753
8349,0.46770698005713307,2.084085351633794
8350,0.4645569871351557,1.784760395878727
8351,0.4456971877986945,1.9997328803377243
8352,0.4069501983309255,1.4524169963540383
8353,0.4422393429626539,1.9592728609020271
8354,0.46919534623044207,1.458952613247251
8355,0.44463231204782877,1.313437278988292
8356,0.40447889311799723,1.60321491088682
8357,0.433160743667084,1.3687254144150076
8358,0.4401319578145314,0.9438688135841518
8359,0.4063324407466407,1.0277659042367657
8360,0.44007327660773565,1.4049384003704033
8361,0.4893243295475117,1.0316753769383846
8362,0.43649654886097583,1.1502021956212312
8363,0.431964126605432,1.495100700160832
8364,0.46133592985208755,1.3432403733429399
8365,0.4460683661757164,1.0111681367587118
8366,0.44436445224632337,1.2863950150684245
8367,0.46710190668846796,1.0521004518258918
8368,0.4440985562153233,1.0476797900153596
8369,0.4498735058654859,1.1165458273540423
8370,0.4629112296891444,1.5159305250181736
8371,0.5003925423020298,1.054479980353013
8372,0.4752945303916931,1.1374259284399089
8373,0.46683693279340427,0.9757382175297413
8374,0.4550320147310646,1.3154417912936904
8375,0.45632907632485176,1.3235756158828735
8376,0.47838543398866373,1.7989395174007972
8377,0.42953598209955157,1.6021097626500918
8378,0.4661023229071238,1.353197919512258
8379,0.4541454225489237,1.1227150136984667
8380,0.4716326681155603,1.0324180490762285
8381,0.4593489517285986,1.2837366913128825
8382,0.43666199862378313,1.1159946438178276
8383,0.45065370867553267,1.0330190577553313
8384,0.4184492479250269,1.0247138593960734
8385,0.49690672408029873,1.1084462658872882
8386,0.462604694574782,0.91234347368907
8387,0.42186476188955957,1.1721415224584562
8388,0.44887240071898526,0.9280498635421679
8389,0.42411807787071154,1.1812446939135062
8390,0.402037564411904,1.356468398015476
8391,0.4542822490618067,1.3080127476488503
8392,0.4737427280944528,1.2362183066247736
8393,0.43797074128123165,1.28409341295946
8394,0.4848809910630717,1.1960318123252647
8395,0.4145009783865179,1.2290557078944826
8396,0.48734727935883604,1.4335727454389182
8397,0.4457998269969977,1.2954160212313088
8398,0.43064154525404996,1.1943802984015455
8399,0.44003722158450526,1.0635892407408039
8400,0.4060082863835455,1.1364635929320623
8401,0.4337624265152274,1.3488964750928787
8402,0.5142807539516282,1.4551808168587175
8403,0.4626358741695441,1.475389170993879
8404,0.4493029619594222,1.341969884136348
8405,0.4195051878980062,1.0646176355556376
8406,0.44366776943206787,1.5800556910848154
8407,0.3782152646374934,1.6062361389687918
8408,0.41760102261617343,1.449333910803193
8409,0.42860683769855684,1.3539469745552655
8410,0.4551001474695298,1.231821925316042
8411,0.4120011630567532,1.7720095833528389
8412,0.4821835630437703,1.5666639637021185
8413,0.4850620763394439,1.8354221397233241
8414,0.405356814560381,1.518383286531689
8415,0.4687046825307087,1.4365615254466972
8416,0.5339496019974496,1.1629925179250031
8417,0.4721522823120784,1.318043855787481
8418,0.4521995146297714,1.1171942723607553
8419,0.37721132624496534,1.0568858900116485
8420,0.42020976485557926,0.9643124596586505
8421,0.4285524377545107,0.8117130653372089
8422,0.42612026790970736,0.8139721884310824
8423,0.42993516077115695,0.8687998056411743
8424,0.4282546959166388,0.9546519679930604
8425,0.44283572504821334,0.9131966864021079
8426,0.4100946127211006,1.1116593352799278
8427,0.4020854593480675,1.130878026045642
8428,0.4324492056971615,0.9824528804103148
8429,0.42912780312658516,1.0016832733617245
8430,0.42105905465709353,1.2939847389471184
8431,0.428376600580308,1.0995700017919818
8432,0.4447592415855926,1.2250586348829917
8433,0.47411144040163283,1.367109893016445
8434,0.4537552951030361,0.9415095639460295
8435,0.4669500878713663,1.0020508748813741
8436,0.4582653248194352,1.0965382786630427
8437,0.5018734327219065,0.9985441137286066
8438,0.46881145036336286,1.1034224461583257
8439,0.5094709297985707,1.1092623217591961
8440,0.4295376429280031,1.4293582589880933
8441,0.4324310527553836,1.2909984426591004
8442,0.3975539120655615,1.1024157862061437
8443,0.40564639620410586,1.271401881014259
8444,0.46104582796976407,1.2427381705311895
8445,0.42372980048355546,0.956276950326938
8446,0.5170295047528536,0.9895132189815484
8447,0.42278900322983565,0.9465531226500724
8448,0.44655546574916655,0.8712719453191294
8449,0.47806587381270327,0.7211827317487847
8450,0.4992031917988675,0.7777862207403461
8451,0.4392119556376078,1.0029813085944908
8452,0.458712790486882,1.0062306806879135
8453,0.4308718150680505,0.8861309457751154
8454,0.4582428608125853,0.9681738343053651
8455,0.49124230574635624,0.8867584727342847
8456,0.487625417200107,0.9243708038793027
8457,0.4854181223702662,0.8798352092215158
8458,0.41627125311823726,0.7857073881093738
8459,0.4336682790980756,0.8930722955361153
8460,0.468890414075944,0.808954281714356
8461,0.4256492043004453,0.9095581295420823
8462,0.40883361193740253,0.8669140882862424
8463,0.44656508119360916,1.068688974218461
8464,0.48014046830459706,1.083507532054938
8465,0.44700316723110606,0.9364927625193179
8466,0.5260788471374697,0.8616128228243115
8467,0.4761226580848972,1.182177109625733
8468,0.41440813981213614,1.0701240978194673
8469,0.4923174861565377,0.8863049010628635
8470,0.44483597533216757,1.0472122714357468
8471,0.48916479424365517,0.8814497520622698
8472,0.4764407248172945,1.06411530034056
8473,0.4587251451408979,1.1084890012602204
8474,0.45526236527174424,0.9811068588090175
8475,0.44269561478235187,1.0959756547964892
8476,0.5457432947112518,0.9134523394038376
8477,0.47731232527390266,0.9555012959878422
8478,0.44848762380266655,1.0547477585598104
8479,0.46376041127640066,1.0267232181956467
8480,0.4750011395482184,1.1494907395353595
8481,0.44691608426640334,1.1223111771842809
8482,0.43378967712226424,1.2522814632619468
8483,0.4264662971774351,1.4836135489269369
8484,0.4031521407435241,1.2540912749697861
8485,0.44004756993460425,1.20794905794477
8486,0.47410471028494605,2.0044981918288665
8487,0.4812212645718195,1.001976548468025
8488,0.4545019260309275,0.9307231984092194
8489,0.4769218320985442,1.091578447703019
8490,0.47586765277732923,1.1150010245517619
8491,0.45984639473331784,0.8932651125111626
8492,0.4739065503032462,1.078085576446311
8493,0.4083024830494112,1.0559362074703846
8494,0.44569165382570436,0.9279520390103164
8495,0.4392463784773373,0.8583829478152747
8496,0.44356117404780343,1.0425022059273952
8497,0.4124247651655697,1.8835160541302949
8498,0.45335832382868796,1.7699516647070357
8499,0.5010980182481044,1.2466820565242211
8500,0.42826257718419564,1.0765687233036003
8501,0.4343620041041698,1.3012657466443998
8502,0.44636334493322277,1.1233494102376178
8503,0.4403969338796671,1.1859024653156984
8504,0.5168716285413909,1.3302171641183131
8505,0.48165666767694415,1.4681402161283401
8506,0.45544762866010946,1.4421807840032486
8507,0.4433725343167203,1.50642699929117
8508,0.4229080977949124,1.3737917930177115
8509,0.4196864528563416,1.5698946442418886
8510,0.453467999268504,1.7939493592503002
8511,0.42699293604174865,1.4223897659662859
8512,0.4633419318395911,0.9385513570702192
8513,0.46212812997762437,0.991506670863883
8514,0.44309272060116517,1.206699418790132
8515,0.4793511313720814,1.042034766049061
8516,0.4602671196159807,1.1261152642444499
8517,0.44551294810563613,1.7742430417283068
8518,0.46244503196003367,1.58186021476116
8519,0.4581847763755946,1.7086613594907
8520,0.4533747903351645,1.1606748925829398
8521,0.5099252624419129,1.1175767750415988
8522,0.45007864624551197,1.3487657754166613
8523,0.4636944578689279,1.1132894904868116
8524,0.5024349764712805,1.4268956242255795
8525,0.42725635847999055,1.3602673226189845
8526,0.4619812244929156,1.6426437740187043
8527,0.4123311450759184,1.419891789700221
8528,0.47223258539310936,0.969770975483274
8529,0.4588562959027522,1.022344334611615
8530,0.4305823747683497,1.2931078545098167
8531,0.44497053889394966,1.0170046750781605
8532,0.4404392624364316,1.1600752420795775
8533,0.4468646749709416,1.5444725717155678
8534,0.47659360552297053,1.1113238010591673
8535,0.4677667386323503,1.1407550781675913
8536,0.43382718956586225,1.2224232878499819
8537,0.3518998758885467,1.0962318118336132
8538,0.4491869714653608,1.0691295318233156
8539,0.40503866290583196,0.9857519992346903
8540,0.43998113650720094,0.9743954307824663
8541,0.4781880462632596,1.3085910706844144
8542,0.4739653757474955,1.1359919141797186
8543,0.39974607425985986,1.0381712016550082
8544,0.508237131590982,1.1379086415744522
8545,0.45147779902208196,1.1731464116318713
8546,0.46674303724927807,1.2437615492968883
8547,0.4125335118145619,1.7990929171877
8548,0.44794246641177576,1.380061790202428
8549,0.423301231513903,1.4660045602946605
8550,0.4738494800132455,1.932947463780931
8551,0.3967208439864001,1.4493767694362159
8552,0.45403938906864055,1.3518222952351986
8553,0.5319060856856189,1.5806373045282456
8554,0.46917178098437856,1.5309875613277397
8555,0.4783756330753993,1.5964232457494272
8556,0.45522378023388316,1.407847190366208
8557,0.4792663842728994,1.6691537377903762
8558,0.4816069105296459,1.9586564053609534
8559,0.42240215765619743,2.214674494220215
8560,0.4981702780260623,1.5346971177360387
8561,0.4643718391946218,1.17047696090439
8562,0.5082088350092323,1.4713421475540087
8563,0.4609457650809612,1.1034290373904034
8564,0.4737042234939279,1.0113673950861959
8565,0.4529077063486414,1.5213701950693594
8566,0.4435353759423043,1.1806239937115641
8567,0.45059810275013007,1.1727101588712154
8568,0.42486581061650247,1.1322071882127558
8569,0.45821553700178574,1.3348937919996318
8570,0.4815246086676144,1.0014695542529948
8571,0.5060193382420586,1.1218785007023118
8572,0.4146832175625181,1.5048864431751585
8573,0.42456217066755575,1.0470713006639945
8574,0.4776060934205657,1.0205353157034198
8575,0.4564515091840503,1.0042356050130232
8576,0.4711215171999144,0.8689216988757976
8577,0.5414006582741598,0.8379150854731069
8578,0.4427865842013683,0.7360862221532655
8579,0.44464252324937614,0.82213072753647
8580,0.4567200500988266,1.324653712869848
8581,0.4804675301301827,1.7685548026584885
8582,0.4349751894913831,1.701703987653973
8583,0.4614416985835844,1.8909367351856046
8584,0.43349531726929746,3.40359089096773
8585,0.48440197674394814,1.536924800247822
8586,0.43889212781943165,1.1407284892878486
8587,0.4567848904040253,1.422208886123398
8588,0.4397640604417301,1.4200140845428393
8589,0.420151822775313,1.360071878988766
8590,0.48570870948069306,1.3311755061149597
8591,0.4721416391215278,1.0362988577305692
8592,0.47437318551887586,1.1639543806464927
8593,0.46355674220520315,1.1558603401322967
8594,0.47094769095911565,1.1326431608894496
8595,0.45567672171639007,1.0777876568072051
8596,0.4865211375708719,1.156895033942843
8597,0.4618941458683569,0.9524790702514279
8598,0.44143355905430987,1.1290620252924057
8599,0.43895402753237384,1.369986937462705
8600,0.4027129023977854,1.4278664299585286
8601,0.3966452294183009,1.7637731236161538
8602,0.4271791209873644,1.1597820045878586
8603,0.4496508061307148,1.1281154890662257
8604,0.48145118992305497,1.1839650470076255
8605,0.4844199343792443,1.1468389231024436
8606,0.5013623758427148,1.0456364866599297
8607,0.4379725891698911,0.9361027415516308
8608,0.47159184877154897,0.979293487604382
8609,0.5162395510858703,0.8830923438072205
8610,0.4354541973002906,0.8864124208978079
8611,0.43933050782935135,0.9351802300480963
8612,0.4683849227081225,1.0406847248956994
8613,0.49716459142351616,1.033794168129708
8614,0.4425379168061377,1.005175120622209
8615,0.44426231607071404,0.9275031448567955
8616,0.4685110015776551,0.9960407718871404
8617,0.4423376324686032,0.9052458283970657
8618,0.47480801297622977,0.9639685842597369
8619,0.4560275922701197,1.1945926454460736
8620,0.40084195426366864,1.0648123384679404
8621,0.4792006542381731,1.1605806547461204
8622,0.488796560220348,1.1369751523999334
8623,0.47339309795388895,0.9752814104256121
8624,0.43911562932347786,0.9776942023953188
8625,0.4555974391478937,1.0273452163899985
8626,0.47814837532136045,1.1978149645536849
8627,0.44128347050796435,1.062103455506482
8628,0.4373865278021803,1.9165859916835155
8629,0.4118430979043535,2.1590774325491155
8630,0.4273870054957936,1.4788460291705086
8631,0.4807191901993983,1.9020568473825177
8632,0.46140315810453547,1.4501986220044998
8633,0.4716817684543943,1.5592607768993934
8634,0.38450830191084484,1.8191974892199618
8635,0.4459157840719501,1.879003003962989
8636,0.48492183500123254,2.0290965947132666
8637,0.3964007253785735,1.8234945142153398
8638,0.4419230043309406,1.6001796103218227
8639,0.47584135237249353,1.6150782443944691
8640,0.5128528122763032,1.5587036088832373
8641,0.46195278960524255,1.651494841552475
8642,0.512879314931851,1.7391066638011377
8643,0.47410499904919595,1.277424251570285
8644,0.48353267902309455,1.477686688159276
8645,0.5111071195417237,1.4945209257811018
8646,0.4521712330938543,1.6103013262008001
8647,0.41186982335396183,1.680541144412698
8648,0.4900445964151216,1.2988316590346178
8649,0.46781280781458884,1.4358318037199742
8650,0.429030707449589,1.3518278031673245
8651,0.4863404488389932,2.0666522800343707
8652,0.44794013083559797,1.302668458628423
8653,0.46510626390142346,1.1236191831746147
8654,0.5213539646667185,1.1184937988670127
8655,0.4400469296186873,1.1188379126845054
8656,0.48996302340794534,1.057531034483493
8657,0.46176398668474367,1.3012621466395924
8658,0.4436419855043726,1.5357198148097806
8659,0.47742692880260135,1.2672509915620378
8660,0.49735253297009513,1.370928181027903
8661,0.5195555796900999,1.1252866103811172
8662,0.4183500924156707,1.4362614015931066
8663,0.41527188460803727,1.1729862134433486
8664,0.45945162854148347,1.1918595954052453
8665,0.4605191648006439,1.3839350076555048
8666,0.4644000836946432,1.4831574327737382
8667,0.3950948774525263,1.3109403478289114
8668,0.47314403763095153,1.3109287561722172
8669,0.5237471024388248,1.1473420597974537
8670,0.5065708200908402,1.1433313078093297
8671,0.5210424893110701,0.987936930170337
8672,0.42032295132724984,1.222218794730103
8673,0.4179566039622409,1.0528132498843
8674,0.49550291693326337,1.1101488569407787
8675,0.4431369287296406,1.0413963858363697
8676,0.4539297396696887,0.9679575446739938
8677,0.44884036871993427,1.0879588185004818
8678,0.47643185472025457,0.9873959549422403
8679,0.4835315598446189,1.0790156224398937
8680,0.41376416312838066,1.0819485361136278
8681,0.401210799957942,1.2420312530786088
8682,0.40903293623507603,1.3147572880809746
8683,0.492802561486809,1.448760549420292
8684,0.46647665917294695,1.4837717946293285
8685,0.44416019523028033,1.3253800666447981
8686,0.4218468897551009,1.1298418756827568
8687,0.46954723064181875,1.2097371839782567
8688,0.4557186972747729,1.1995379403956885
8689,0.4912202829874835,1.1030286295900067
8690,0.49617791812396744,1.0302292218486082
8691,0.4651924837561487,0.9720117999512015
8692,0.4297158145210118,0.9707140291778786
8693,0.40418747617203055,1.0814577717225529
8694,0.4341843926790849,1.086300930930573
8695,0.42219861039837586,1.0040845749447647
8696,0.4527859062824434,1.1002025534805742
8697,0.45478439388923275,1.0212259483568877
8698,0.5019054450456378,0.9612780890418487
8699,0.4865609479760661,0.948354364598839
8700,0.4451138192010157,0.8959874458683347
8701,0.463614668371608,0.9266433559575127
8702,0.44861715771619554,0.8901376863127773
8703,0.47051292194903477,0.9230881333351135
8704,0.44094807314641266,1.078308088108174
8705,0.48177407088788965,1.1095738596129185
8706,0.43265542127553697,1.0494190986874035
8707,0.41871224358243847,1.1362201716136007
8708,0.47978798857013,1.1082887927305352
8709,0.42904553222424774,1.047739412020711
8710,0.4244390425172824,1.2226227406159187
8711,0.5155775587535599,1.0564283798041854
8712,0.44534829982276103,1.0083845298267105
8713,0.4577405666842044,1.0641698785198546
8714,0.495030272643543,1.0238482199826286
8715,0.4944340737120619,0.9951093561440996
8716,0.4267549578425954,0.914270412574694
8717,0.46121227741241455,1.0663980297671938
8718,0.4554857533533596,1.0813785878199975
8719,0.4687212338146654,1.30229934095179
8720,0.427533412442624,1.4888804439202095
8721,0.4779383722439553,1.1469001254989106
8722,0.4488876994373729,1.3932457074378302
8723,0.5061698835162283,1.7558675535674233
8724,0.4753067361787685,1.8024242040023064
8725,0.505627200441453,1.713384847039158
8726,0.4730303782282524,1.4062049712949587
8727,0.45719630799247224,1.157526450828441
8728,0.43717956427231575,1.3126900201862297
8729,0.43662426367546747,1.3334055334618948
8730,0.4233882916205138,1.118289089897304
8731,0.45965421778484455,1.4673714684051218
8732,0.3721084548431693,1.6782755273059733
8733,0.4642210660628902,1.3042010578137
8734,0.47683256893482023,1.5294543880860783
8735,0.43543562799402813,1.4956155257317627
8736,0.4255986552215317,1.700929015006834
8737,0.39069920199588665,1.2388421956775257
8738,0.43587724329198446,1.4616975165107875
8739,0.4227184606987296,2.4181241439384165
8740,0.4605275670301567,1.6470006380266355
8741,0.4841995285552682,1.2699288008282485
8742,0.4832384612375093,1.307221215905495
8743,0.4776133865986055,1.3414511240801765
8744,0.4904750770735509,1.4650523847746617
8745,0.4689856107952525,1.1272343871662918
8746,0.49424442735690516,1.2186935109999573
8747,0.4617880744841492,1.0495334944678743
8748,0.4310857613109848,1.14102770055382
8749,0.3740848461979801,1.103531674852649
8750,0.3915830973571944,1.1320042997887991
8751,0.47855568568683365,1.0731756883917503
8752,0.3863137306518925,1.0758559929514395
8753,0.5056831825126722,1.2761724191961936
8754,0.5079314320990183,1.5949698935434655
8755,0.4701028616682997,1.6743133496312261
8756,0.4561587598138643,1.2312601445948037
8757,0.4996280033611557,1.145855367762371
8758,0.43760760895256856,1.196808244418172
8759,0.45227034809519945,1.3544981606955666
8760,0.41724994402487303,1.6171950067131264
8761,0.4706358131274436,2.201828902207532
8762,0.4069890119497058,2.1080819646131643
8763,0.4271678901413112,1.5994585480504824
8764,0.4271570924416329,1.2667868692898057
8765,0.4472646464421911,1.5896129388253666
8766,0.44870249970445353,1.5277546048164368
8767,0.4357559421976793,1.934998347342593
8768,0.5218477850978814,1.8950468926753812
8769,0.48762806873877074,1.2162247763096707
8770,0.4583978635593525,1.13583496184025
8771,0.41196131937712144,1.5392527481884632
8772,0.41010959808108877,1.3121309066281734
8773,0.46187913128473224,1.2834129813805366
8774,0.4803764530755941,1.4284297638726466
8775,0.4024260883192414,1.7900052724532711
8776,0.46584387948212114,1.2127715580671736
8777,0.5001535340420251,1.5647925803962264
8778,0.485437918635248,1.722206640012056
8779,0.438910736042319,1.3523424996913058
8780,0.479886031555898,1.2203810591142155
8781,0.459851732676469,1.477604577842268
8782,0.40860959453490175,1.2696311653239056
8783,0.4412347804574133,1.3787326697006965
8784,0.4470319175025792,1.4539603787718467
8785,0.3996660703594245,1.2873547268145293
8786,0.49396070230354383,1.085804437549369
8787,0.4828504674064303,1.2737434384892288
8788,0.4702461396606223,1.2029099551219384
8789,0.4156465484100638,1.1533331465952605
8790,0.4467001736742779,1.2705339702587684
8791,0.4266117152224467,1.4139465064678378
8792,0.47226735457633306,1.310339021451265
8793,0.43127814079951315,1.235753645017309
8794,0.43455729206788885,1.0878338229309008
8795,0.5111291686308037,1.0947510258665363
8796,0.4237587723917174,1.0591968593088168
8797,0.4094106283002687,1.0582034379533194
8798,0.46859737044399224,0.9208540627099935
8799,0.48148271354656774,0.9729353843383419
8800,0.4477259100062176,0.8895662843602375
8801,0.44197444082463827,0.8169411698591362
8802,0.4446914954092896,0.8989322613743902
8803,0.4582878513243592,0.9403132119225067
8804,0.5030552391867036,0.9147689267269616
8805,0.4650484664926251,0.859636979774364
8806,0.429219971727399,1.2119181561238557
8807,0.4246951191170702,1.9391247398644975
8808,0.4394875967386857,1.5735275189853408
8809,0.4533242463197523,1.5631868949214232
8810,0.43135854109977056,1.8663414028084393
8811,0.44892465373844775,1.4399261306790472
8812,0.4845797208327692,1.4017633020299152
8813,0.48571056677299795,1.498519362755192
8814,0.4731342902461302,1.8930008359325743
8815,0.4374430144874795,1.2920180501289737
8816,0.42981219826971445,1.3211661959157406
8817,0.47273613237640233,1.0220287297535868
8818,0.4239038749805932,1.0997333231481534
8819,0.4444652269187483,1.3244968704806948
8820,0.4264713109118267,1.100636836394523
8821,0.4364302013684245,1.2615854780650833
8822,0.4957165521325417,1.1430097401720807
8823,0.4386563196922969,1.1833013828518322
8824,0.4234616024401581,1.2405484845337358
8825,0.4538631873223388,1.204406896262493
8826,0.527322071269878,1.1250510134743255
8827,0.3822491341134877,1.1239976992884886
8828,0.48976867233665244,1.040997916633643
8829,0.4634081640289825,1.0728146902565818
8830,0.4536341480838442,0.9786961362199876
8831,0.4883017956631855,0.9319461734549513
8832,0.45853931348300675,1.0750323383553515
8833,0.46295280913704806,0.9449011388334255
8834,0.4509060243958408,0.857307872147236
8835,0.45858202455113234,0.8875436157856172
8836,0.4137250237094546,0.8363469034722708
8837,0.4241817674590546,0.7789763148548534
8838,0.44039533091980276,0.8495749495561841
8839,0.44362242765796994,0.8175455244999488
8840,0.43402392858440436,0.798124706282199
8841,0.48728913792128703,0.8060687080170345
8842,0.4635060308049026,0.8087328278902665
8843,0.4983890999868078,0.8102656099402789
8844,0.45318514745212296,0.94984259593834
8845,0.4528653343904366,0.9907841369943712
8846,0.41846193416604716,0.9758498333032849
8847,0.45251322487025586,0.9073779849172796
8848,0.4253418899855567,0.881335261956002
8849,0.4553161081179832,0.7764319221950272
8850,0.45011185471293996,0.8445662184826379
8851,0.4585843851554741,0.9703547491610629
8852,0.44174341958703345,1.1035600235161271
8853,0.5005966323671989,0.9427634547057661
8854,0.4362360655682758,0.8474013764881393
8855,0.4592146040166466,0.9724474607162106
8856,0.4549316208339432,1.0495667741136643
8857,0.4915749231009807,0.951206534811594
8858,0.48267470372533333,0.9723279053725086
8859,0.47975760293238373,0.8678635827545981
8860,0.49033506286954415,0.8598303968466602
8861,0.42512227869728236,1.0376333015636332
8862,0.4458542257836721,1.2715728664861141
8863,0.46743805489493806,1.1431682989435288
8864,0.4687289254179279,1.1187084490813097
8865,0.4101093608198814,0.9776351509742367
8866,0.4209077560785905,1.1401573951961925
8867,0.441736895482517,1.132494356447053
8868,0.44709707984646546,1.2392287532102715
8869,0.5065010022191168,1.0660539379397642
8870,0.4452313132656431,1.2274022727336698
8871,0.44334892451184466,1.0392698211577331
8872,0.4780899054795793,1.1259062278617933
8873,0.41855590030984974,1.315040881772643
8874,0.4684072773433426,1.1320677752633697
8875,0.4781716413868284,1.0439518782698993
8876,0.4815506359327187,0.9246557077157844
8877,0.5153036522633822,1.160905307357751
8878,0.459889851438189,1.0843452880683455
8879,0.44308088068823215,1.068922104187382
8880,0.41158218551607967,1.123696244457393
8881,0.4437676752076566,1.1008428954383702
8882,0.46245544917375137,1.0960605086632145
8883,0.4054282573820318,1.0471067787374106
8884,0.45069281105856296,1.210794219692934
8885,0.4547935669283265,1.086365183580269
8886,0.44325873747612665,1.109384938351159
8887,0.4442988506798605,1.4823519367616154
8888,0.43756131524021186,1.2956385699290673
8889,0.4330854039747738,1.499577996221561
8890,0.4437313289607613,1.5580287135920479
8891,0.45665087398973486,1.3241095710726618
8892,0.47549526350012106,1.2730153561795798
8893,0.41797063015039687,1.3966106980749704
8894,0.5085548891604526,1.7972546948969943
8895,0.42925711135262423,1.4218045930260594
8896,0.46607766857424987,1.2759413412473735
8897,0.4557009605528082,1.283043803520573
8898,0.46638441606632713,1.523854935053483
8899,0.4092779472036269,1.2743232250213623
8900,0.4404893051652075,1.5858007623153982
8901,0.415411966518291,1.6470418861768779
8902,0.43423114022583637,1.8181163604977062
8903,0.4275624902503004,1.636131010587933
8904,0.4182432942020083,1.5461427789289974
8905,0.4700452398906634,1.2907276066761573
8906,0.4909739427774855,1.0029982652479006
8907,0.42088652467264714,1.0408712208849713
8908,0.4292466090720834,1.075203221978493
8909,0.46773011533959397,1.2180806172704233
8910,0.39609766411549835,1.1448343592940025
8911,0.39339350670286755,1.0138568982337286
8912,0.43233008132976236,1.1725827212472564
8913,0.44802210226799677,1.9241604984385297
8914,0.47282658213550605,1.3612526875097775
8915,0.49577374076380315,1.7421228937732363
8916,0.4786746432480303,1.666314522039543
8917,0.45917759011092696,1.6399479462105093
8918,0.38502164720331583,1.2921830930756133
8919,0.44356215318429815,1.7601751928190583
8920,0.440241250308972,1.9761760414225384
8921,0.46219652659684707,1.682717493436869
8922,0.4367063595253287,1.1694196121206561
8923,0.4737978224615449,1.3497901223238231
8924,0.4446535289866253,1.6533496605539786
8925,0.3791084237469053,1.1616679007567248
8926,0.43837491516928073,1.2992060826820078
8927,0.45611794133788175,1.7099977893736755
8928,0.5416924088325316,1.3275514192951536
8929,0.5319622928656421,1.3297885071884081
8930,0.4674713374341576,1.1555559091197634
8931,0.47482928807295643,1.3273119903305202
8932,0.42175390708793714,1.0305971132898795
8933,0.5096382255693084,1.298441510756039
8934,0.46470926861161166,1.0132070768226697
8935,0.4908855042411286,1.069559700859403
8936,0.42918652238197696,0.9519988755577976
8937,0.45663155919139825,1.0334170200292347
8938,0.48922904660400834,0.9891953815534277
8939,0.4598744876176408,1.0329663088020768
8940,0.5225880348566666,1.0297166855589857
8941,0.46478053898487276,1.0011435307345344
8942,0.44694234749067174,0.9848570435949899
8943,0.4590659034483641,1.3550124475099508
8944,0.5104507231017918,1.154881648068289
8945,0.4625515043735504,0.9400973806103456
8946,0.49036069113074,1.078111582010695
8947,0.4534879558294722,0.9754013268692979
8948,0.42313465504970366,1.305055121194969
8949,0.4608390609037529,1.2054360381607871
8950,0.42850849929365137,1.1011854699514445
8951,0.42511659744873787,1.0686566702370506
8952,0.4089869255001105,0.9745833214046886
8953,0.4643082262821568,1.0865887525012192
8954,0.48864044234590626,1.011926149280326
8955,0.42604840177934145,1.1219043494428245
8956,0.471677168191058,1.013165190960597
8957,0.4895519139697251,1.1455221916865377
8958,0.42462550378540187,1.4718517360178012
8959,0.4115164899131627,1.6029285921633822
8960,0.4250045846966864,2.0941449478991983
8961,0.4059531491936989,1.1955704058258279
8962,0.41353940659935035,1.5430467030377064
8963,0.5113955316613021,1.4750991099089095
8964,0.53078940134604,1.5233797135862333
8965,0.47286940807277716,1.517546562315191
8966,0.4734042532814359,1.9561799012341545
8967,0.41168666956494154,1.7282692703228553
8968,0.44528850073953274,1.6345426422878377
8969,0.45089351494335433,1.3223149654934707
8970,0.4409135170642612,1.6050459736759224
8971,0.38606775848610886,1.1444538959021706
8972,0.41417335769505176,1.3785335734052566
8973,0.4457751200037095,1.719135353287447
8974,0.4201267642303578,1.583354638618173
8975,0.4063738425379818,1.279675570506494
8976,0.4416893749561125,1.1461487233060077
8977,0.4146666437098124,1.1897438475229207
8978,0.454648021355416,1.1170810796682118
8979,0.46448664801213346,1.1482215078131666
8980,0.3980381367276016,1.3191355270089455
8981,0.3871446865276226,1.6669311778059284
8982,0.47908434879432604,1.0942139845449947
8983,0.5163303879858221,1.0862031052413497
8984,0.46400392055511475,1.1888843803729825
8985,0.43445925342226493,0.9172695811512401
8986,0.4505889600920446,0.7741383065297766
8987,0.48068883523200323,0.9651071678087549
8988,0.42501244209345107,0.8110689763883943
8989,0.43149825756989635,0.8712097082323241
8990,0.48779152811152265,0.9207938706990585
8991,0.45081268410080844,0.9053695317610954
8992,0.4583462849982734,0.8800446194352456
8993,0.42228723527158346,0.9296011160878301
8994,0.4874139329762135,0.9051423547337356
8995,0.47442471084085486,0.8165341592529445
8996,0.41803102528007285,0.8687232669117382
8997,0.4181004717801381,0.8714450389436148
8998,0.5048321774862345,0.9296932660260246
8999,0.4375873138603655,0.9407664577937821
9000,0.39077471211118603,0.922038075993362
9001,0.48596419177009065,0.9361125074543999
9002,0.4218101825528932,0.9375449633135379
9003,0.4624759329175486,0.8273028430429478
9004,0.45652662174215597,0.7635245838211578
9005,0.4559318429058038,0.7865611552034767
9006,0.38801058808576716,0.7340728854670108
9007,0.42079645568884694,0.7880523314753782
9008,0.42917544401965096,0.7966218909013618
9009,0.41451264151091716,0.7463096484397221
9010,0.4579380331108871,0.8313438834495914
9011,0.4120029691353585,0.8495709774563613
9012,0.42797428716733615,0.7798275883915355
9013,0.5293861370063523,0.8699912677690821
9014,0.45530054928029623,0.8337547611264349
9015,0.5053818989725947,0.9469048919029606
9016,0.45210493826171727,0.9022852442796948
9017,0.46301519060597834,0.9659250633230487
9018,0.39604345369107513,1.0239225481320353
9019,0.4587602936527104,0.9842297944050391
9020,0.4666567774652277,1.0679534581101056
9021,0.4285912364721298,0.9411348856768562
9022,0.4156023888912016,0.934972206365715
9023,0.45691712735926066,0.965368565425132
9024,0.4718560258161674,1.036183525636358
9025,0.4719783935732054,1.0780466546132728
9026,0.48235543289230864,0.8525754433233761
9027,0.47582147422346094,0.8970812570701525
9028,0.41825709643873193,0.8476431774861605
9029,0.36822729550519034,0.8534434808110728
9030,0.4726722382226037,0.8707782302087951
9031,0.4836865426267235,0.8136119356433165
9032,0.5060891480121797,0.893915634132126
9033,0.46924124296429087,1.1928980084298884
9034,0.5013701308120802,1.0541780810911678
9035,0.5217361152172089,1.1649097615075343
9036,0.4531727271172607,1.0954335447653984
9037,0.4793183201725043,1.0317288816553876
9038,0.4820121917331103,1.1426086373699522
9039,0.42310323645767656,0.975268001695281
9040,0.4223346501878164,1.053988562046903
9041,0.4543952455798399,1.2883086273971114
9042,0.49465339218528526,1.0554442451995554
9043,0.4176914014862579,0.9348442826456237
9044,0.41589759796568493,1.3839099667604686
9045,0.5007468230516008,1.438295746312558
9046,0.4296450941886717,0.9811560719915964
9047,0.419862755583328,1.1641256629841998
9048,0.4321520196870693,1.009402542438322
9049,0.4540943760895035,1.0347926061130264
9050,0.43354191681713733,1.024125445814966
9051,0.4468265742931551,1.038076003199642
9052,0.43951128813826923,1.059506577774159
9053,0.4389350914839402,1.016960633611216
9054,0.5180196964625016,0.9484049197539542
9055,0.46064208288794584,0.9493344183107024
9056,0.4681778839490946,1.2042527771690517
9057,0.42193999886512756,1.063069540320091
9058,0.43965919388150704,1.1572633293068524
9059,0.41779841786449395,1.2556475649759606
9060,0.4834265396432969,1.0565790875444134
9061,0.4363210727867571,1.0712255135323236
9062,0.443456381270029,0.9046221369678534
9063,0.39830889053715085,0.9203137998442048
9064,0.4666154407760472,0.8828894953125889
9065,0.4328588444052391,0.9454521374795043
9066,0.4528277302251279,0.8701682727313736
9067,0.4216361150000859,0.8331715308346794
9068,0.4202559972272336,0.9111344276122677
9069,0.46513481741970025,1.2401438019808055
9070,0.4084221416885413,0.9232801661908048
9071,0.4502849764036901,0.8443831483137261
9072,0.4703054749271245,1.0023705588961112
9073,0.42529406796381314,1.051796920669889
9074,0.4563575141059542,1.060185427804595
9075,0.4190605721138056,1.181985715639244
9076,0.4525201633138564,1.2472831815191843
9077,0.4757652242206833,1.3513544259719479
9078,0.4670449553184139,0.8988940264414815
9079,0.47560929818060793,0.9589075718111205
9080,0.518986499425277,1.0772473302859704
9081,0.5285750300560182,0.891667713239355
9082,0.5067253506299362,1.038098610720588
9083,0.44667335447755835,0.8093881572334511
9084,0.4443213373277951,0.9817105803674865
9085,0.4345680342137235,0.746513451187356
9086,0.45912842901007644,0.7425344464848342
9087,0.45049685124054695,0.7266670662222556
9088,0.4035844302293166,0.7556497825002207
9089,0.4455954322537172,0.7809594661286734
9090,0.42329735460790613,0.71723656978422
9091,0.5202208036936603,0.7287967488603685
9092,0.44524390662758095,0.7408433110968581
9093,0.4660202439838243,0.7264017387501245
9094,0.4325072539662852,0.8028843119306471
9095,0.44096719987184096,0.7445736845720161
9096,0.44973308426662556,0.7278842474650411
9097,0.48560850712859516,0.7980446688179831
9098,0.499263357334924,1.0598263590081225
9099,0.45018842237666973,1.1644109175043198
9100,0.421480669269284,1.2982919534433235
9101,0.4526861987067658,0.8700618576077581
9102,0.507330537999718,1.2841789571984301
9103,0.4784894336774511,1.4893302616563815
9104,0.4737971841710285,1.3433597631824827
9105,0.45719251470658384,1.5077724983391252
9106,0.46111996529750454,1.8895134555483328
9107,0.4446811936434033,1.4159305408162979
9108,0.4629206706597967,1.6643300311079303
9109,0.4342319513987569,1.6558239731973814
9110,0.4125506359975315,1.864210541387206
9111,0.4613862121568143,1.5512394337978177
9112,0.4599329321419151,1.1474933554825273
9113,0.44844225743441907,1.3275319036928195
9114,0.4548537708023219,1.1558998041939967
9115,0.412655374378834,2.0808955332607897
9116,0.4331035635714392,1.0865371736507972
9117,0.4868234361259683,0.9243285517090732
9118,0.5015250398117361,0.9616288600616085
9119,0.4570825531066043,1.0825547199804806
9120,0.414146052691543,1.2406143054221441
9121,0.4295858847863466,1.2556938766275796
9122,0.41830402670554745,1.614874424286259
9123,0.4754471770189341,2.0502807388027895
9124,0.44047356924964387,2.382166754273535
9125,0.4923433979738106,3.9017347629787853
9126,0.42121251086586886,2.3497547611449527
9127,0.46501925529785526,3.641003731963704
9128,0.42807723364783723,1.8421722199152974
9129,0.44493584349317455,1.8283093062419336
9130,0.4514057258668455,2.6284029605319197
9131,0.4907950475377944,1.7515928982530984
9132,0.480598879091948,1.4492895389066158
9133,0.4868636750480504,1.4771752259106312
9134,0.4467620849609375,1.32253070595195
9135,0.43064628411265254,1.7468984549485365
9136,0.4637083014816914,1.7503704324509333
9137,0.43542811766411493,1.3541952296368127
9138,0.45314162333034774,1.5688967774215254
9139,0.513429618576198,1.7373975405415285
9140,0.45602964139679103,1.6391321513259296
9141,0.4907185898243802,1.3097555394311553
9142,0.4863210997535187,1.9286974107177512
9143,0.46616798870771836,1.707385012825716
9144,0.4008049180785429,1.3832554435267033
9145,0.39792565900145227,1.5957622811632248
9146,0.39626185205376263,1.2869021070813669
9147,0.4373180281768725,1.1599188510654042
9148,0.46806607257972643,1.037094911904011
9149,0.4389025794649587,1.4405829252548588
9150,0.441466180734264,1.2034542311742469
9151,0.40134528626516025,1.1552537072052076
9152,0.40821257551896917,1.2049070949693328
9153,0.4784719573641286,1.1061607576110988
9154,0.44090395008476035,0.9978087208803418
9155,0.44885121879068396,1.2826910071002626
9156,0.41611835100118394,1.1460973631988451
9157,0.4619126690244212,1.04746257217185
9158,0.4418132316718981,1.21087776283616
9159,0.444147716448145,1.2478335708090402
9160,0.4660571535814156,1.126066921405422
9161,0.4879487020876801,1.1311873643143664
9162,0.4364345769569712,0.8892388691022558
9163,0.455181815381189,0.9758734807227422
9164,0.4764430621295299,1.2376454478328667
9165,0.403226325812849,1.6499352055845908
9166,0.39899091089813454,2.2814769004155133
9167,0.44117397735419783,1.3800477871617067
9168,0.4863598329349629,1.3250577172029365
9169,0.42680826117691484,2.255483182309901
9170,0.47255091846567915,2.0906262067915167
9171,0.49571142671177687,1.13828672540998
9172,0.42761430751930163,1.252219332074656
9173,0.4124693966027602,1.5255238604777068
9174,0.43979924483206667,1.7719962324910952
9175,0.45804328015707074,1.7681268974415307
9176,0.41463428099178573,2.709360023146694
9177,0.43352368329335184,2.4096223272166206
9178,0.4072309376545323,2.848679967296934
9179,0.4318824097948167,2.301835860442189
9180,0.42519057693990686,1.7862298766386162
9181,0.42747716128247454,2.3609728240272374
9182,0.443064317541215,2.2883663663586367
9183,0.43411976764503035,2.631287447457175
9184,0.4233318873979513,3.031980564872038
9185,0.41362738204233856,3.778279794072642
9186,0.38972737430368815,2.533032611735816
9187,0.4120329702363431,2.0227436880463534
9188,0.4357560971408214,2.2778096459444286
9189,0.5242173715123852,1.573063287920165
9190,0.4539845458512167,1.7906165290804743
9191,0.4399152609329779,1.7432406220621275
9192,0.4152346178165917,1.1240681218869477
9193,0.4550400439975331,1.5699425548025705
9194,0.41181084803007184,1.252064946207028
9195,0.4031055138527768,1.4423935685342955
9196,0.4192027698442774,1.3622606026316153
9197,0.4836225382332663,1.2589534839380134
9198,0.4183804253930027,1.0618523584986197
9199,0.4046943641982032,0.9872519466483477
9200,0.43334050896098314,0.9428620830322932
9201,0.45487761410694677,1.0657260776723472
9202,0.46014117384419856,1.4676712062752362
9203,0.43417031614525803,1.2531936197604947
9204,0.4493040815719123,1.3894496166590349
9205,0.41608810714147626,0.9424707982146624
9206,0.4278714535305801,0.8142829242261868
9207,0.4034293050904876,0.9293036107878083
9208,0.4092592215075076,0.8686817444643928
9209,0.4637728345046923,0.874434143015482
9210,0.44877411613186585,0.9817472470616831
9211,0.4430926317728839,0.9957429540967478
9212,0.4487547492518008,0.8899613942914796
9213,0.4526894104133532,0.8314273230080466
9214,0.4347642061201114,1.0657139293198448
9215,0.4616326981956519,0.8815282033485117
9216,0.4063790431879099,1.005571128095238
9217,0.46649249375445173,1.0483984605779926
9218,0.4391416808933888,0.8998398543561547
9219,0.4493077038561256,1.083365351829714
9220,0.44599819154415316,0.9003230177083061
9221,0.4209234546689154,0.8702398266607118
9222,0.49317792260531085,0.8485474783240012
9223,0.42752447579670877,0.8436458915182687
9224,0.4482479853537476,0.9214901466971462
9225,0.4385519739493583,1.0591494435245552
9226,0.41844622342331894,0.9043639354335452
9227,0.4401743394657246,0.7325100470515131
9228,0.5012286837818554,0.6624898424426329
9229,0.4035041245441992,0.6840465115112009
9230,0.41075810732193363,0.6885333078578838
9231,0.5009170811153153,0.7824382481065769
9232,0.42855619805530437,0.8579192491411005
9233,0.44326551330899727,0.88927595245028
9234,0.4864374167710832,0.9001232900665802
9235,0.4707748017554144,0.8343352443963579
9236,0.5104870298533764,0.7109701604519075
9237,0.44257418333905413,0.6932049358932717
9238,0.44450121539310344,0.674258133740101
9239,0.4997105575302272,0.7116101303146881
9240,0.4216763869072627,0.6938633872467337
9241,0.48334390098608815,0.7494098781381996
9242,0.453401109547291,0.9425340827228954
9243,0.44989932017418943,1.1156747914055019
9244,0.42146782591504955,1.0748680002481035
9245,0.4699468462212572,0.9708681037125079
9246,0.4464630166303764,0.9250129362911854
9247,0.41754528966922205,0.9529599998761149
9248,0.42321330395717066,0.9475500386895486
9249,0.4500373075309309,1.3596513271331787
9250,0.4253847755274726,1.220665102444806
9251,0.49592733267441536,1.2917774759450005
9252,0.4234971456157351,1.0688227895394111
9253,0.45230280861113836,1.031669525266851
9254,0.43375937452594054,1.4465996767710714
9255,0.4506434882150113,1.2110542718646595
9256,0.43468978567030825,1.0413163686261593
9257,0.4419671094533309,1.171082440510537
9258,0.43348182636557275,1.2122124155748237
9259,0.40884181394160374,1.115291182277272
9260,0.4161841927222835,0.8722642608059262
9261,0.4444504921297425,1.5730409257620284
9262,0.5232303706766332,1.299890673854976
9263,0.4438135794644217,1.3542947190479167
9264,0.4625037500580538,1.2364652770236857
9265,0.42210174648507126,1.0569623448316334
9266,0.4377806568608701,1.1717413224062874
9267,0.4409291246562328,1.1487541603810578
9268,0.45687179889493773,1.2471008566976751
9269,0.47062739006523946,1.1920790527630778
9270,0.49378937424965275,0.915640913745732
9271,0.44967738922359873,0.8584106570308648
9272,0.4322964916530165,0.9843045664065092
9273,0.5076713967091829,1.0863672859460405
9274,0.4939011323799207,1.4160035287292259
9275,0.4768346426556411,1.0827625353359482
9276,0.45250405559262025,1.08974578369011
9277,0.40981949677745116,1.208925682942844
9278,0.48080359847800247,1.264289758159119
9279,0.45074459649984117,1.0440944467933433
9280,0.4328211904729454,1.4689472010992106
9281,0.4831212565158177,1.1667676330770103
9282,0.45906998708988855,1.3921864617218092
9283,0.44701194068760547,1.149024744056961
9284,0.3828856447367992,1.0479903574128753
9285,0.43412120857285064,1.113052312031533
9286,0.42568247758069083,1.2501977838358833
9287,0.4395189291065179,1.7755689973970061
9288,0.37664516718642227,1.8420248361467157
9289,0.42065801493172505,1.811045657662512
9290,0.4377950672964448,1.111534721064336
9291,0.43545690945629933,1.2057647114818535
9292,0.4878035500211623,1.5655135356106804
9293,0.4745354921493715,1.4016483431880913
9294,0.464898182350455,2.2809278889767173
9295,0.4259453071552573,1.5388602452370728
9296,0.48241560146646595,1.2763954591982574
9297,0.419080300238526,1.051083428767121
9298,0.4434669301347825,1.3748866365951242
9299,0.3935035779638198,1.5157755792719647
9300,0.42308686890648406,1.3813572410240913
9301,0.4033180857167661,1.1192495776611624
9302,0.434668707037435,1.378052078404473
9303,0.45246680124292094,1.321696293006823
9304,0.41902806226489614,1.2139349128436117
9305,0.4192586952042811,1.2139741489030782
9306,0.41908538804470913,1.3794630823783505
9307,0.5258376499981556,1.509004835943574
9308,0.46165052085246855,1.2418923817791985
9309,0.4014949619191364,1.414442353456923
9310,0.4387188206598597,1.0991362634214383
9311,0.39725656735086906,1.2698106053963447
9312,0.4227198235039572,1.0458480495851017
9313,0.44220172288348375,1.2951926577438428
9314,0.4027528224639522,1.2721145679649797
9315,0.45431425415196464,1.6007300852571877
9316,0.47812714217935953,1.8286725456274828
9317,0.3965165181067383,1.6436255892503608
9318,0.3974029659067543,1.7395860749540977
9319,0.4560108937106086,1.5926771545873104
9320,0.46346784737503643,1.455277019334071
9321,0.4651374272929812,1.445502943205602
9322,0.5435298779635753,1.523256868992037
9323,0.4702449967560259,1.5626860515585224
9324,0.4965680070872446,1.354131790619452
9325,0.4498966561937795,1.2047846085816911
9326,0.3735524355207832,1.3128345105254535
9327,0.4343128239066855,1.104314927915925
9328,0.4779312992558896,1.108145097505699
9329,0.4419849590190406,1.3480400859730914
9330,0.4270903965801869,1.374973845713347
9331,0.45075088855132317,1.1458796447920567
9332,0.4255046317878279,1.3625193996336853
9333,0.4329658986873997,1.33812009941027
9334,0.47953372615054973,1.075678596218813
9335,0.4449597464024442,1.32460022146262
9336,0.501648077831685,1.0806728896585482
9337,0.4563296142133694,1.0380499114110633
9338,0.48762225583919044,1.0140210910908227
9339,0.4408375053729826,0.90560642203081
9340,0.48647100890724404,0.8606549501419067
9341,0.4465097446464798,1.1827574476455023
9342,0.42426423366787364,0.9003686320434496
9343,0.42449806731881445,0.9657019463557641
9344,0.5095239786557781,0.9195958809945189
9345,0.3946338648934966,0.9337026656252666
9346,0.44078120415650524,0.8782314860705033
9347,0.39242385024005927,0.9265433544094123
9348,0.4433111797258692,1.1792418765790253
9349,0.46332506068701884,1.337071554753387
9350,0.46450253076923703,0.8920194147859962
9351,0.41368288148954074,0.9374812499990741
9352,0.3862550154473018,1.2220084256338841
9353,0.48166346260644854,0.9991518710423442
9354,0.4698459320855372,0.9573942584898866
9355,0.4201166681872988,1.0910364302616675
9356,0.47736606869882753,1.2130818123956328
9357,0.42632840906532066,1.070847298913789
9358,0.4251595145290338,1.0511498069300236
9359,0.4692224865978204,0.9901462596597024
9360,0.3851706988892509,0.8816110428097179
9361,0.3855613788354744,0.9149450833357654
9362,0.38072772512158143,0.971149147714226
9363,0.37863444587559375,1.1102373871988462
9364,0.38100060068287894,1.1430585557974657
9365,0.36617472767829895,0.9983394875109775
9366,0.4599601853530384,1.0972229849944994
9367,0.43325378130940556,1.0802051228226968
9368,0.48195910453796387,1.1012683551288345
9369,0.4664399221684169,1.2237647071625422
9370,0.4487816361547674,0.9743255440471241
9371,0.44248874847171377,0.8683039326112247
9372,0.4217404642151397,0.9462789951018917
9373,0.3959733589181622,0.7504016797519425
9374,0.47796232086940876,0.7074913179990158
9375,0.4259073595398838,0.742211910127436
9376,0.4305363280101887,0.700192342105421
9377,0.3878841333597609,0.7465062210860761
9378,0.403962948657934,0.7143732500307768
9379,0.4867939439792078,0.7217205259406451
9380,0.41712639690602865,0.7285491448004269
9381,0.45834046110366156,0.8350621994259289
9382,0.46283016158539114,1.1171367839702124
9383,0.4412538073595288,0.8944214003757366
9384,0.4943901485609777,0.9784309198555438
9385,0.437629759311676,1.5558645765758254
9386,0.4366191208941265,1.2449074850499051
9387,0.45771018770134564,1.1233025731392277
9388,0.42893623727039226,1.2519522859054861
9389,0.4304307149451913,1.3150730567071045
9390,0.4679814797003292,2.221167369374951
9391,0.4514352996083139,1.824746914858957
9392,0.43932914213069435,1.2888831010142576
9393,0.4604543406986496,1.123064686951128
9394,0.48136502909428863,1.7094275563665964
9395,0.46106803880154507,1.7073467437503407
9396,0.4453967595563352,1.0483419999335577
9397,0.4336327881488985,0.9903954516336756
9398,0.49249094030232105,1.3444529117889774
9399,0.4111761149850864,1.0611706237191136
9400,0.4641965199442743,2.5688625255834707
9401,0.5017769278831852,1.6877475039472858
9402,0.41013846582579383,3.0021123006505874
9403,0.4611082788809989,1.792909116420931
9404,0.4292802486604857,1.933088688595781
9405,0.41537936277759885,1.5283393200161388
9406,0.4488302347729507,1.9632284421365238
9407,0.42782469252938204,1.6760879321005737
9408,0.45747636649215107,1.798837341151191
9409,0.4389366860528594,1.2661844879678152
9410,0.4319248992262535,2.1864436147282427
9411,0.45823293056302855,1.2699341675610218
9412,0.46613085559270917,1.7059191008215968
9413,0.4595962757045783,2.05800935134147
9414,0.4458810698638842,1.9308290348469632
9415,0.40551671530436545,1.5720457839734345
9416,0.43885588703803646,1.7366798138155521
9417,0.4060150257592062,1.4049454123071097
9418,0.4214225851216363,1.9243778053996632
9419,0.4335901925286043,2.112632340019189
9420,0.4275191871865282,2.1999647137030816
9421,0.4722564272510195,1.2679497964173845
9422,0.4763925353300224,1.726568011982927
9423,0.4407263111720965,1.9722343399686721
9424,0.4277601389630327,2.238494292624946
9425,0.454179598579129,1.403976460683693
9426,0.41985079732913416,1.7370028206445638
9427,0.5172647414276901,1.2021434503851585
9428,0.5228076559826008,1.145417467483039
9429,0.47637435938548117,0.9525613894740355
9430,0.450854164882771,0.981441562615552
9431,0.4506407423505505,1.044620376767464
9432,0.3772212272708856,1.144326961156234
9433,0.46554730007949385,1.0992756439644156
9434,0.5087154455555295,1.0451865913798508
9435,0.47995184115993167,1.1081107137272659
9436,0.46846619856010363,1.1668249067750949
9437,0.4693548609909502,1.2342632002043492
9438,0.48382353203967937,1.1834384995756797
9439,0.5187638905441877,1.5591877166507313
9440,0.4508358714649978,2.308138898854117
9441,0.4122566424527215,1.4102001045514079
9442,0.3797848728096601,1.5034103376194112
9443,0.47206503326453053,1.2626602377706362
9444,0.5584153379630117,0.9791687732761346
9445,0.4219074700642558,0.9932012407525072
9446,0.45209308966849615,1.1810042383601365
9447,0.5117008622410228,1.2770744701033656
9448,0.4363561488181642,1.0713202403587045
9449,0.5039317402446154,1.5392530433182579
9450,0.4506515446797158,1.3034498980901774
9451,0.5325707032263858,1.0656869492484529
9452,0.5062006983942199,1.391976390648814
9453,0.5074674516048246,1.0198952983883978
9454,0.5423893702840342,1.1696748079605472
9455,0.48447235811103895,0.9313212147036802
9456,0.48649641263832166,1.0604482379931848
9457,0.4995139912494178,0.9808161131386618
9458,0.47859252945890707,1.0894736433492123
9459,0.48223454657110193,1.20622838180042
9460,0.4758562219953074,1.0933560763747947
9461,0.47240415823112414,1.2347882563628039
9462,0.4335429975853383,1.302833437340931
9463,0.51320854928887,1.1826335781986275
9464,0.4736096812683402,1.2088702020135897
9465,0.4495936125806234,1.1288498923616501
9466,0.4535173647901387,1.2748133812135862
9467,0.4452554734007826,1.2644041238479244
9468,0.47768208876396845,1.5284132795426453
9469,0.47584400448984315,1.5083130140906398
9470,0.43391765842159974,1.0659386770239154
9471,0.41197891084893234,1.1000211065255323
9472,0.4587540829065934,1.365083017974224
9473,0.4532007210462996,1.3173351554037298
9474,0.46717293227760537,1.7724305802178615
9475,0.5172118521431117,1.1651745623755223
9476,0.5216699572442804,1.0795289862503126
9477,0.44317247306258933,1.1360077713299723
9478,0.461498084288199,1.5122857684070625
9479,0.48302254283312457,1.0668158363370062
9480,0.434781839835991,1.196554071116216
9481,0.43850461892711307,1.0690494538510886
9482,0.4456412809566387,1.0082138522157391
9483,0.4969739132714503,1.2714695895759804
9484,0.467082994655498,1.141564050345745
9485,0.3943953522779409,0.948476998551378
9486,0.46624657048762425,0.9276435328918753
9487,0.4260932172386392,1.0414332544919356
9488,0.47363397565860194,0.9621203721148296
9489,0.4404682404207952,1.1308211088180542
9490,0.4355479241574852,1.3468813722573438
9491,0.4427998450774591,1.0174632425447112
9492,0.48084034503084944,1.5026319958631276
9493,0.4431673508245968,1.7219796823066416
9494,0.41916696828545874,1.4898904862913114
9495,0.4943998074068606,1.0980576195763152
9496,0.41334241021026685,0.9876865547837563
9497,0.5041337453045891,1.0014004018700238
9498,0.4640077063180868,0.9237465927901777
9499,0.4847230195131117,0.9200686141125207
9500,0.4724909709495248,1.029154279857006
9501,0.4581825802627119,1.0850935613067405
9502,0.43321615573271965,1.0620594904260727
9503,0.3782069341650287,0.9931492481416869
9504,0.46431075658613036,0.8653340582708711
9505,0.44042180608777165,0.9851828194358974
9506,0.4384049449152159,0.902040246620919
9507,0.44940946489861866,0.891101855676151
9508,0.439445641000294,0.8312050358763019
9509,0.4381961460831096,0.9132132871637066
9510,0.4630845582600936,1.1858379372115273
9511,0.4592239168083784,1.0438603330584406
9512,0.4315283292705573,1.2425854865787098
9513,0.4329664432308049,1.2215398434296394
9514,0.43904909028590305,1.1543863392570644
9515,0.45342042492431345,1.1777529612328241
9516,0.46296890412719505,1.2350718263283516
9517,0.4323000132458881,1.2351302521900065
9518,0.47754618395300746,1.1526520061261445
9519,0.4800912031849611,1.1333081398195433
9520,0.45754100338926595,1.099622539524893
9521,0.4273406099347235,1.0621636405731867
9522,0.44392881347137747,1.0274793627192673
9523,0.512354291758491,0.9701153462372937
9524,0.4783031639543552,1.2242777995692873
9525,0.45296177007619615,1.0546720670264902
9526,0.4656763785672419,1.281552097751099
9527,0.47187444885957586,1.6684030878891065
9528,0.42900700100417277,1.2139729458151511
9529,0.4415205028450605,1.30286503648295
9530,0.4292455454474514,1.099960018130182
9531,0.5214195011310208,1.0262614980484674
9532,0.48560861042402326,1.2859034138975791
9533,0.49445974826812744,1.0049965202229694
9534,0.5155780920125905,1.0415537959163628
9535,0.39299088919047015,0.9479927640516781
9536,0.49225162201136063,1.0333460777708627
9537,0.4422324340320328,0.8827279308467235
9538,0.4768618264244598,1.1997839166122732
9539,0.5284448587200017,1.1576334903541121
9540,0.43837464145086347,1.0572704504994512
9541,0.47472242374443313,1.0428195364266923
9542,0.5122990127906059,1.1796206901374373
9543,0.4726782559769825,1.4589185361723298
9544,0.5090640684933339,1.452252736948069
9545,0.45353284738596206,1.5356854987375945
9546,0.40715296175873394,1.7166543249945039
9547,0.41092904910300543,1.3951630100463202
9548,0.4263162364080114,1.3431141503806252
9549,0.48945489381123514,1.3792536085091749
9550,0.4000416667137331,1.2587343384918657
9551,0.45837340106084506,1.302876349213054
9552,0.44518399875140885,1.407665598739698
9553,0.5113435948936684,1.064945611560229
9554,0.4597177143814494,1.1201245408613705
9555,0.4530341205666366,1.3008486697974715
9556,0.45837588680600655,1.091443553711604
9557,0.4177634370269127,1.4458365619761273
9558,0.45759134703469506,1.17040362983074
9559,0.45279858008171747,1.3129702100476015
9560,0.4203452418730097,1.1310411697452507
9561,0.43639085188652704,1.2383650379273499
9562,0.4236196933440792,1.5968176207496125
9563,0.46492274293621766,1.6086379642625457
9564,0.46764956487035286,2.0813331847051972
9565,0.4863333991430338,1.912787265569261
9566,0.44182484126785426,1.8269507884979248
9567,0.478624944548005,1.3200599169268192
9568,0.5525074352338476,1.7833005120453325
9569,0.5043723525352848,1.8384904334846053
9570,0.41534144727929123,1.3274844115220228
9571,0.5245204018157663,1.200412325488711
9572,0.4222913812665106,1.2269326193818768
9573,0.4567374077815454,1.1062259616203678
9574,0.44745789772098504,1.1659861924578843
9575,0.4589804451442459,1.5066785609837874
9576,0.4379227907912245,1.8740197200219608
9577,0.4643312218119797,2.767478369972081
9578,0.4119260004423197,1.4490819116240565
9579,0.44953734174515436,1.9939496279920188
9580,0.4420653911470209,1.4160992254331275
9581,0.48584846732685866,1.2904733344189172
9582,0.457797461632386,1.3196993800042902
9583,0.41917912039941957,1.1844790884592
9584,0.40608716011047363,1.1290835882853536
9585,0.4887081430953683,1.1333023558542565
9586,0.4302174341910094,0.9498359462589894
9587,0.400965293923628,1.2896310658130832
9588,0.4442428865479034,1.2890934539072723
9589,0.40511263458474167,1.3739922428594051
9590,0.4674585774106887,1.5839676122063573
9591,0.39682761673788425,1.1857081454934426
9592,0.4465229048312289,0.9642034282962095
9593,0.3916874623414382,1.1585550591783615
9594,0.47803132279405314,0.9048276422093215
9595,0.5178050792332992,1.0078090915402163
9596,0.5053558129708744,0.8335946289081018
9597,0.4166038458787122,0.9992846811859353
9598,0.45223884617240684,0.97574209067428
9599,0.4643398584092705,0.9266516994504095
9600,0.5120989414094721,1.3274876695234799
9601,0.43547463098775996,1.7040909956959844
9602,0.45932125292935416,0.9228783695443162
9603,0.4080684225536087,0.9845519928098883
9604,0.47037652916121253,1.1258770858199851
9605,0.4723637428098512,1.063600159964515
9606,0.4713122966220078,1.4976911145506553
9607,0.47540282740176304,1.1369197183442348
9608,0.4187189045461636,1.1149556370614802
9609,0.4338303555562658,1.2305151444036984
9610,0.44862960148783565,1.0077844800300968
9611,0.5024418952395615,1.4322057204339111
9612,0.4176064446134475,1.2770423038491925
9613,0.45954648325744185,1.5947459994010555
9614,0.45998752001419807,1.1432448764449183
9615,0.4152281204762968,1.395016884919509
9616,0.42735038278172316,1.531982267944558
9617,0.4328051880725379,1.429445788698289
9618,0.4507171549264667,1.7452365194709556
9619,0.4552725594020584,1.9137491253973211
9620,0.4005675205906618,1.2732583400115227
9621,0.5147668487817338,1.4780118205014943
9622,0.47536597379202983,1.106818369870047
9623,0.4804760807926215,1.0732332687933468
9624,0.3724009330990245,1.1046111005023844
9625,0.40160335499106103,1.1862098036460507
9626,0.4779613790581527,0.9141103162348849
9627,0.46193274190124956,0.9891752033557707
9628,0.42177701054267513,1.093339858703243
9629,0.45805745622486743,1.1677338741358043
9630,0.447851034333405,1.015574848767623
9631,0.5149610765929361,0.9336941612576976
9632,0.41240139956613187,0.8337303781972348
9633,0.4654377097065009,0.9222655412062858
9634,0.46489054659037915,1.0386595726013184
9635,0.4343484611187166,0.9952866278805779
9636,0.4394789656389107,0.9108477362151285
9637,0.40169315213717305,0.8498233730353199
9638,0.41920220171942296,0.8715519719910854
9639,0.5088807859467072,1.4391365745692577
9640,0.41356572190534724,2.055861679674352
9641,0.4113519047070475,1.7717856151386373
9642,0.4245372155627001,1.7746472428145919
9643,0.45852859101249177,1.5913938162396255
9644,0.45534486909514493,1.451674805104154
9645,0.4614809893288659,1.4751080743317466
9646,0.4289679356570383,1.6397733595764752
9647,0.4108419354679515,1.8710874238060515
9648,0.4872554326520383,1.4794653358968717
9649,0.43731724637225994,1.860300321602127
9650,0.41143809881025145,1.4232227744408024
9651,0.41278115985462965,1.305106665324239
9652,0.42197261851968115,1.6515235993468647
9653,0.4576884490772358,2.2917423850124323
9654,0.4841333049014934,2.186236049365071
9655,0.4126897390606334,1.7746612423831978
9656,0.4328229279772749,1.5227085247780512
9657,0.42899173990036676,1.8255774315121105
9658,0.45779486593690893,1.4452367280293437
9659,0.43917562978938945,1.3800048689240392
9660,0.434525403582934,1.354491885425975
9661,0.4363905781681098,1.1631943890191976
9662,0.4182365276281116,1.1353351346497398
9663,0.3953231335843651,1.7001444784182946
9664,0.46925803122011206,2.503924832760709
9665,0.43990377517579826,1.7807890176773071
9666,0.4429948876783686,1.9576175212860107
9667,0.5209111715983419,2.0840035798480208
9668,0.43589644814000544,2.870536925723252
9669,0.48787959455286417,3.10593143018704
9670,0.5113546987181729,1.39293314878223
9671,0.4796329858233628,1.7544814429236848
9672,0.4551304983861238,1.519517985362451
9673,0.4285749532644031,1.4785095140771958
9674,0.42907945594741304,1.7884250150143521
9675,0.5298277834086742,1.2222221771490227
9676,0.45687805333183806,1.8873945451477199
9677,0.49125190006876457,1.589767976871972
9678,0.40240663637235324,1.484228785755565
9679,0.5373368865077935,1.5207279093057207
9680,0.4368095334293773,1.6013249720184548
9681,0.4962368697217367,2.3039399547484316
9682,0.47393844631111737,1.765459179299549
9683,0.45714420282724993,2.205163519938015
9684,0.4465190183769152,3.040822023326911
9685,0.44965052836149644,2.3185938915002695
9686,0.4440943124224839,1.1991909493520423
9687,0.41601639725629563,1.3274261453776683
9688,0.4375547147491603,1.2367427291221988
9689,0.4589104773928818,0.9983465081279718
9690,0.42160668390468486,1.2612969180912648
9691,0.39384820218225125,1.0299727355392234
9692,0.4124509099039059,1.0736959067363183
9693,0.43750974449139196,0.9451291103964871
9694,0.471902216522439,0.8305559337717815
9695,0.4312833489723576,1.1512538773342245
9696,0.4937251499555643,1.512319473965654
9697,0.43446351775845277,1.2407018061980462
9698,0.46855166756991046,1.4821054842865582
9699,0.4720062060842236,1.2438504591728876
9700,0.48881071343005283,1.349970056015311
9701,0.47730403502010604,1.3851135361541822
9702,0.49004664554179295,1.2853209011763045
9703,0.43550666154009626,1.295705353750766
9704,0.45752237606974483,1.4720257341283038
9705,0.43851722039065316,1.4770300110566963
9706,0.4861846285537609,1.0634123914450118
9707,0.41144534511473574,1.0276969237234985
9708,0.45000304556587367,1.0249973981125842
9709,0.4171371399198921,0.974431934865933
9710,0.46561086496103155,0.9519302029054142
9711,0.48335143084664944,1.0009620010274127
9712,0.4287108848395857,1.2810317897102208
9713,0.405359550297839,1.2614587383362854
9714,0.49231241455355895,1.1360615005770933
9715,0.5036156342446225,1.6881255374371427
9716,0.44515080475112767,1.176613783373416
9717,0.4680541805850649,1.387405727094817
9718,0.4768177560232218,1.1908140182495117
9719,0.46128637727024485,1.01808084677724
9720,0.436359104311582,0.9865873837933957
9721,0.4743491208669051,1.1388041840016263
9722,0.4486437706114019,1.0188778563610559
9723,0.45865890586260455,1.2734862681731438
9724,0.45747429248198723,0.9861843059363874
9725,0.44925957339481243,1.0705716621528552
9726,0.513115225486385,1.367175362642529
9727,0.46118911059157364,1.2228164354574333
9728,0.5061033344963222,1.058860764341447
9729,0.5073696490630363,1.1213894665819928
9730,0.4591452326010732,1.3120596808137246
9731,0.41780483549081004,0.9618808540325721
9732,0.47405899742853297,1.3641172838442535
9733,0.44802198566279366,1.4650446257544953
9734,0.4489290705583628,1.2242432126721132
9735,0.5023122852288403,1.8152716339213177
9736,0.48400387601945005,1.4874514740647622
9737,0.4615196177681673,1.3875776888097373
9738,0.4592130976973228,1.6976125384997396
9739,0.4470289219351648,1.1393777068378856
9740,0.4462138411489505,1.8491563802783928
9741,0.4409572105963253,1.4768648923022076
9742,0.4574300993993444,1.2636257884571853
9743,0.46785740858142816,1.250819909341127
9744,0.4574756008907429,1.3167759232150698
9745,0.43188428994521355,1.4212774408673776
9746,0.42286704654253804,1.5633116086709846
9747,0.45674413153268756,1.5014857719245467
9748,0.531901979330674,1.1987346752176007
9749,0.5097198182518042,1.6183739009412748
9750,0.4563213581020392,1.6114187292682314
9751,0.4555811968821924,1.933652283497227
9752,0.46757018450394416,1.4209796855750594
9753,0.47130279228525257,2.2266237238078443
9754,0.4507235551922067,2.995894350473163
9755,0.5227891710198042,1.606303482958414
9756,0.49000824828749723,1.8025618843661928
9757,0.45693394946820526,1.925158279034698
9758,0.4458883416305468,1.631972786292289
9759,0.4387801905858864,1.9719179052751041
9760,0.4672738990737397,1.473731229606184
9761,0.4687104821205139,1.7523146896686368
9762,0.44256880995139336,2.369563223667515
9763,0.4426392649562613,1.1797692862529199
9764,0.41756981495514656,1.0166094731358648
9765,0.4358596969576715,1.5472223683468347
9766,0.5143991474387715,1.1583901863653683
9767,0.48518231800458966,1.1715631103052677
9768,0.4238791101187178,1.510909391259684
9769,0.45847420032741953,1.7024877470673867
9770,0.4333540759619,1.1162971784767595
9771,0.46799915276684806,1.3724806198796022
9772,0.45520708254240094,0.8788042056907728
9773,0.42653019653940666,0.9979775316506914
9774,0.41146310614150705,1.096956742620005
9775,0.4897429248661671,1.2646467182242755
9776,0.47988126578840234,1.4614525061209225
9777,0.4931648743962779,1.6939609322733091
9778,0.46900565994596016,1.8080495931569813
9779,0.5034173883280708,1.750550168231853
9780,0.46709040559611276,1.388048005914225
9781,0.45332688035316837,2.166589305817502
9782,0.44349099825886845,2.612579357855528
9783,0.5077029269875832,1.9036765769847388
9784,0.49791613828788683,1.5138057204126154
9785,0.45552378921832853,1.4430728687823398
9786,0.506500641119133,1.6108264292328103
9787,0.4644571236036356,2.2473283404285467
9788,0.43571819061214484,1.6727465541617383
9789,0.4310841346249997,1.3615798359935722
9790,0.4094519866901694,1.4363276657548922
9791,0.4282674364094595,1.1168460898028993
9792,0.41704537972663214,0.9077289254919997
9793,0.4915101209890495,1.7494655754959698
9794,0.47510435858976496,1.413122504081541
9795,0.5306415893499133,1.3326523992621784
9796,0.4943472233790796,0.9534402605399345
9797,0.47305683053812936,0.996684590589653
9798,0.4577018294519591,0.982139991903768
9799,0.4278523227543507,0.9821735481614048
9800,0.4464580836226639,1.136776797401095
9801,0.4893717378088572,1.1971209436944388
9802,0.43840683200984326,1.2615587294680402
9803,0.4719087035910597,1.3233206214256656
9804,0.5063235939127727,1.0382747493901299
9805,0.46332005107576407,1.2186699364949198
9806,0.44374796950701373,1.1243886131684757
9807,0.45405755980500895,0.9728326305602361
9808,0.4636994733393771,1.0655180146393266
9809,0.4570221536367842,1.207712867306274
9810,0.44624717142975445,0.979243453845237
9811,0.43326086789658924,0.9918535236016061
9812,0.454970477275478,1.0550869251917867
9813,0.4904076674030822,0.9469227414686703
9814,0.45860723095032774,0.9138507125447097
9815,0.4582836457247873,0.8804896334999973
9816,0.4199473666913301,0.899489173032705
9817,0.47511428189509125,1.5756851058561825
9818,0.4707882485343415,1.7878734839772714
9819,0.45587562964957895,1.6086291005310502
9820,0.4275714630640826,1.498299096394511
9821,0.4708439285315356,1.3448079506170403
9822,0.5567578123611154,1.100371309275766
9823,0.47956534844000365,1.4473010828194108
9824,0.45659134370609394,1.1461151236469307
9825,0.44317506239252186,1.3266160140917138
9826,0.4460300444399269,1.1054180027211753
9827,0.4042276644590989,1.2860065791213398
9828,0.5130803232054109,1.0878049656025415
9829,0.4507856097036195,1.0826146382729984
9830,0.41321002134999024,1.086094193666884
9831,0.45704494141837926,1.4877551620446363
9832,0.4525347430150486,1.5469715977178036
9833,0.45172441150378256,1.1030959405945342
9834,0.4537864148038105,1.214691202617386
9835,0.398860347213097,1.339346036170293
9836,0.46137690601997006,1.1855325039150646
9837,0.45137687389133047,1.0010460291093992
9838,0.5144328799062562,0.9553937744168401
9839,0.4470942570167838,1.0983860810983528
9840,0.4461400798223551,1.336980460916908
9841,0.402577330475872,1.503858790235612
9842,0.4482265100317094,1.3305331763711947
9843,0.39987394387282216,1.2404065398336614
9844,0.41563706490599994,1.0620259249094621
9845,0.4441322678501166,1.068923506343249
9846,0.39454749747387413,1.276603517601791
9847,0.41917798588576827,1.0855505298642278
9848,0.4107522081981585,1.4731541252830653
9849,0.492646539095536,1.3676017106158063
9850,0.45080864400539583,1.246439381710534
9851,0.45171251516897704,1.4534839316479211
9852,0.4921203915355275,0.9866914818587812
9853,0.5219515567844354,1.1143365438702038
9854,0.5095147117249017,1.0068658399350434
9855,0.45652474679993194,1.0743323385136798
9856,0.4248819672366948,1.0182145394167854
9857,0.47102081370585175,1.043577496287892
9858,0.46642696452372284,1.3454268181208269
9859,0.4545952874479942,1.063844400123485
9860,0.4325057806320561,1.0201242074225714
9861,0.49368456960881796,0.929591115238597
9862,0.4929326998377309,0.8648708752058085
9863,0.4942145793183336,1.0225457045638446
9864,0.4272398540695894,1.01304204371369
9865,0.43306521304602763,0.9166058585481737
9866,0.42352607325442787,0.8755303893274474
9867,0.4901857243000882,1.1730463574233565
9868,0.4250503185304623,1.2878181511916003
9869,0.4755404360086015,1.1490903080088422
9870,0.4742857550533072,1.1175629409771521
9871,0.46412440295358304,1.1041914230411491
9872,0.48471142886911783,1.2266210005121323
9873,0.4462152933611453,1.0133963886973927
9874,0.42753390794240154,1.0590110635294498
9875,0.4536509924721949,0.9319856629788297
9876,0.4323558274982045,1.012660675835841
9877,0.4661496285963984,1.0477887768189884
9878,0.4334643957684341,1.107602343397233
9879,0.43360526006198624,1.3128659829352667
9880,0.4571264588717118,0.9830725615464367
9881,0.4256786814013731,1.058165800802916
9882,0.4120033053518499,1.105499330654885
9883,0.470265886447962,1.271915582198541
9884,0.45060628247492523,1.1979738421810484
9885,0.46071607539954695,1.2290060398648086
9886,0.5013571207963147,1.117963933250279
9887,0.42841975116035313,1.1689672163389262
9888,0.44875490202487095,1.0514350788107196
9889,0.5232216568247786,1.2418990563420416
9890,0.4377881515662647,0.9231125110561408
9891,0.4330572792627279,1.0985220716994943
9892,0.44992285214581534,0.9035918145503813
9893,0.4472727943392633,0.8169337105982512
9894,0.4174887636332836,0.9323247283407785
9895,0.4573353175978059,0.8133346357391876
9896,0.47078642046567304,0.7771809025875573
9897,0.4340796771558743,0.7915914267012216
9898,0.408704814690988,0.8194984724220721
9899,0.47216616701153874,0.7885806982957043
9900,0.46865819929872904,1.1031291421177318
9901,0.4835280457746635,1.0738341652073906
9902,0.4180651833710161,1.0861086683365906
9903,0.4746350802264167,1.1553064006046183
9904,0.4350559115409851,1.2012719564067507
9905,0.44361063982676535,1.467238341720359
9906,0.49084009881158475,1.2902998802731338
9907,0.497841346611097,1.500597456705223
9908,0.4516230983641541,1.6113485618702417
9909,0.45865370289793295,1.900532152467561
9910,0.42742491086709844,1.8928443123993364
9911,0.4918549567171671,1.2127316790877036
9912,0.4429942488091663,1.4336442906879685
9913,0.47618616408514747,1.2616914429710906
9914,0.5060115309016219,1.2765094689952516
9915,0.45724698351424875,1.1436481435322068
9916,0.4404335626699392,1.1771190629422086
9917,0.4657008989343365,1.3825812588617639
9918,0.4843682869545464,1.132525122860103
9919,0.4411959734935205,1.0872288647207242
9920,0.475198962445398,1.3269684349448936
9921,0.48283537296415535,1.2597175558793892
9922,0.4375562555002935,0.9951595554074038
9923,0.509708159756892,1.2252200755100806
9924,0.4381716222438997,1.2160294761935484
9925,0.5309884646563854,1.2013386401157935
9926,0.5176864920310604,1.0086452960968018
9927,0.47512647480640596,0.9427169358846054
9928,0.4499460234514718,1.0175528422142694
9929,0.4881036287372552,0.9451267476220733
9930,0.5290675548095147,0.9695579328583283
9931,0.5177487181228342,0.903440250933749
9932,0.4881768840030559,1.312185480177981
9933,0.45586575408583707,1.4201880994352323
9934,0.4409127481354093,1.2624593232441874
9935,0.41499063633020644,1.838425743927076
9936,0.469797869330471,1.294124100393462
9937,0.4637224413816211,1.1312165370265257
9938,0.46542327409809076,1.253557373019098
9939,0.5133835696479649,1.0047843872922138
9940,0.49344227441306254,1.2377784639886282
9941,0.5251709315383318,1.5939036220022775
9942,0.4226081414708813,1.2102235509353934
9943,0.447308307133832,1.0328612211838508
9944,0.41841275049644766,1.0552610407755212
9945,0.4467561580602405,1.1500205634867104
9946,0.40494656447068,1.1576915655321287
9947,0.38467247928809195,1.241852613907416
9948,0.4669699324566184,1.122134214466058
9949,0.4274906423485395,1.325297164106832
9950,0.46354709782646697,1.2209977600180988
9951,0.5013433752708065,1.2681389809812156
9952,0.4621974225472478,1.1522601912322554
9953,0.420866491146458,1.041035866274417
9954,0.48221458046181687,1.0603030694341196
9955,0.4193836852763463,1.0186011455591442
9956,0.4412711204834355,1.0287641344718563
9957,0.41390579244465503,1.0775891999596532
9958,0.46868885373606267,1.3415035298727092
9959,0.4155412923942492,1.3427395855338828
9960,0.379956774051907,0.9654749249949038
9961,0.39928720992745703,0.9445948450310716
9962,0.45491044093104244,0.885044632606136
9963,0.43604884101349173,1.0247986166222582
9964,0.5020308702894785,0.9419016004766075
9965,0.5165795793811094,0.8978923107813863
9966,0.4992900091467552,0.900766498834184
9967,0.45621256978766433,1.0216385380735675
9968,0.4507843174980682,1.1017440302858075
9969,0.49082104326451864,0.9847126759371712
9970,0.42431788667313103,0.913144646917732
9971,0.460340083802788,1.1796124670112018
9972,0.4385325578809942,1.040053138455141
9973,0.40594552558602637,1.0170050824730141
9974,0.3868913471120075,0.8909712109750915
9975,0.41926374915734077,1.096409081255348
9976,0.4468715034642266,0.9761021519170224
9977,0.4376398082641722,0.9481046604878695
9978,0.4305509178383837,1.1483999479164197
9979,0.4961803844831522,1.2384852657040346
9980,0.4293725334324883,1.0483020133185155
9981,0.4491605506938638,1.1220175340337661
9982,0.4622003476596573,1.07541357313545
9983,0.5122117463824818,1.069818188264532
9984,0.47783417782737214,1.0052122618388204
9985,0.4445128921166207,1.1537164883706177
9986,0.4570784603507773,1.0944087910420686
9987,0.42979526693381154,1.2271200163850506
9988,0.44520996178238137,1.2213038379706225
9989,0.4890214939719265,1.2093551552411421
9990,0.4907504409840963,1.1331736520656104
9991,0.4083694080704624,1.010767874208469
9992,0.45480338462348124,1.189956013438771
9993,0.44440582307797033,1.308006380946891
9994,0.46981855937578143,1.5540206102491583
9995,0.47002472808060136,1.7562992179278032
9996,0.4955959673066741,1.9021595826426756
9997,0.46086983541840487,1.5314264413222527
9998,0.4769418844320242,1.5266788891218241
9999,0.44544351216658806,1.488387500776828
10000,0.37569538019235854,1.3859615823597584
