timestamp,architecture,cnn_layers,activation,regularizer,dropout,batch_norm,learning_rate,batch_size,n_epochs,optimizer,loss_function,train_size,dev_size,final_train_loss,final_dev_loss,best_dev_loss,best_epoch,notes
2025-12-01_18-47-46,"Model: ""Modular_1D_CNN_Model""
_________________________________________________________________
 Layer (type)                Output Shape              Param #   
=================================================================
 conv1d (Conv1D)             (None, 4624, 64)          320       
                                                                 
 batch_normalization (BatchN  (None, 4624, 64)         256       
 ormalization)                                                   
                                                                 
 max_pooling1d (MaxPooling1D  (None, 2312, 64)         0         
 )                                                               
                                                                 
 conv1d_1 (Conv1D)           (None, 2312, 64)          8256      
                                                                 
 batch_normalization_1 (Batc  (None, 2312, 64)         256       
 hNormalization)                                                 
                                                                 
 conv1d_2 (Conv1D)           (None, 2312, 64)          8256      
                                                                 
 batch_normalization_2 (Batc  (None, 2312, 64)         256       
 hNormalization)                                                 
                                                                 
 max_pooling1d_1 (MaxPooling  (None, 1156, 64)         0         
 1D)                                                             
                                                                 
 conv1d_3 (Conv1D)           (None, 1156, 64)          8256      
                                                                 
 batch_normalization_3 (Batc  (None, 1156, 64)         256       
 hNormalization)                                                 
                                                                 
 global_max_pooling1d (Globa  (None, 64)               0         
 lMaxPooling1D)                                                  
                                                                 
 dense (Dense)               (None, 64)                4160      
                                                                 
 dropout (Dropout)           (None, 64)                0         
                                                                 
 output (Dense)              (None, 2)                 130       
                                                                 
=================================================================
Total params: 30,402
Trainable params: 29,890
Non-trainable params: 512
_________________________________________________________________
","[1, 2, 4, 2]",relu,l2,0.2,TRUE,0.001,16,10000,Adam,mean_squared_error,556,80,0.005624,0.021184,0.014422,4767,N/A
2025-12-01_18-47-46,"Model: ""Modular_1D_CNN_Model""
_________________________________________________________________
 Layer (type)                Output Shape              Param #   
=================================================================
 conv1d (Conv1D)             (None, 4624, 64)          320       
                                                                 
 batch_normalization (BatchN  (None, 4624, 64)         256       
 ormalization)                                                   
                                                                 
 max_pooling1d (MaxPooling1D  (None, 2312, 64)         0         
 )                                                               
                                                                 
 conv1d_1 (Conv1D)           (None, 2312, 64)          8256      
                                                                 
 batch_normalization_1 (Batc  (None, 2312, 64)         256       
 hNormalization)                                                 
                                                                 
 conv1d_2 (Conv1D)           (None, 2312, 64)          8256      
                                                                 
 batch_normalization_2 (Batc  (None, 2312, 64)         256       
 hNormalization)                                                 
                                                                 
 max_pooling1d_1 (MaxPooling  (None, 1156, 64)         0         
 1D)                                                             
                                                                 
 conv1d_3 (Conv1D)           (None, 1156, 64)          8256      
                                                                 
 batch_normalization_3 (Batc  (None, 1156, 64)         256       
 hNormalization)                                                 
                                                                 
 global_max_pooling1d (Globa  (None, 64)               0         
 lMaxPooling1D)                                                  
                                                                 
 dense (Dense)               (None, 64)                4160      
                                                                 
 dropout (Dropout)           (None, 64)                0         
                                                                 
 output (Dense)              (None, 2)                 130       
                                                                 
=================================================================
Total params: 30,402
Trainable params: 29,890
Non-trainable params: 512
_________________________________________________________________
","[1, 2, 4, 2]",relu,l2,0.2,TRUE,0.001,16,10000,Adam,mean_squared_error,556,80,0.005624,0.021184,0.014422,4767,N/A
2025-12-01_19-47-00,"Model: ""Modular_1D_CNN_Model""
_________________________________________________________________
 Layer (type)                Output Shape              Param #   
=================================================================
 conv1d_4 (Conv1D)           (None, 4624, 64)          320       
                                                                 
 batch_normalization_4 (Batc  (None, 4624, 64)         256       
 hNormalization)                                                 
                                                                 
 max_pooling1d_2 (MaxPooling  (None, 1156, 64)         0         
 1D)                                                             
                                                                 
 conv1d_5 (Conv1D)           (None, 1156, 64)          8256      
                                                                 
 batch_normalization_5 (Batc  (None, 1156, 64)         256       
 hNormalization)                                                 
                                                                 
 conv1d_6 (Conv1D)           (None, 1156, 64)          8256      
                                                                 
 batch_normalization_6 (Batc  (None, 1156, 64)         256       
 hNormalization)                                                 
                                                                 
 max_pooling1d_3 (MaxPooling  (None, 289, 64)          0         
 1D)                                                             
                                                                 
 conv1d_7 (Conv1D)           (None, 289, 64)           8256      
                                                                 
 batch_normalization_7 (Batc  (None, 289, 64)          256       
 hNormalization)                                                 
                                                                 
 global_max_pooling1d_1 (Glo  (None, 64)               0         
 balMaxPooling1D)                                                
                                                                 
 dense_1 (Dense)             (None, 64)                4160      
                                                                 
 dropout_1 (Dropout)         (None, 64)                0         
                                                                 
 output (Dense)              (None, 2)                 130       
                                                                 
=================================================================
Total params: 30,402
Trainable params: 29,890
Non-trainable params: 512
_________________________________________________________________
","[1, 2, 4, 2]",relu,l2,0.2,TRUE,0.001,16,10000,Adam,mean_squared_error,556,80,0.004516,0.011799,0.005553,5380,N/A
2025-12-01_19-47-00,"Model: ""Modular_1D_CNN_Model""
_________________________________________________________________
 Layer (type)                Output Shape              Param #   
=================================================================
 conv1d_4 (Conv1D)           (None, 4624, 64)          320       
                                                                 
 batch_normalization_4 (Batc  (None, 4624, 64)         256       
 hNormalization)                                                 
                                                                 
 max_pooling1d_2 (MaxPooling  (None, 1156, 64)         0         
 1D)                                                             
                                                                 
 conv1d_5 (Conv1D)           (None, 1156, 64)          8256      
                                                                 
 batch_normalization_5 (Batc  (None, 1156, 64)         256       
 hNormalization)                                                 
                                                                 
 conv1d_6 (Conv1D)           (None, 1156, 64)          8256      
                                                                 
 batch_normalization_6 (Batc  (None, 1156, 64)         256       
 hNormalization)                                                 
                                                                 
 max_pooling1d_3 (MaxPooling  (None, 289, 64)          0         
 1D)                                                             
                                                                 
 conv1d_7 (Conv1D)           (None, 289, 64)           8256      
                                                                 
 batch_normalization_7 (Batc  (None, 289, 64)          256       
 hNormalization)                                                 
                                                                 
 global_max_pooling1d_1 (Glo  (None, 64)               0         
 balMaxPooling1D)                                                
                                                                 
 dense_1 (Dense)             (None, 64)                4160      
                                                                 
 dropout_1 (Dropout)         (None, 64)                0         
                                                                 
 output (Dense)              (None, 2)                 130       
                                                                 
=================================================================
Total params: 30,402
Trainable params: 29,890
Non-trainable params: 512
_________________________________________________________________
","[1, 2, 4, 2]",relu,l2,0.2,TRUE,0.001,16,10000,Adam,mean_squared_error,556,80,0.004516,0.011799,0.005553,5380,N/A
2025-12-01_20-45-08,"Model: ""Modular_1D_CNN_Model""
_________________________________________________________________
 Layer (type)                Output Shape              Param #   
=================================================================
 conv1d_8 (Conv1D)           (None, 4624, 64)          320       
                                                                 
 batch_normalization_8 (Batc  (None, 4624, 64)         256       
 hNormalization)                                                 
                                                                 
 max_pooling1d_4 (MaxPooling  (None, 578, 64)          0         
 1D)                                                             
                                                                 
 conv1d_9 (Conv1D)           (None, 578, 64)           8256      
                                                                 
 batch_normalization_9 (Batc  (None, 578, 64)          256       
 hNormalization)                                                 
                                                                 
 conv1d_10 (Conv1D)          (None, 578, 64)           8256      
                                                                 
 batch_normalization_10 (Bat  (None, 578, 64)          256       
 chNormalization)                                                
                                                                 
 max_pooling1d_5 (MaxPooling  (None, 72, 64)           0         
 1D)                                                             
                                                                 
 conv1d_11 (Conv1D)          (None, 72, 64)            8256      
                                                                 
 batch_normalization_11 (Bat  (None, 72, 64)           256       
 chNormalization)                                                
                                                                 
 global_max_pooling1d_2 (Glo  (None, 64)               0         
 balMaxPooling1D)                                                
                                                                 
 dense_2 (Dense)             (None, 64)                4160      
                                                                 
 dropout_2 (Dropout)         (None, 64)                0         
                                                                 
 output (Dense)              (None, 2)                 130       
                                                                 
=================================================================
Total params: 30,402
Trainable params: 29,890
Non-trainable params: 512
_________________________________________________________________
","[1, 2, 4, 2]",relu,l2,0.2,TRUE,0.001,16,10000,Adam,mean_squared_error,556,80,0.004444,0.01098,0.005559,5521,N/A
2025-12-01_20-45-08,"Model: ""Modular_1D_CNN_Model""
_________________________________________________________________
 Layer (type)                Output Shape              Param #   
=================================================================
 conv1d_8 (Conv1D)           (None, 4624, 64)          320       
                                                                 
 batch_normalization_8 (Batc  (None, 4624, 64)         256       
 hNormalization)                                                 
                                                                 
 max_pooling1d_4 (MaxPooling  (None, 578, 64)          0         
 1D)                                                             
                                                                 
 conv1d_9 (Conv1D)           (None, 578, 64)           8256      
                                                                 
 batch_normalization_9 (Batc  (None, 578, 64)          256       
 hNormalization)                                                 
                                                                 
 conv1d_10 (Conv1D)          (None, 578, 64)           8256      
                                                                 
 batch_normalization_10 (Bat  (None, 578, 64)          256       
 chNormalization)                                                
                                                                 
 max_pooling1d_5 (MaxPooling  (None, 72, 64)           0         
 1D)                                                             
                                                                 
 conv1d_11 (Conv1D)          (None, 72, 64)            8256      
                                                                 
 batch_normalization_11 (Bat  (None, 72, 64)           256       
 chNormalization)                                                
                                                                 
 global_max_pooling1d_2 (Glo  (None, 64)               0         
 balMaxPooling1D)                                                
                                                                 
 dense_2 (Dense)             (None, 64)                4160      
                                                                 
 dropout_2 (Dropout)         (None, 64)                0         
                                                                 
 output (Dense)              (None, 2)                 130       
                                                                 
=================================================================
Total params: 30,402
Trainable params: 29,890
Non-trainable params: 512
_________________________________________________________________
","[1, 2, 4, 2]",relu,l2,0.2,TRUE,0.001,16,10000,Adam,mean_squared_error,556,80,0.004444,0.01098,0.005559,5521,N/A
2025-12-02_11-44-17,"Model: ""Modular_1D_CNN_Model""
_________________________________________________________________
 Layer (type)                Output Shape              Param #   
=================================================================
 conv1d (Conv1D)             (None, 4624, 64)          320       
                                                                 
 batch_normalization (BatchN  (None, 4624, 64)         256       
 ormalization)                                                   
                                                                 
 max_pooling1d (MaxPooling1D  (None, 2312, 64)         0         
 )                                                               
                                                                 
 conv1d_1 (Conv1D)           (None, 2312, 64)          8256      
                                                                 
 batch_normalization_1 (Batc  (None, 2312, 64)         256       
 hNormalization)                                                 
                                                                 
 conv1d_2 (Conv1D)           (None, 2312, 64)          8256      
                                                                 
 batch_normalization_2 (Batc  (None, 2312, 64)         256       
 hNormalization)                                                 
                                                                 
 max_pooling1d_1 (MaxPooling  (None, 1156, 64)         0         
 1D)                                                             
                                                                 
 conv1d_3 (Conv1D)           (None, 1156, 64)          8256      
                                                                 
 batch_normalization_3 (Batc  (None, 1156, 64)         256       
 hNormalization)                                                 
                                                                 
 max_pooling1d_2 (MaxPooling  (None, 578, 64)          0         
 1D)                                                             
                                                                 
 conv1d_4 (Conv1D)           (None, 578, 64)           8256      
                                                                 
 batch_normalization_4 (Batc  (None, 578, 64)          256       
 hNormalization)                                                 
                                                                 
 max_pooling1d_3 (MaxPooling  (None, 289, 64)          0         
 1D)                                                             
                                                                 
 conv1d_5 (Conv1D)           (None, 289, 64)           8256      
                                                                 
 batch_normalization_5 (Batc  (None, 289, 64)          256       
 hNormalization)                                                 
                                                                 
 max_pooling1d_4 (MaxPooling  (None, 144, 64)          0         
 1D)                                                             
                                                                 
 conv1d_6 (Conv1D)           (None, 144, 64)           8256      
                                                                 
 batch_normalization_6 (Batc  (None, 144, 64)          256       
 hNormalization)                                                 
                                                                 
 max_pooling1d_5 (MaxPooling  (None, 72, 64)           0         
 1D)                                                             
                                                                 
 conv1d_7 (Conv1D)           (None, 72, 64)            8256      
                                                                 
 batch_normalization_7 (Batc  (None, 72, 64)           256       
 hNormalization)                                                 
                                                                 
 global_max_pooling1d (Globa  (None, 64)               0         
 lMaxPooling1D)                                                  
                                                                 
 dense (Dense)               (None, 64)                4160      
                                                                 
 dropout (Dropout)           (None, 64)                0         
                                                                 
 output (Dense)              (None, 2)                 130       
                                                                 
=================================================================
Total params: 64,450
Trainable params: 63,426
Non-trainable params: 1,024
_________________________________________________________________
","[1, 2, 4, 8, 16, 8, 4, 2]",relu,l2,0.2,TRUE,0.001,16,10000,Adam,mean_squared_error,556,80,0.005439,0.025323,0.0055,7339,N/A
2025-12-02_11-44-17,"Model: ""Modular_1D_CNN_Model""
_________________________________________________________________
 Layer (type)                Output Shape              Param #   
=================================================================
 conv1d (Conv1D)             (None, 4624, 64)          320       
                                                                 
 batch_normalization (BatchN  (None, 4624, 64)         256       
 ormalization)                                                   
                                                                 
 max_pooling1d (MaxPooling1D  (None, 2312, 64)         0         
 )                                                               
                                                                 
 conv1d_1 (Conv1D)           (None, 2312, 64)          8256      
                                                                 
 batch_normalization_1 (Batc  (None, 2312, 64)         256       
 hNormalization)                                                 
                                                                 
 conv1d_2 (Conv1D)           (None, 2312, 64)          8256      
                                                                 
 batch_normalization_2 (Batc  (None, 2312, 64)         256       
 hNormalization)                                                 
                                                                 
 max_pooling1d_1 (MaxPooling  (None, 1156, 64)         0         
 1D)                                                             
                                                                 
 conv1d_3 (Conv1D)           (None, 1156, 64)          8256      
                                                                 
 batch_normalization_3 (Batc  (None, 1156, 64)         256       
 hNormalization)                                                 
                                                                 
 max_pooling1d_2 (MaxPooling  (None, 578, 64)          0         
 1D)                                                             
                                                                 
 conv1d_4 (Conv1D)           (None, 578, 64)           8256      
                                                                 
 batch_normalization_4 (Batc  (None, 578, 64)          256       
 hNormalization)                                                 
                                                                 
 max_pooling1d_3 (MaxPooling  (None, 289, 64)          0         
 1D)                                                             
                                                                 
 conv1d_5 (Conv1D)           (None, 289, 64)           8256      
                                                                 
 batch_normalization_5 (Batc  (None, 289, 64)          256       
 hNormalization)                                                 
                                                                 
 max_pooling1d_4 (MaxPooling  (None, 144, 64)          0         
 1D)                                                             
                                                                 
 conv1d_6 (Conv1D)           (None, 144, 64)           8256      
                                                                 
 batch_normalization_6 (Batc  (None, 144, 64)          256       
 hNormalization)                                                 
                                                                 
 max_pooling1d_5 (MaxPooling  (None, 72, 64)           0         
 1D)                                                             
                                                                 
 conv1d_7 (Conv1D)           (None, 72, 64)            8256      
                                                                 
 batch_normalization_7 (Batc  (None, 72, 64)           256       
 hNormalization)                                                 
                                                                 
 global_max_pooling1d (Globa  (None, 64)               0         
 lMaxPooling1D)                                                  
                                                                 
 dense (Dense)               (None, 64)                4160      
                                                                 
 dropout (Dropout)           (None, 64)                0         
                                                                 
 output (Dense)              (None, 2)                 130       
                                                                 
=================================================================
Total params: 64,450
Trainable params: 63,426
Non-trainable params: 1,024
_________________________________________________________________
","[1, 2, 4, 8, 16, 8, 4, 2]",relu,l2,0.2,TRUE,0.001,16,10000,Adam,mean_squared_error,556,80,0.005439,0.025323,0.0055,7339,N/A
2025-12-02_13-13-01,"Model: ""Modular_1D_CNN_Model""
_________________________________________________________________
 Layer (type)                Output Shape              Param #   
=================================================================
 conv1d_8 (Conv1D)           (None, 4624, 64)          320       
                                                                 
 batch_normalization_8 (Batc  (None, 4624, 64)         256       
 hNormalization)                                                 
                                                                 
 max_pooling1d_6 (MaxPooling  (None, 1156, 64)         0         
 1D)                                                             
                                                                 
 conv1d_9 (Conv1D)           (None, 1156, 64)          8256      
                                                                 
 batch_normalization_9 (Batc  (None, 1156, 64)         256       
 hNormalization)                                                 
                                                                 
 conv1d_10 (Conv1D)          (None, 1156, 64)          8256      
                                                                 
 batch_normalization_10 (Bat  (None, 1156, 64)         256       
 chNormalization)                                                
                                                                 
 max_pooling1d_7 (MaxPooling  (None, 289, 64)          0         
 1D)                                                             
                                                                 
 conv1d_11 (Conv1D)          (None, 289, 64)           8256      
                                                                 
 batch_normalization_11 (Bat  (None, 289, 64)          256       
 chNormalization)                                                
                                                                 
 max_pooling1d_8 (MaxPooling  (None, 72, 64)           0         
 1D)                                                             
                                                                 
 conv1d_12 (Conv1D)          (None, 72, 64)            8256      
                                                                 
 batch_normalization_12 (Bat  (None, 72, 64)           256       
 chNormalization)                                                
                                                                 
 max_pooling1d_9 (MaxPooling  (None, 18, 64)           0         
 1D)                                                             
                                                                 
 conv1d_13 (Conv1D)          (None, 18, 64)            8256      
                                                                 
 batch_normalization_13 (Bat  (None, 18, 64)           256       
 chNormalization)                                                
                                                                 
 max_pooling1d_10 (MaxPoolin  (None, 4, 64)            0         
 g1D)                                                            
                                                                 
 conv1d_14 (Conv1D)          (None, 4, 64)             8256      
                                                                 
 batch_normalization_14 (Bat  (None, 4, 64)            256       
 chNormalization)                                                
                                                                 
 max_pooling1d_11 (MaxPoolin  (None, 1, 64)            0         
 g1D)                                                            
                                                                 
 conv1d_15 (Conv1D)          (None, 1, 64)             8256      
                                                                 
 batch_normalization_15 (Bat  (None, 1, 64)            256       
 chNormalization)                                                
                                                                 
 global_max_pooling1d_1 (Glo  (None, 64)               0         
 balMaxPooling1D)                                                
                                                                 
 dense_1 (Dense)             (None, 64)                4160      
                                                                 
 dropout_1 (Dropout)         (None, 64)                0         
                                                                 
 output (Dense)              (None, 2)                 130       
                                                                 
=================================================================
Total params: 64,450
Trainable params: 63,426
Non-trainable params: 1,024
_________________________________________________________________
","[1, 2, 4, 8, 16, 8, 4, 2]",relu,l2,0.2,TRUE,0.001,16,10000,Adam,mean_squared_error,556,80,0.082778,0.089685,0.089553,32,N/A
2025-12-02_13-13-01,"Model: ""Modular_1D_CNN_Model""
_________________________________________________________________
 Layer (type)                Output Shape              Param #   
=================================================================
 conv1d_8 (Conv1D)           (None, 4624, 64)          320       
                                                                 
 batch_normalization_8 (Batc  (None, 4624, 64)         256       
 hNormalization)                                                 
                                                                 
 max_pooling1d_6 (MaxPooling  (None, 1156, 64)         0         
 1D)                                                             
                                                                 
 conv1d_9 (Conv1D)           (None, 1156, 64)          8256      
                                                                 
 batch_normalization_9 (Batc  (None, 1156, 64)         256       
 hNormalization)                                                 
                                                                 
 conv1d_10 (Conv1D)          (None, 1156, 64)          8256      
                                                                 
 batch_normalization_10 (Bat  (None, 1156, 64)         256       
 chNormalization)                                                
                                                                 
 max_pooling1d_7 (MaxPooling  (None, 289, 64)          0         
 1D)                                                             
                                                                 
 conv1d_11 (Conv1D)          (None, 289, 64)           8256      
                                                                 
 batch_normalization_11 (Bat  (None, 289, 64)          256       
 chNormalization)                                                
                                                                 
 max_pooling1d_8 (MaxPooling  (None, 72, 64)           0         
 1D)                                                             
                                                                 
 conv1d_12 (Conv1D)          (None, 72, 64)            8256      
                                                                 
 batch_normalization_12 (Bat  (None, 72, 64)           256       
 chNormalization)                                                
                                                                 
 max_pooling1d_9 (MaxPooling  (None, 18, 64)           0         
 1D)                                                             
                                                                 
 conv1d_13 (Conv1D)          (None, 18, 64)            8256      
                                                                 
 batch_normalization_13 (Bat  (None, 18, 64)           256       
 chNormalization)                                                
                                                                 
 max_pooling1d_10 (MaxPoolin  (None, 4, 64)            0         
 g1D)                                                            
                                                                 
 conv1d_14 (Conv1D)          (None, 4, 64)             8256      
                                                                 
 batch_normalization_14 (Bat  (None, 4, 64)            256       
 chNormalization)                                                
                                                                 
 max_pooling1d_11 (MaxPoolin  (None, 1, 64)            0         
 g1D)                                                            
                                                                 
 conv1d_15 (Conv1D)          (None, 1, 64)             8256      
                                                                 
 batch_normalization_15 (Bat  (None, 1, 64)            256       
 chNormalization)                                                
                                                                 
 global_max_pooling1d_1 (Glo  (None, 64)               0         
 balMaxPooling1D)                                                
                                                                 
 dense_1 (Dense)             (None, 64)                4160      
                                                                 
 dropout_1 (Dropout)         (None, 64)                0         
                                                                 
 output (Dense)              (None, 2)                 130       
                                                                 
=================================================================
Total params: 64,450
Trainable params: 63,426
Non-trainable params: 1,024
_________________________________________________________________
","[1, 2, 4, 8, 16, 8, 4, 2]",relu,l2,0.2,TRUE,0.001,16,10000,Adam,mean_squared_error,556,80,0.082778,0.089685,0.089553,32,N/A
2025-12-02_01-53-05,"Model: ""Modular_1D_CNN_Model""
_________________________________________________________________
 Layer (type)                Output Shape              Param #   
=================================================================
 conv1d_30 (Conv1D)          (None, 4624, 64)          320       
                                                                 
 batch_normalization_30 (Bat  (None, 4624, 64)         256       
 chNormalization)                                                
                                                                 
 max_pooling1d_18 (MaxPoolin  (None, 2312, 64)         0         
 g1D)                                                            
                                                                 
 conv1d_31 (Conv1D)          (None, 2312, 64)          8256      
                                                                 
 batch_normalization_31 (Bat  (None, 2312, 64)         256       
 chNormalization)                                                
                                                                 
 max_pooling1d_19 (MaxPoolin  (None, 1156, 64)         0         
 g1D)                                                            
                                                                 
 conv1d_32 (Conv1D)          (None, 1156, 64)          8256      
                                                                 
 batch_normalization_32 (Bat  (None, 1156, 64)         256       
 chNormalization)                                                
                                                                 
 conv1d_33 (Conv1D)          (None, 1156, 64)          8256      
                                                                 
 batch_normalization_33 (Bat  (None, 1156, 64)         256       
 chNormalization)                                                
                                                                 
 max_pooling1d_20 (MaxPoolin  (None, 578, 64)          0         
 g1D)                                                            
                                                                 
 conv1d_34 (Conv1D)          (None, 578, 64)           8256      
                                                                 
 batch_normalization_34 (Bat  (None, 578, 64)          256       
 chNormalization)                                                
                                                                 
 max_pooling1d_21 (MaxPoolin  (None, 289, 64)          0         
 g1D)                                                            
                                                                 
 conv1d_35 (Conv1D)          (None, 289, 64)           8256      
                                                                 
 batch_normalization_35 (Bat  (None, 289, 64)          256       
 chNormalization)                                                
                                                                 
 max_pooling1d_22 (MaxPoolin  (None, 144, 64)          0         
 g1D)                                                            
                                                                 
 conv1d_36 (Conv1D)          (None, 144, 64)           8256      
                                                                 
 batch_normalization_36 (Bat  (None, 144, 64)          256       
 chNormalization)                                                
                                                                 
 global_max_pooling1d_6 (Glo  (None, 64)               0         
 balMaxPooling1D)                                                
                                                                 
 dense_6 (Dense)             (None, 64)                4160      
                                                                 
 dropout_6 (Dropout)         (None, 64)                0         
                                                                 
 output (Dense)              (None, 2)                 130       
                                                                 
=================================================================
Total params: 55,938
Trainable params: 55,042
Non-trainable params: 896
_________________________________________________________________
","[1, 2, 4, 8, 16, 8, 4]",relu,l2,0.2,TRUE,0.001,16,10000,Adam,mean_squared_error,556,80,0.005046,0.013004,0.004526,9100,N/A
2025-12-02_01-53-06,"Model: ""Modular_1D_CNN_Model""
_________________________________________________________________
 Layer (type)                Output Shape              Param #   
=================================================================
 conv1d_30 (Conv1D)          (None, 4624, 64)          320       
                                                                 
 batch_normalization_30 (Bat  (None, 4624, 64)         256       
 chNormalization)                                                
                                                                 
 max_pooling1d_18 (MaxPoolin  (None, 2312, 64)         0         
 g1D)                                                            
                                                                 
 conv1d_31 (Conv1D)          (None, 2312, 64)          8256      
                                                                 
 batch_normalization_31 (Bat  (None, 2312, 64)         256       
 chNormalization)                                                
                                                                 
 max_pooling1d_19 (MaxPoolin  (None, 1156, 64)         0         
 g1D)                                                            
                                                                 
 conv1d_32 (Conv1D)          (None, 1156, 64)          8256      
                                                                 
 batch_normalization_32 (Bat  (None, 1156, 64)         256       
 chNormalization)                                                
                                                                 
 conv1d_33 (Conv1D)          (None, 1156, 64)          8256      
                                                                 
 batch_normalization_33 (Bat  (None, 1156, 64)         256       
 chNormalization)                                                
                                                                 
 max_pooling1d_20 (MaxPoolin  (None, 578, 64)          0         
 g1D)                                                            
                                                                 
 conv1d_34 (Conv1D)          (None, 578, 64)           8256      
                                                                 
 batch_normalization_34 (Bat  (None, 578, 64)          256       
 chNormalization)                                                
                                                                 
 max_pooling1d_21 (MaxPoolin  (None, 289, 64)          0         
 g1D)                                                            
                                                                 
 conv1d_35 (Conv1D)          (None, 289, 64)           8256      
                                                                 
 batch_normalization_35 (Bat  (None, 289, 64)          256       
 chNormalization)                                                
                                                                 
 max_pooling1d_22 (MaxPoolin  (None, 144, 64)          0         
 g1D)                                                            
                                                                 
 conv1d_36 (Conv1D)          (None, 144, 64)           8256      
                                                                 
 batch_normalization_36 (Bat  (None, 144, 64)          256       
 chNormalization)                                                
                                                                 
 global_max_pooling1d_6 (Glo  (None, 64)               0         
 balMaxPooling1D)                                                
                                                                 
 dense_6 (Dense)             (None, 64)                4160      
                                                                 
 dropout_6 (Dropout)         (None, 64)                0         
                                                                 
 output (Dense)              (None, 2)                 130       
                                                                 
=================================================================
Total params: 55,938
Trainable params: 55,042
Non-trainable params: 896
_________________________________________________________________
","[1, 2, 4, 8, 16, 8, 4]",relu,l2,0.2,TRUE,0.001,16,10000,Adam,mean_squared_error,556,80,0.005046,0.013004,0.004526,9100,N/A
2025-12-02_03-14-11,"Model: ""Modular_1D_CNN_Model""
_________________________________________________________________
 Layer (type)                Output Shape              Param #   
=================================================================
 conv1d_37 (Conv1D)          (None, 4624, 64)          320       
                                                                 
 batch_normalization_37 (Bat  (None, 4624, 64)         256       
 chNormalization)                                                
                                                                 
 max_pooling1d_23 (MaxPoolin  (None, 1156, 64)         0         
 g1D)                                                            
                                                                 
 conv1d_38 (Conv1D)          (None, 1156, 64)          8256      
                                                                 
 batch_normalization_38 (Bat  (None, 1156, 64)         256       
 chNormalization)                                                
                                                                 
 max_pooling1d_24 (MaxPoolin  (None, 289, 64)          0         
 g1D)                                                            
                                                                 
 conv1d_39 (Conv1D)          (None, 289, 64)           8256      
                                                                 
 batch_normalization_39 (Bat  (None, 289, 64)          256       
 chNormalization)                                                
                                                                 
 conv1d_40 (Conv1D)          (None, 289, 64)           8256      
                                                                 
 batch_normalization_40 (Bat  (None, 289, 64)          256       
 chNormalization)                                                
                                                                 
 max_pooling1d_25 (MaxPoolin  (None, 72, 64)           0         
 g1D)                                                            
                                                                 
 conv1d_41 (Conv1D)          (None, 72, 64)            8256      
                                                                 
 batch_normalization_41 (Bat  (None, 72, 64)           256       
 chNormalization)                                                
                                                                 
 max_pooling1d_26 (MaxPoolin  (None, 18, 64)           0         
 g1D)                                                            
                                                                 
 conv1d_42 (Conv1D)          (None, 18, 64)            8256      
                                                                 
 batch_normalization_42 (Bat  (None, 18, 64)           256       
 chNormalization)                                                
                                                                 
 max_pooling1d_27 (MaxPoolin  (None, 4, 64)            0         
 g1D)                                                            
                                                                 
 conv1d_43 (Conv1D)          (None, 4, 64)             8256      
                                                                 
 batch_normalization_43 (Bat  (None, 4, 64)            256       
 chNormalization)                                                
                                                                 
 global_max_pooling1d_7 (Glo  (None, 64)               0         
 balMaxPooling1D)                                                
                                                                 
 dense_7 (Dense)             (None, 64)                4160      
                                                                 
 dropout_7 (Dropout)         (None, 64)                0         
                                                                 
 output (Dense)              (None, 2)                 130       
                                                                 
=================================================================
Total params: 55,938
Trainable params: 55,042
Non-trainable params: 896
_________________________________________________________________
","[1, 2, 4, 8, 16, 8, 4]",relu,l2,0.2,TRUE,0.001,16,10000,Adam,mean_squared_error,556,80,0.005671,0.016432,0.005307,7062,N/A
2025-12-02_03-14-11,"Model: ""Modular_1D_CNN_Model""
_________________________________________________________________
 Layer (type)                Output Shape              Param #   
=================================================================
 conv1d_37 (Conv1D)          (None, 4624, 64)          320       
                                                                 
 batch_normalization_37 (Bat  (None, 4624, 64)         256       
 chNormalization)                                                
                                                                 
 max_pooling1d_23 (MaxPoolin  (None, 1156, 64)         0         
 g1D)                                                            
                                                                 
 conv1d_38 (Conv1D)          (None, 1156, 64)          8256      
                                                                 
 batch_normalization_38 (Bat  (None, 1156, 64)         256       
 chNormalization)                                                
                                                                 
 max_pooling1d_24 (MaxPoolin  (None, 289, 64)          0         
 g1D)                                                            
                                                                 
 conv1d_39 (Conv1D)          (None, 289, 64)           8256      
                                                                 
 batch_normalization_39 (Bat  (None, 289, 64)          256       
 chNormalization)                                                
                                                                 
 conv1d_40 (Conv1D)          (None, 289, 64)           8256      
                                                                 
 batch_normalization_40 (Bat  (None, 289, 64)          256       
 chNormalization)                                                
                                                                 
 max_pooling1d_25 (MaxPoolin  (None, 72, 64)           0         
 g1D)                                                            
                                                                 
 conv1d_41 (Conv1D)          (None, 72, 64)            8256      
                                                                 
 batch_normalization_41 (Bat  (None, 72, 64)           256       
 chNormalization)                                                
                                                                 
 max_pooling1d_26 (MaxPoolin  (None, 18, 64)           0         
 g1D)                                                            
                                                                 
 conv1d_42 (Conv1D)          (None, 18, 64)            8256      
                                                                 
 batch_normalization_42 (Bat  (None, 18, 64)           256       
 chNormalization)                                                
                                                                 
 max_pooling1d_27 (MaxPoolin  (None, 4, 64)            0         
 g1D)                                                            
                                                                 
 conv1d_43 (Conv1D)          (None, 4, 64)             8256      
                                                                 
 batch_normalization_43 (Bat  (None, 4, 64)            256       
 chNormalization)                                                
                                                                 
 global_max_pooling1d_7 (Glo  (None, 64)               0         
 balMaxPooling1D)                                                
                                                                 
 dense_7 (Dense)             (None, 64)                4160      
                                                                 
 dropout_7 (Dropout)         (None, 64)                0         
                                                                 
 output (Dense)              (None, 2)                 130       
                                                                 
=================================================================
Total params: 55,938
Trainable params: 55,042
Non-trainable params: 896
_________________________________________________________________
","[1, 2, 4, 8, 16, 8, 4]",relu,l2,0.2,TRUE,0.001,16,10000,Adam,mean_squared_error,556,80,0.005671,0.016432,0.005307,7062,N/A
2025-12-01_22-02-30,"Model: ""Modular_1D_CNN_Model""
_________________________________________________________________
 Layer (type)                Output Shape              Param #   
=================================================================
 conv1d_12 (Conv1D)          (None, 4624, 64)          320       
                                                                 
 batch_normalization_12 (Bat  (None, 4624, 64)         256       
 chNormalization)                                                
                                                                 
 max_pooling1d_6 (MaxPooling  (None, 2312, 64)         0         
 1D)                                                             
                                                                 
 conv1d_13 (Conv1D)          (None, 2312, 64)          8256      
                                                                 
 batch_normalization_13 (Bat  (None, 2312, 64)         256       
 chNormalization)                                                
                                                                 
 max_pooling1d_7 (MaxPooling  (None, 1156, 64)         0         
 1D)                                                             
                                                                 
 conv1d_14 (Conv1D)          (None, 1156, 64)          8256      
                                                                 
 batch_normalization_14 (Bat  (None, 1156, 64)         256       
 chNormalization)                                                
                                                                 
 max_pooling1d_8 (MaxPooling  (None, 578, 64)          0         
 1D)                                                             
                                                                 
 conv1d_15 (Conv1D)          (None, 578, 64)           8256      
                                                                 
 batch_normalization_15 (Bat  (None, 578, 64)          256       
 chNormalization)                                                
                                                                 
 conv1d_16 (Conv1D)          (None, 578, 64)           8256      
                                                                 
 batch_normalization_16 (Bat  (None, 578, 64)          256       
 chNormalization)                                                
                                                                 
 max_pooling1d_9 (MaxPooling  (None, 289, 64)          0         
 1D)                                                             
                                                                 
 conv1d_17 (Conv1D)          (None, 289, 64)           8256      
                                                                 
 batch_normalization_17 (Bat  (None, 289, 64)          256       
 chNormalization)                                                
                                                                 
 global_max_pooling1d_3 (Glo  (None, 64)               0         
 balMaxPooling1D)                                                
                                                                 
 dense_3 (Dense)             (None, 64)                4160      
                                                                 
 dropout_3 (Dropout)         (None, 64)                0         
                                                                 
 output (Dense)              (None, 2)                 130       
                                                                 
=================================================================
Total params: 47,426
Trainable params: 46,658
Non-trainable params: 768
_________________________________________________________________
","[1, 2, 4, 8, 16, 8]",relu,l2,0.2,TRUE,0.001,16,10000,Adam,mean_squared_error,556,80,0.004327,0.011258,0.004953,3235,N/A
2025-12-01_22-02-31,"Model: ""Modular_1D_CNN_Model""
_________________________________________________________________
 Layer (type)                Output Shape              Param #   
=================================================================
 conv1d_12 (Conv1D)          (None, 4624, 64)          320       
                                                                 
 batch_normalization_12 (Bat  (None, 4624, 64)         256       
 chNormalization)                                                
                                                                 
 max_pooling1d_6 (MaxPooling  (None, 2312, 64)         0         
 1D)                                                             
                                                                 
 conv1d_13 (Conv1D)          (None, 2312, 64)          8256      
                                                                 
 batch_normalization_13 (Bat  (None, 2312, 64)         256       
 chNormalization)                                                
                                                                 
 max_pooling1d_7 (MaxPooling  (None, 1156, 64)         0         
 1D)                                                             
                                                                 
 conv1d_14 (Conv1D)          (None, 1156, 64)          8256      
                                                                 
 batch_normalization_14 (Bat  (None, 1156, 64)         256       
 chNormalization)                                                
                                                                 
 max_pooling1d_8 (MaxPooling  (None, 578, 64)          0         
 1D)                                                             
                                                                 
 conv1d_15 (Conv1D)          (None, 578, 64)           8256      
                                                                 
 batch_normalization_15 (Bat  (None, 578, 64)          256       
 chNormalization)                                                
                                                                 
 conv1d_16 (Conv1D)          (None, 578, 64)           8256      
                                                                 
 batch_normalization_16 (Bat  (None, 578, 64)          256       
 chNormalization)                                                
                                                                 
 max_pooling1d_9 (MaxPooling  (None, 289, 64)          0         
 1D)                                                             
                                                                 
 conv1d_17 (Conv1D)          (None, 289, 64)           8256      
                                                                 
 batch_normalization_17 (Bat  (None, 289, 64)          256       
 chNormalization)                                                
                                                                 
 global_max_pooling1d_3 (Glo  (None, 64)               0         
 balMaxPooling1D)                                                
                                                                 
 dense_3 (Dense)             (None, 64)                4160      
                                                                 
 dropout_3 (Dropout)         (None, 64)                0         
                                                                 
 output (Dense)              (None, 2)                 130       
                                                                 
=================================================================
Total params: 47,426
Trainable params: 46,658
Non-trainable params: 768
_________________________________________________________________
","[1, 2, 4, 8, 16, 8]",relu,l2,0.2,TRUE,0.001,16,10000,Adam,mean_squared_error,556,80,0.004327,0.011258,0.004953,3235,N/A
2025-12-01_23-16-01,"Model: ""Modular_1D_CNN_Model""
_________________________________________________________________
 Layer (type)                Output Shape              Param #   
=================================================================
 conv1d_18 (Conv1D)          (None, 4624, 64)          320       
                                                                 
 batch_normalization_18 (Bat  (None, 4624, 64)         256       
 chNormalization)                                                
                                                                 
 max_pooling1d_10 (MaxPoolin  (None, 1156, 64)         0         
 g1D)                                                            
                                                                 
 conv1d_19 (Conv1D)          (None, 1156, 64)          8256      
                                                                 
 batch_normalization_19 (Bat  (None, 1156, 64)         256       
 chNormalization)                                                
                                                                 
 max_pooling1d_11 (MaxPoolin  (None, 289, 64)          0         
 g1D)                                                            
                                                                 
 conv1d_20 (Conv1D)          (None, 289, 64)           8256      
                                                                 
 batch_normalization_20 (Bat  (None, 289, 64)          256       
 chNormalization)                                                
                                                                 
 max_pooling1d_12 (MaxPoolin  (None, 72, 64)           0         
 g1D)                                                            
                                                                 
 conv1d_21 (Conv1D)          (None, 72, 64)            8256      
                                                                 
 batch_normalization_21 (Bat  (None, 72, 64)           256       
 chNormalization)                                                
                                                                 
 conv1d_22 (Conv1D)          (None, 72, 64)            8256      
                                                                 
 batch_normalization_22 (Bat  (None, 72, 64)           256       
 chNormalization)                                                
                                                                 
 max_pooling1d_13 (MaxPoolin  (None, 18, 64)           0         
 g1D)                                                            
                                                                 
 conv1d_23 (Conv1D)          (None, 18, 64)            8256      
                                                                 
 batch_normalization_23 (Bat  (None, 18, 64)           256       
 chNormalization)                                                
                                                                 
 global_max_pooling1d_4 (Glo  (None, 64)               0         
 balMaxPooling1D)                                                
                                                                 
 dense_4 (Dense)             (None, 64)                4160      
                                                                 
 dropout_4 (Dropout)         (None, 64)                0         
                                                                 
 output (Dense)              (None, 2)                 130       
                                                                 
=================================================================
Total params: 47,426
Trainable params: 46,658
Non-trainable params: 768
_________________________________________________________________
","[1, 2, 4, 8, 16, 8]",relu,l2,0.2,TRUE,0.001,16,10000,Adam,mean_squared_error,556,80,0.004923,0.013773,0.006186,1544,N/A
2025-12-01_23-16-01,"Model: ""Modular_1D_CNN_Model""
_________________________________________________________________
 Layer (type)                Output Shape              Param #   
=================================================================
 conv1d_18 (Conv1D)          (None, 4624, 64)          320       
                                                                 
 batch_normalization_18 (Bat  (None, 4624, 64)         256       
 chNormalization)                                                
                                                                 
 max_pooling1d_10 (MaxPoolin  (None, 1156, 64)         0         
 g1D)                                                            
                                                                 
 conv1d_19 (Conv1D)          (None, 1156, 64)          8256      
                                                                 
 batch_normalization_19 (Bat  (None, 1156, 64)         256       
 chNormalization)                                                
                                                                 
 max_pooling1d_11 (MaxPoolin  (None, 289, 64)          0         
 g1D)                                                            
                                                                 
 conv1d_20 (Conv1D)          (None, 289, 64)           8256      
                                                                 
 batch_normalization_20 (Bat  (None, 289, 64)          256       
 chNormalization)                                                
                                                                 
 max_pooling1d_12 (MaxPoolin  (None, 72, 64)           0         
 g1D)                                                            
                                                                 
 conv1d_21 (Conv1D)          (None, 72, 64)            8256      
                                                                 
 batch_normalization_21 (Bat  (None, 72, 64)           256       
 chNormalization)                                                
                                                                 
 conv1d_22 (Conv1D)          (None, 72, 64)            8256      
                                                                 
 batch_normalization_22 (Bat  (None, 72, 64)           256       
 chNormalization)                                                
                                                                 
 max_pooling1d_13 (MaxPoolin  (None, 18, 64)           0         
 g1D)                                                            
                                                                 
 conv1d_23 (Conv1D)          (None, 18, 64)            8256      
                                                                 
 batch_normalization_23 (Bat  (None, 18, 64)           256       
 chNormalization)                                                
                                                                 
 global_max_pooling1d_4 (Glo  (None, 64)               0         
 balMaxPooling1D)                                                
                                                                 
 dense_4 (Dense)             (None, 64)                4160      
                                                                 
 dropout_4 (Dropout)         (None, 64)                0         
                                                                 
 output (Dense)              (None, 2)                 130       
                                                                 
=================================================================
Total params: 47,426
Trainable params: 46,658
Non-trainable params: 768
_________________________________________________________________
","[1, 2, 4, 8, 16, 8]",relu,l2,0.2,TRUE,0.001,16,10000,Adam,mean_squared_error,556,80,0.004923,0.013773,0.006186,1544,N/A
2025-12-02_00-28-28,"Model: ""Modular_1D_CNN_Model""
_________________________________________________________________
 Layer (type)                Output Shape              Param #   
=================================================================
 conv1d_24 (Conv1D)          (None, 4624, 64)          320       
                                                                 
 batch_normalization_24 (Bat  (None, 4624, 64)         256       
 chNormalization)                                                
                                                                 
 max_pooling1d_14 (MaxPoolin  (None, 578, 64)          0         
 g1D)                                                            
                                                                 
 conv1d_25 (Conv1D)          (None, 578, 64)           8256      
                                                                 
 batch_normalization_25 (Bat  (None, 578, 64)          256       
 chNormalization)                                                
                                                                 
 max_pooling1d_15 (MaxPoolin  (None, 72, 64)           0         
 g1D)                                                            
                                                                 
 conv1d_26 (Conv1D)          (None, 72, 64)            8256      
                                                                 
 batch_normalization_26 (Bat  (None, 72, 64)           256       
 chNormalization)                                                
                                                                 
 max_pooling1d_16 (MaxPoolin  (None, 9, 64)            0         
 g1D)                                                            
                                                                 
 conv1d_27 (Conv1D)          (None, 9, 64)             8256      
                                                                 
 batch_normalization_27 (Bat  (None, 9, 64)            256       
 chNormalization)                                                
                                                                 
 conv1d_28 (Conv1D)          (None, 9, 64)             8256      
                                                                 
 batch_normalization_28 (Bat  (None, 9, 64)            256       
 chNormalization)                                                
                                                                 
 max_pooling1d_17 (MaxPoolin  (None, 1, 64)            0         
 g1D)                                                            
                                                                 
 conv1d_29 (Conv1D)          (None, 1, 64)             8256      
                                                                 
 batch_normalization_29 (Bat  (None, 1, 64)            256       
 chNormalization)                                                
                                                                 
 global_max_pooling1d_5 (Glo  (None, 64)               0         
 balMaxPooling1D)                                                
                                                                 
 dense_5 (Dense)             (None, 64)                4160      
                                                                 
 dropout_5 (Dropout)         (None, 64)                0         
                                                                 
 output (Dense)              (None, 2)                 130       
                                                                 
=================================================================
Total params: 47,426
Trainable params: 46,658
Non-trainable params: 768
_________________________________________________________________
","[1, 2, 4, 8, 16, 8]",relu,l2,0.2,TRUE,0.001,16,10000,Adam,mean_squared_error,556,80,0.082812,0.089694,0.089551,32,N/A
2025-12-02_00-28-28,"Model: ""Modular_1D_CNN_Model""
_________________________________________________________________
 Layer (type)                Output Shape              Param #   
=================================================================
 conv1d_24 (Conv1D)          (None, 4624, 64)          320       
                                                                 
 batch_normalization_24 (Bat  (None, 4624, 64)         256       
 chNormalization)                                                
                                                                 
 max_pooling1d_14 (MaxPoolin  (None, 578, 64)          0         
 g1D)                                                            
                                                                 
 conv1d_25 (Conv1D)          (None, 578, 64)           8256      
                                                                 
 batch_normalization_25 (Bat  (None, 578, 64)          256       
 chNormalization)                                                
                                                                 
 max_pooling1d_15 (MaxPoolin  (None, 72, 64)           0         
 g1D)                                                            
                                                                 
 conv1d_26 (Conv1D)          (None, 72, 64)            8256      
                                                                 
 batch_normalization_26 (Bat  (None, 72, 64)           256       
 chNormalization)                                                
                                                                 
 max_pooling1d_16 (MaxPoolin  (None, 9, 64)            0         
 g1D)                                                            
                                                                 
 conv1d_27 (Conv1D)          (None, 9, 64)             8256      
                                                                 
 batch_normalization_27 (Bat  (None, 9, 64)            256       
 chNormalization)                                                
                                                                 
 conv1d_28 (Conv1D)          (None, 9, 64)             8256      
                                                                 
 batch_normalization_28 (Bat  (None, 9, 64)            256       
 chNormalization)                                                
                                                                 
 max_pooling1d_17 (MaxPoolin  (None, 1, 64)            0         
 g1D)                                                            
                                                                 
 conv1d_29 (Conv1D)          (None, 1, 64)             8256      
                                                                 
 batch_normalization_29 (Bat  (None, 1, 64)            256       
 chNormalization)                                                
                                                                 
 global_max_pooling1d_5 (Glo  (None, 64)               0         
 balMaxPooling1D)                                                
                                                                 
 dense_5 (Dense)             (None, 64)                4160      
                                                                 
 dropout_5 (Dropout)         (None, 64)                0         
                                                                 
 output (Dense)              (None, 2)                 130       
                                                                 
=================================================================
Total params: 47,426
Trainable params: 46,658
Non-trainable params: 768
_________________________________________________________________
","[1, 2, 4, 8, 16, 8]",relu,l2,0.2,TRUE,0.001,16,10000,Adam,mean_squared_error,556,80,0.082812,0.089694,0.089551,32,N/A
2025-12-01_08-22-00,"Model: ""Modular_1D_CNN_Model""
_________________________________________________________________
 Layer (type)                Output Shape              Param #   
=================================================================
 conv1d_30 (Conv1D)          (None, 4624, 64)          320       
                                                                 
 batch_normalization_30 (Bat  (None, 4624, 64)         256       
 chNormalization)                                                
                                                                 
 max_pooling1d_18 (MaxPoolin  (None, 2312, 64)         0         
 g1D)                                                            
                                                                 
 conv1d_31 (Conv1D)          (None, 2312, 64)          8256      
                                                                 
 batch_normalization_31 (Bat  (None, 2312, 64)         256       
 chNormalization)                                                
                                                                 
 max_pooling1d_19 (MaxPoolin  (None, 1156, 64)         0         
 g1D)                                                            
                                                                 
 conv1d_32 (Conv1D)          (None, 1156, 64)          8256      
                                                                 
 batch_normalization_32 (Bat  (None, 1156, 64)         256       
 chNormalization)                                                
                                                                 
 max_pooling1d_20 (MaxPoolin  (None, 578, 64)          0         
 g1D)                                                            
                                                                 
 conv1d_33 (Conv1D)          (None, 578, 64)           8256      
                                                                 
 batch_normalization_33 (Bat  (None, 578, 64)          256       
 chNormalization)                                                
                                                                 
 max_pooling1d_21 (MaxPoolin  (None, 289, 64)          0         
 g1D)                                                            
                                                                 
 conv1d_34 (Conv1D)          (None, 289, 64)           8256      
                                                                 
 batch_normalization_34 (Bat  (None, 289, 64)          256       
 chNormalization)                                                
                                                                 
 global_max_pooling1d_12 (Gl  (None, 64)               0         
 obalMaxPooling1D)                                               
                                                                 
 dense_12 (Dense)            (None, 64)                4160      
                                                                 
 dropout_12 (Dropout)        (None, 64)                0         
                                                                 
 output (Dense)              (None, 2)                 130       
                                                                 
=================================================================
Total params: 38,914
Trainable params: 38,274
Non-trainable params: 640
_________________________________________________________________
","[1, 2, 4, 8, 16]",relu,l2,0.2,TRUE,0.001,16,10000,Adam,mean_squared_error,556,80,0.004325,0.007955,0.005203,6071,N/A
2025-12-01_08-22-00,"Model: ""Modular_1D_CNN_Model""
_________________________________________________________________
 Layer (type)                Output Shape              Param #   
=================================================================
 conv1d_30 (Conv1D)          (None, 4624, 64)          320       
                                                                 
 batch_normalization_30 (Bat  (None, 4624, 64)         256       
 chNormalization)                                                
                                                                 
 max_pooling1d_18 (MaxPoolin  (None, 2312, 64)         0         
 g1D)                                                            
                                                                 
 conv1d_31 (Conv1D)          (None, 2312, 64)          8256      
                                                                 
 batch_normalization_31 (Bat  (None, 2312, 64)         256       
 chNormalization)                                                
                                                                 
 max_pooling1d_19 (MaxPoolin  (None, 1156, 64)         0         
 g1D)                                                            
                                                                 
 conv1d_32 (Conv1D)          (None, 1156, 64)          8256      
                                                                 
 batch_normalization_32 (Bat  (None, 1156, 64)         256       
 chNormalization)                                                
                                                                 
 max_pooling1d_20 (MaxPoolin  (None, 578, 64)          0         
 g1D)                                                            
                                                                 
 conv1d_33 (Conv1D)          (None, 578, 64)           8256      
                                                                 
 batch_normalization_33 (Bat  (None, 578, 64)          256       
 chNormalization)                                                
                                                                 
 max_pooling1d_21 (MaxPoolin  (None, 289, 64)          0         
 g1D)                                                            
                                                                 
 conv1d_34 (Conv1D)          (None, 289, 64)           8256      
                                                                 
 batch_normalization_34 (Bat  (None, 289, 64)          256       
 chNormalization)                                                
                                                                 
 global_max_pooling1d_12 (Gl  (None, 64)               0         
 obalMaxPooling1D)                                               
                                                                 
 dense_12 (Dense)            (None, 64)                4160      
                                                                 
 dropout_12 (Dropout)        (None, 64)                0         
                                                                 
 output (Dense)              (None, 2)                 130       
                                                                 
=================================================================
Total params: 38,914
Trainable params: 38,274
Non-trainable params: 640
_________________________________________________________________
","[1, 2, 4, 8, 16]",relu,l2,0.2,TRUE,0.001,16,10000,Adam,mean_squared_error,556,80,0.004325,0.007955,0.005203,6071,N/A
2025-12-01_09-26-52,"Model: ""Modular_1D_CNN_Model""
_________________________________________________________________
 Layer (type)                Output Shape              Param #   
=================================================================
 conv1d_35 (Conv1D)          (None, 4624, 64)          320       
                                                                 
 batch_normalization_35 (Bat  (None, 4624, 64)         256       
 chNormalization)                                                
                                                                 
 max_pooling1d_22 (MaxPoolin  (None, 1156, 64)         0         
 g1D)                                                            
                                                                 
 conv1d_36 (Conv1D)          (None, 1156, 64)          8256      
                                                                 
 batch_normalization_36 (Bat  (None, 1156, 64)         256       
 chNormalization)                                                
                                                                 
 max_pooling1d_23 (MaxPoolin  (None, 289, 64)          0         
 g1D)                                                            
                                                                 
 conv1d_37 (Conv1D)          (None, 289, 64)           8256      
                                                                 
 batch_normalization_37 (Bat  (None, 289, 64)          256       
 chNormalization)                                                
                                                                 
 max_pooling1d_24 (MaxPoolin  (None, 72, 64)           0         
 g1D)                                                            
                                                                 
 conv1d_38 (Conv1D)          (None, 72, 64)            8256      
                                                                 
 batch_normalization_38 (Bat  (None, 72, 64)           256       
 chNormalization)                                                
                                                                 
 max_pooling1d_25 (MaxPoolin  (None, 18, 64)           0         
 g1D)                                                            
                                                                 
 conv1d_39 (Conv1D)          (None, 18, 64)            8256      
                                                                 
 batch_normalization_39 (Bat  (None, 18, 64)           256       
 chNormalization)                                                
                                                                 
 global_max_pooling1d_13 (Gl  (None, 64)               0         
 obalMaxPooling1D)                                               
                                                                 
 dense_13 (Dense)            (None, 64)                4160      
                                                                 
 dropout_13 (Dropout)        (None, 64)                0         
                                                                 
 output (Dense)              (None, 2)                 130       
                                                                 
=================================================================
Total params: 38,914
Trainable params: 38,274
Non-trainable params: 640
_________________________________________________________________
","[1, 2, 4, 8, 16]",relu,l2,0.2,TRUE,0.001,16,10000,Adam,mean_squared_error,556,80,0.004965,0.015321,0.004487,8198,N/A
2025-12-01_09-26-52,"Model: ""Modular_1D_CNN_Model""
_________________________________________________________________
 Layer (type)                Output Shape              Param #   
=================================================================
 conv1d_35 (Conv1D)          (None, 4624, 64)          320       
                                                                 
 batch_normalization_35 (Bat  (None, 4624, 64)         256       
 chNormalization)                                                
                                                                 
 max_pooling1d_22 (MaxPoolin  (None, 1156, 64)         0         
 g1D)                                                            
                                                                 
 conv1d_36 (Conv1D)          (None, 1156, 64)          8256      
                                                                 
 batch_normalization_36 (Bat  (None, 1156, 64)         256       
 chNormalization)                                                
                                                                 
 max_pooling1d_23 (MaxPoolin  (None, 289, 64)          0         
 g1D)                                                            
                                                                 
 conv1d_37 (Conv1D)          (None, 289, 64)           8256      
                                                                 
 batch_normalization_37 (Bat  (None, 289, 64)          256       
 chNormalization)                                                
                                                                 
 max_pooling1d_24 (MaxPoolin  (None, 72, 64)           0         
 g1D)                                                            
                                                                 
 conv1d_38 (Conv1D)          (None, 72, 64)            8256      
                                                                 
 batch_normalization_38 (Bat  (None, 72, 64)           256       
 chNormalization)                                                
                                                                 
 max_pooling1d_25 (MaxPoolin  (None, 18, 64)           0         
 g1D)                                                            
                                                                 
 conv1d_39 (Conv1D)          (None, 18, 64)            8256      
                                                                 
 batch_normalization_39 (Bat  (None, 18, 64)           256       
 chNormalization)                                                
                                                                 
 global_max_pooling1d_13 (Gl  (None, 64)               0         
 obalMaxPooling1D)                                               
                                                                 
 dense_13 (Dense)            (None, 64)                4160      
                                                                 
 dropout_13 (Dropout)        (None, 64)                0         
                                                                 
 output (Dense)              (None, 2)                 130       
                                                                 
=================================================================
Total params: 38,914
Trainable params: 38,274
Non-trainable params: 640
_________________________________________________________________
","[1, 2, 4, 8, 16]",relu,l2,0.2,TRUE,0.001,16,10000,Adam,mean_squared_error,556,80,0.004965,0.015321,0.004487,8198,N/A
2025-12-01_10-31-12,"Model: ""Modular_1D_CNN_Model""
_________________________________________________________________
 Layer (type)                Output Shape              Param #   
=================================================================
 conv1d_40 (Conv1D)          (None, 4624, 64)          320       
                                                                 
 batch_normalization_40 (Bat  (None, 4624, 64)         256       
 chNormalization)                                                
                                                                 
 max_pooling1d_26 (MaxPoolin  (None, 578, 64)          0         
 g1D)                                                            
                                                                 
 conv1d_41 (Conv1D)          (None, 578, 64)           8256      
                                                                 
 batch_normalization_41 (Bat  (None, 578, 64)          256       
 chNormalization)                                                
                                                                 
 max_pooling1d_27 (MaxPoolin  (None, 72, 64)           0         
 g1D)                                                            
                                                                 
 conv1d_42 (Conv1D)          (None, 72, 64)            8256      
                                                                 
 batch_normalization_42 (Bat  (None, 72, 64)           256       
 chNormalization)                                                
                                                                 
 max_pooling1d_28 (MaxPoolin  (None, 9, 64)            0         
 g1D)                                                            
                                                                 
 conv1d_43 (Conv1D)          (None, 9, 64)             8256      
                                                                 
 batch_normalization_43 (Bat  (None, 9, 64)            256       
 chNormalization)                                                
                                                                 
 max_pooling1d_29 (MaxPoolin  (None, 1, 64)            0         
 g1D)                                                            
                                                                 
 conv1d_44 (Conv1D)          (None, 1, 64)             8256      
                                                                 
 batch_normalization_44 (Bat  (None, 1, 64)            256       
 chNormalization)                                                
                                                                 
 global_max_pooling1d_14 (Gl  (None, 64)               0         
 obalMaxPooling1D)                                               
                                                                 
 dense_14 (Dense)            (None, 64)                4160      
                                                                 
 dropout_14 (Dropout)        (None, 64)                0         
                                                                 
 output (Dense)              (None, 2)                 130       
                                                                 
=================================================================
Total params: 38,914
Trainable params: 38,274
Non-trainable params: 640
_________________________________________________________________
","[1, 2, 4, 8, 16]",relu,l2,0.2,TRUE,0.001,16,10000,Adam,mean_squared_error,556,80,0.082781,0.089717,0.089551,32,N/A
2025-12-01_10-31-12,"Model: ""Modular_1D_CNN_Model""
_________________________________________________________________
 Layer (type)                Output Shape              Param #   
=================================================================
 conv1d_40 (Conv1D)          (None, 4624, 64)          320       
                                                                 
 batch_normalization_40 (Bat  (None, 4624, 64)         256       
 chNormalization)                                                
                                                                 
 max_pooling1d_26 (MaxPoolin  (None, 578, 64)          0         
 g1D)                                                            
                                                                 
 conv1d_41 (Conv1D)          (None, 578, 64)           8256      
                                                                 
 batch_normalization_41 (Bat  (None, 578, 64)          256       
 chNormalization)                                                
                                                                 
 max_pooling1d_27 (MaxPoolin  (None, 72, 64)           0         
 g1D)                                                            
                                                                 
 conv1d_42 (Conv1D)          (None, 72, 64)            8256      
                                                                 
 batch_normalization_42 (Bat  (None, 72, 64)           256       
 chNormalization)                                                
                                                                 
 max_pooling1d_28 (MaxPoolin  (None, 9, 64)            0         
 g1D)                                                            
                                                                 
 conv1d_43 (Conv1D)          (None, 9, 64)             8256      
                                                                 
 batch_normalization_43 (Bat  (None, 9, 64)            256       
 chNormalization)                                                
                                                                 
 max_pooling1d_29 (MaxPoolin  (None, 1, 64)            0         
 g1D)                                                            
                                                                 
 conv1d_44 (Conv1D)          (None, 1, 64)             8256      
                                                                 
 batch_normalization_44 (Bat  (None, 1, 64)            256       
 chNormalization)                                                
                                                                 
 global_max_pooling1d_14 (Gl  (None, 64)               0         
 obalMaxPooling1D)                                               
                                                                 
 dense_14 (Dense)            (None, 64)                4160      
                                                                 
 dropout_14 (Dropout)        (None, 64)                0         
                                                                 
 output (Dense)              (None, 2)                 130       
                                                                 
=================================================================
Total params: 38,914
Trainable params: 38,274
Non-trainable params: 640
_________________________________________________________________
","[1, 2, 4, 8, 16]",relu,l2,0.2,TRUE,0.001,16,10000,Adam,mean_squared_error,556,80,0.082781,0.089717,0.089551,32,N/A
2025-12-02_17-58-48,"Model: ""Modular_1D_CNN_Model""
_________________________________________________________________
 Layer (type)                Output Shape              Param #   
=================================================================
 conv1d (Conv1D)             (None, 4624, 64)          320       
                                                                 
 batch_normalization (BatchN  (None, 4624, 64)         256       
 ormalization)                                                   
                                                                 
 max_pooling1d (MaxPooling1D  (None, 1156, 64)         0         
 )                                                               
                                                                 
 conv1d_1 (Conv1D)           (None, 1156, 64)          8256      
                                                                 
 batch_normalization_1 (Batc  (None, 1156, 64)         256       
 hNormalization)                                                 
                                                                 
 max_pooling1d_1 (MaxPooling  (None, 289, 64)          0         
 1D)                                                             
                                                                 
 conv1d_2 (Conv1D)           (None, 289, 64)           8256      
                                                                 
 batch_normalization_2 (Batc  (None, 289, 64)          256       
 hNormalization)                                                 
                                                                 
 max_pooling1d_2 (MaxPooling  (None, 72, 64)           0         
 1D)                                                             
                                                                 
 conv1d_3 (Conv1D)           (None, 72, 64)            8256      
                                                                 
 batch_normalization_3 (Batc  (None, 72, 64)           256       
 hNormalization)                                                 
                                                                 
 max_pooling1d_3 (MaxPooling  (None, 18, 64)           0         
 1D)                                                             
                                                                 
 conv1d_4 (Conv1D)           (None, 18, 64)            8256      
                                                                 
 batch_normalization_4 (Batc  (None, 18, 64)           256       
 hNormalization)                                                 
                                                                 
 global_max_pooling1d (Globa  (None, 64)               0         
 lMaxPooling1D)                                                  
                                                                 
 dense (Dense)               (None, 16)                1040      
                                                                 
 batch_normalization_5 (Batc  (None, 16)               64        
 hNormalization)                                                 
                                                                 
 activation (Activation)     (None, 16)                0         
                                                                 
 dense_1 (Dense)             (None, 64)                1088      
                                                                 
 output (Dense)              (None, 2)                 130       
                                                                 
=================================================================
Total params: 36,946
Trainable params: 36,274
Non-trainable params: 672
_________________________________________________________________
","[1, 2, 4, 8, 16]",relu,l2,0,TRUE,0.001,16,10000,Adam,mean_squared_error,556,80,0.003743,0.010812,0.004677,7732,N/A
2025-12-02_17-58-48,"Model: ""Modular_1D_CNN_Model""
_________________________________________________________________
 Layer (type)                Output Shape              Param #   
=================================================================
 conv1d (Conv1D)             (None, 4624, 64)          320       
                                                                 
 batch_normalization (BatchN  (None, 4624, 64)         256       
 ormalization)                                                   
                                                                 
 max_pooling1d (MaxPooling1D  (None, 1156, 64)         0         
 )                                                               
                                                                 
 conv1d_1 (Conv1D)           (None, 1156, 64)          8256      
                                                                 
 batch_normalization_1 (Batc  (None, 1156, 64)         256       
 hNormalization)                                                 
                                                                 
 max_pooling1d_1 (MaxPooling  (None, 289, 64)          0         
 1D)                                                             
                                                                 
 conv1d_2 (Conv1D)           (None, 289, 64)           8256      
                                                                 
 batch_normalization_2 (Batc  (None, 289, 64)          256       
 hNormalization)                                                 
                                                                 
 max_pooling1d_2 (MaxPooling  (None, 72, 64)           0         
 1D)                                                             
                                                                 
 conv1d_3 (Conv1D)           (None, 72, 64)            8256      
                                                                 
 batch_normalization_3 (Batc  (None, 72, 64)           256       
 hNormalization)                                                 
                                                                 
 max_pooling1d_3 (MaxPooling  (None, 18, 64)           0         
 1D)                                                             
                                                                 
 conv1d_4 (Conv1D)           (None, 18, 64)            8256      
                                                                 
 batch_normalization_4 (Batc  (None, 18, 64)           256       
 hNormalization)                                                 
                                                                 
 global_max_pooling1d (Globa  (None, 64)               0         
 lMaxPooling1D)                                                  
                                                                 
 dense (Dense)               (None, 16)                1040      
                                                                 
 batch_normalization_5 (Batc  (None, 16)               64        
 hNormalization)                                                 
                                                                 
 activation (Activation)     (None, 16)                0         
                                                                 
 dense_1 (Dense)             (None, 64)                1088      
                                                                 
 output (Dense)              (None, 2)                 130       
                                                                 
=================================================================
Total params: 36,946
Trainable params: 36,274
Non-trainable params: 672
_________________________________________________________________
","[1, 2, 4, 8, 16]",relu,l2,0,TRUE,0.001,16,10000,Adam,mean_squared_error,556,80,0.003743,0.010812,0.004677,7732,N/A
2025-12-02_19-09-15,"Model: ""Modular_1D_CNN_Model""
_________________________________________________________________
 Layer (type)                Output Shape              Param #   
=================================================================
 conv1d_5 (Conv1D)           (None, 4624, 64)          320       
                                                                 
 batch_normalization_6 (Batc  (None, 4624, 64)         256       
 hNormalization)                                                 
                                                                 
 max_pooling1d_4 (MaxPooling  (None, 1156, 64)         0         
 1D)                                                             
                                                                 
 conv1d_6 (Conv1D)           (None, 1156, 64)          8256      
                                                                 
 batch_normalization_7 (Batc  (None, 1156, 64)         256       
 hNormalization)                                                 
                                                                 
 max_pooling1d_5 (MaxPooling  (None, 289, 64)          0         
 1D)                                                             
                                                                 
 conv1d_7 (Conv1D)           (None, 289, 64)           8256      
                                                                 
 batch_normalization_8 (Batc  (None, 289, 64)          256       
 hNormalization)                                                 
                                                                 
 max_pooling1d_6 (MaxPooling  (None, 72, 64)           0         
 1D)                                                             
                                                                 
 conv1d_8 (Conv1D)           (None, 72, 64)            8256      
                                                                 
 batch_normalization_9 (Batc  (None, 72, 64)           256       
 hNormalization)                                                 
                                                                 
 max_pooling1d_7 (MaxPooling  (None, 18, 64)           0         
 1D)                                                             
                                                                 
 conv1d_9 (Conv1D)           (None, 18, 64)            8256      
                                                                 
 batch_normalization_10 (Bat  (None, 18, 64)           256       
 chNormalization)                                                
                                                                 
 global_max_pooling1d_1 (Glo  (None, 64)               0         
 balMaxPooling1D)                                                
                                                                 
 dense_2 (Dense)             (None, 32)                2080      
                                                                 
 batch_normalization_11 (Bat  (None, 32)               128       
 chNormalization)                                                
                                                                 
 activation_1 (Activation)   (None, 32)                0         
                                                                 
 dense_3 (Dense)             (None, 64)                2112      
                                                                 
 output (Dense)              (None, 2)                 130       
                                                                 
=================================================================
Total params: 39,074
Trainable params: 38,370
Non-trainable params: 704
_________________________________________________________________
","[1, 2, 4, 8, 16]",relu,l2,0,TRUE,0.001,16,10000,Adam,mean_squared_error,556,80,0.002989,0.010709,0.005762,1112,N/A
2025-12-02_19-09-15,"Model: ""Modular_1D_CNN_Model""
_________________________________________________________________
 Layer (type)                Output Shape              Param #   
=================================================================
 conv1d_5 (Conv1D)           (None, 4624, 64)          320       
                                                                 
 batch_normalization_6 (Batc  (None, 4624, 64)         256       
 hNormalization)                                                 
                                                                 
 max_pooling1d_4 (MaxPooling  (None, 1156, 64)         0         
 1D)                                                             
                                                                 
 conv1d_6 (Conv1D)           (None, 1156, 64)          8256      
                                                                 
 batch_normalization_7 (Batc  (None, 1156, 64)         256       
 hNormalization)                                                 
                                                                 
 max_pooling1d_5 (MaxPooling  (None, 289, 64)          0         
 1D)                                                             
                                                                 
 conv1d_7 (Conv1D)           (None, 289, 64)           8256      
                                                                 
 batch_normalization_8 (Batc  (None, 289, 64)          256       
 hNormalization)                                                 
                                                                 
 max_pooling1d_6 (MaxPooling  (None, 72, 64)           0         
 1D)                                                             
                                                                 
 conv1d_8 (Conv1D)           (None, 72, 64)            8256      
                                                                 
 batch_normalization_9 (Batc  (None, 72, 64)           256       
 hNormalization)                                                 
                                                                 
 max_pooling1d_7 (MaxPooling  (None, 18, 64)           0         
 1D)                                                             
                                                                 
 conv1d_9 (Conv1D)           (None, 18, 64)            8256      
                                                                 
 batch_normalization_10 (Bat  (None, 18, 64)           256       
 chNormalization)                                                
                                                                 
 global_max_pooling1d_1 (Glo  (None, 64)               0         
 balMaxPooling1D)                                                
                                                                 
 dense_2 (Dense)             (None, 32)                2080      
                                                                 
 batch_normalization_11 (Bat  (None, 32)               128       
 chNormalization)                                                
                                                                 
 activation_1 (Activation)   (None, 32)                0         
                                                                 
 dense_3 (Dense)             (None, 64)                2112      
                                                                 
 output (Dense)              (None, 2)                 130       
                                                                 
=================================================================
Total params: 39,074
Trainable params: 38,370
Non-trainable params: 704
_________________________________________________________________
","[1, 2, 4, 8, 16]",relu,l2,0,TRUE,0.001,16,10000,Adam,mean_squared_error,556,80,0.002989,0.010709,0.005762,1112,N/A
2025-12-02_20-19-51,"Model: ""Modular_1D_CNN_Model""
_________________________________________________________________
 Layer (type)                Output Shape              Param #   
=================================================================
 conv1d_10 (Conv1D)          (None, 4624, 64)          320       
                                                                 
 batch_normalization_12 (Bat  (None, 4624, 64)         256       
 chNormalization)                                                
                                                                 
 max_pooling1d_8 (MaxPooling  (None, 1156, 64)         0         
 1D)                                                             
                                                                 
 conv1d_11 (Conv1D)          (None, 1156, 64)          8256      
                                                                 
 batch_normalization_13 (Bat  (None, 1156, 64)         256       
 chNormalization)                                                
                                                                 
 max_pooling1d_9 (MaxPooling  (None, 289, 64)          0         
 1D)                                                             
                                                                 
 conv1d_12 (Conv1D)          (None, 289, 64)           8256      
                                                                 
 batch_normalization_14 (Bat  (None, 289, 64)          256       
 chNormalization)                                                
                                                                 
 max_pooling1d_10 (MaxPoolin  (None, 72, 64)           0         
 g1D)                                                            
                                                                 
 conv1d_13 (Conv1D)          (None, 72, 64)            8256      
                                                                 
 batch_normalization_15 (Bat  (None, 72, 64)           256       
 chNormalization)                                                
                                                                 
 max_pooling1d_11 (MaxPoolin  (None, 18, 64)           0         
 g1D)                                                            
                                                                 
 conv1d_14 (Conv1D)          (None, 18, 64)            8256      
                                                                 
 batch_normalization_16 (Bat  (None, 18, 64)           256       
 chNormalization)                                                
                                                                 
 global_max_pooling1d_2 (Glo  (None, 64)               0         
 balMaxPooling1D)                                                
                                                                 
 dense_4 (Dense)             (None, 64)                4160      
                                                                 
 batch_normalization_17 (Bat  (None, 64)               256       
 chNormalization)                                                
                                                                 
 activation_2 (Activation)   (None, 64)                0         
                                                                 
 dense_5 (Dense)             (None, 64)                4160      
                                                                 
 output (Dense)              (None, 2)                 130       
                                                                 
=================================================================
Total params: 43,330
Trainable params: 42,562
Non-trainable params: 768
_________________________________________________________________
","[1, 2, 4, 8, 16]",relu,l2,0,TRUE,0.001,16,10000,Adam,mean_squared_error,556,80,0.002283,0.009171,0.00471,3186,N/A
2025-12-02_20-19-51,"Model: ""Modular_1D_CNN_Model""
_________________________________________________________________
 Layer (type)                Output Shape              Param #   
=================================================================
 conv1d_10 (Conv1D)          (None, 4624, 64)          320       
                                                                 
 batch_normalization_12 (Bat  (None, 4624, 64)         256       
 chNormalization)                                                
                                                                 
 max_pooling1d_8 (MaxPooling  (None, 1156, 64)         0         
 1D)                                                             
                                                                 
 conv1d_11 (Conv1D)          (None, 1156, 64)          8256      
                                                                 
 batch_normalization_13 (Bat  (None, 1156, 64)         256       
 chNormalization)                                                
                                                                 
 max_pooling1d_9 (MaxPooling  (None, 289, 64)          0         
 1D)                                                             
                                                                 
 conv1d_12 (Conv1D)          (None, 289, 64)           8256      
                                                                 
 batch_normalization_14 (Bat  (None, 289, 64)          256       
 chNormalization)                                                
                                                                 
 max_pooling1d_10 (MaxPoolin  (None, 72, 64)           0         
 g1D)                                                            
                                                                 
 conv1d_13 (Conv1D)          (None, 72, 64)            8256      
                                                                 
 batch_normalization_15 (Bat  (None, 72, 64)           256       
 chNormalization)                                                
                                                                 
 max_pooling1d_11 (MaxPoolin  (None, 18, 64)           0         
 g1D)                                                            
                                                                 
 conv1d_14 (Conv1D)          (None, 18, 64)            8256      
                                                                 
 batch_normalization_16 (Bat  (None, 18, 64)           256       
 chNormalization)                                                
                                                                 
 global_max_pooling1d_2 (Glo  (None, 64)               0         
 balMaxPooling1D)                                                
                                                                 
 dense_4 (Dense)             (None, 64)                4160      
                                                                 
 batch_normalization_17 (Bat  (None, 64)               256       
 chNormalization)                                                
                                                                 
 activation_2 (Activation)   (None, 64)                0         
                                                                 
 dense_5 (Dense)             (None, 64)                4160      
                                                                 
 output (Dense)              (None, 2)                 130       
                                                                 
=================================================================
Total params: 43,330
Trainable params: 42,562
Non-trainable params: 768
_________________________________________________________________
","[1, 2, 4, 8, 16]",relu,l2,0,TRUE,0.001,16,10000,Adam,mean_squared_error,556,80,0.002283,0.009171,0.00471,3186,N/A
2025-12-02_21-34-58,"Model: ""Modular_1D_CNN_Model""
_________________________________________________________________
 Layer (type)                Output Shape              Param #   
=================================================================
 conv1d_15 (Conv1D)          (None, 4624, 64)          320       
                                                                 
 batch_normalization_18 (Bat  (None, 4624, 64)         256       
 chNormalization)                                                
                                                                 
 max_pooling1d_12 (MaxPoolin  (None, 1156, 64)         0         
 g1D)                                                            
                                                                 
 conv1d_16 (Conv1D)          (None, 1156, 64)          8256      
                                                                 
 batch_normalization_19 (Bat  (None, 1156, 64)         256       
 chNormalization)                                                
                                                                 
 max_pooling1d_13 (MaxPoolin  (None, 289, 64)          0         
 g1D)                                                            
                                                                 
 conv1d_17 (Conv1D)          (None, 289, 64)           8256      
                                                                 
 batch_normalization_20 (Bat  (None, 289, 64)          256       
 chNormalization)                                                
                                                                 
 max_pooling1d_14 (MaxPoolin  (None, 72, 64)           0         
 g1D)                                                            
                                                                 
 conv1d_18 (Conv1D)          (None, 72, 64)            8256      
                                                                 
 batch_normalization_21 (Bat  (None, 72, 64)           256       
 chNormalization)                                                
                                                                 
 max_pooling1d_15 (MaxPoolin  (None, 18, 64)           0         
 g1D)                                                            
                                                                 
 conv1d_19 (Conv1D)          (None, 18, 64)            8256      
                                                                 
 batch_normalization_22 (Bat  (None, 18, 64)           256       
 chNormalization)                                                
                                                                 
 global_max_pooling1d_3 (Glo  (None, 64)               0         
 balMaxPooling1D)                                                
                                                                 
 dense_6 (Dense)             (None, 16)                1040      
                                                                 
 batch_normalization_23 (Bat  (None, 16)               64        
 chNormalization)                                                
                                                                 
 activation_3 (Activation)   (None, 16)                0         
                                                                 
 dense_7 (Dense)             (None, 32)                544       
                                                                 
 batch_normalization_24 (Bat  (None, 32)               128       
 chNormalization)                                                
                                                                 
 activation_4 (Activation)   (None, 32)                0         
                                                                 
 dense_8 (Dense)             (None, 64)                2112      
                                                                 
 output (Dense)              (None, 2)                 130       
                                                                 
=================================================================
Total params: 38,642
Trainable params: 37,906
Non-trainable params: 736
_________________________________________________________________
","[1, 2, 4, 8, 16]",relu,l2,0,TRUE,0.001,16,10000,Adam,mean_squared_error,556,80,0.003528,0.016809,0.007318,5091,N/A
2025-12-02_21-34-58,"Model: ""Modular_1D_CNN_Model""
_________________________________________________________________
 Layer (type)                Output Shape              Param #   
=================================================================
 conv1d_15 (Conv1D)          (None, 4624, 64)          320       
                                                                 
 batch_normalization_18 (Bat  (None, 4624, 64)         256       
 chNormalization)                                                
                                                                 
 max_pooling1d_12 (MaxPoolin  (None, 1156, 64)         0         
 g1D)                                                            
                                                                 
 conv1d_16 (Conv1D)          (None, 1156, 64)          8256      
                                                                 
 batch_normalization_19 (Bat  (None, 1156, 64)         256       
 chNormalization)                                                
                                                                 
 max_pooling1d_13 (MaxPoolin  (None, 289, 64)          0         
 g1D)                                                            
                                                                 
 conv1d_17 (Conv1D)          (None, 289, 64)           8256      
                                                                 
 batch_normalization_20 (Bat  (None, 289, 64)          256       
 chNormalization)                                                
                                                                 
 max_pooling1d_14 (MaxPoolin  (None, 72, 64)           0         
 g1D)                                                            
                                                                 
 conv1d_18 (Conv1D)          (None, 72, 64)            8256      
                                                                 
 batch_normalization_21 (Bat  (None, 72, 64)           256       
 chNormalization)                                                
                                                                 
 max_pooling1d_15 (MaxPoolin  (None, 18, 64)           0         
 g1D)                                                            
                                                                 
 conv1d_19 (Conv1D)          (None, 18, 64)            8256      
                                                                 
 batch_normalization_22 (Bat  (None, 18, 64)           256       
 chNormalization)                                                
                                                                 
 global_max_pooling1d_3 (Glo  (None, 64)               0         
 balMaxPooling1D)                                                
                                                                 
 dense_6 (Dense)             (None, 16)                1040      
                                                                 
 batch_normalization_23 (Bat  (None, 16)               64        
 chNormalization)                                                
                                                                 
 activation_3 (Activation)   (None, 16)                0         
                                                                 
 dense_7 (Dense)             (None, 32)                544       
                                                                 
 batch_normalization_24 (Bat  (None, 32)               128       
 chNormalization)                                                
                                                                 
 activation_4 (Activation)   (None, 32)                0         
                                                                 
 dense_8 (Dense)             (None, 64)                2112      
                                                                 
 output (Dense)              (None, 2)                 130       
                                                                 
=================================================================
Total params: 38,642
Trainable params: 37,906
Non-trainable params: 736
_________________________________________________________________
","[1, 2, 4, 8, 16]",relu,l2,0,TRUE,0.001,16,10000,Adam,mean_squared_error,556,80,0.003528,0.016809,0.007318,5091,N/A
2025-12-02_22-50-17,"Model: ""Modular_1D_CNN_Model""
_________________________________________________________________
 Layer (type)                Output Shape              Param #   
=================================================================
 conv1d_20 (Conv1D)          (None, 4624, 64)          320       
                                                                 
 batch_normalization_25 (Bat  (None, 4624, 64)         256       
 chNormalization)                                                
                                                                 
 max_pooling1d_16 (MaxPoolin  (None, 1156, 64)         0         
 g1D)                                                            
                                                                 
 conv1d_21 (Conv1D)          (None, 1156, 64)          8256      
                                                                 
 batch_normalization_26 (Bat  (None, 1156, 64)         256       
 chNormalization)                                                
                                                                 
 max_pooling1d_17 (MaxPoolin  (None, 289, 64)          0         
 g1D)                                                            
                                                                 
 conv1d_22 (Conv1D)          (None, 289, 64)           8256      
                                                                 
 batch_normalization_27 (Bat  (None, 289, 64)          256       
 chNormalization)                                                
                                                                 
 max_pooling1d_18 (MaxPoolin  (None, 72, 64)           0         
 g1D)                                                            
                                                                 
 conv1d_23 (Conv1D)          (None, 72, 64)            8256      
                                                                 
 batch_normalization_28 (Bat  (None, 72, 64)           256       
 chNormalization)                                                
                                                                 
 max_pooling1d_19 (MaxPoolin  (None, 18, 64)           0         
 g1D)                                                            
                                                                 
 conv1d_24 (Conv1D)          (None, 18, 64)            8256      
                                                                 
 batch_normalization_29 (Bat  (None, 18, 64)           256       
 chNormalization)                                                
                                                                 
 global_max_pooling1d_4 (Glo  (None, 64)               0         
 balMaxPooling1D)                                                
                                                                 
 dense_9 (Dense)             (None, 32)                2080      
                                                                 
 batch_normalization_30 (Bat  (None, 32)               128       
 chNormalization)                                                
                                                                 
 activation_5 (Activation)   (None, 32)                0         
                                                                 
 dense_10 (Dense)            (None, 64)                2112      
                                                                 
 batch_normalization_31 (Bat  (None, 64)               256       
 chNormalization)                                                
                                                                 
 activation_6 (Activation)   (None, 64)                0         
                                                                 
 dense_11 (Dense)            (None, 64)                4160      
                                                                 
 output (Dense)              (None, 2)                 130       
                                                                 
=================================================================
Total params: 43,490
Trainable params: 42,658
Non-trainable params: 832
_________________________________________________________________
","[1, 2, 4, 8, 16]",relu,l2,0,TRUE,0.001,16,10000,Adam,mean_squared_error,556,80,0.002878,0.021309,0.005877,1286,N/A
2025-12-02_22-50-17,"Model: ""Modular_1D_CNN_Model""
_________________________________________________________________
 Layer (type)                Output Shape              Param #   
=================================================================
 conv1d_20 (Conv1D)          (None, 4624, 64)          320       
                                                                 
 batch_normalization_25 (Bat  (None, 4624, 64)         256       
 chNormalization)                                                
                                                                 
 max_pooling1d_16 (MaxPoolin  (None, 1156, 64)         0         
 g1D)                                                            
                                                                 
 conv1d_21 (Conv1D)          (None, 1156, 64)          8256      
                                                                 
 batch_normalization_26 (Bat  (None, 1156, 64)         256       
 chNormalization)                                                
                                                                 
 max_pooling1d_17 (MaxPoolin  (None, 289, 64)          0         
 g1D)                                                            
                                                                 
 conv1d_22 (Conv1D)          (None, 289, 64)           8256      
                                                                 
 batch_normalization_27 (Bat  (None, 289, 64)          256       
 chNormalization)                                                
                                                                 
 max_pooling1d_18 (MaxPoolin  (None, 72, 64)           0         
 g1D)                                                            
                                                                 
 conv1d_23 (Conv1D)          (None, 72, 64)            8256      
                                                                 
 batch_normalization_28 (Bat  (None, 72, 64)           256       
 chNormalization)                                                
                                                                 
 max_pooling1d_19 (MaxPoolin  (None, 18, 64)           0         
 g1D)                                                            
                                                                 
 conv1d_24 (Conv1D)          (None, 18, 64)            8256      
                                                                 
 batch_normalization_29 (Bat  (None, 18, 64)           256       
 chNormalization)                                                
                                                                 
 global_max_pooling1d_4 (Glo  (None, 64)               0         
 balMaxPooling1D)                                                
                                                                 
 dense_9 (Dense)             (None, 32)                2080      
                                                                 
 batch_normalization_30 (Bat  (None, 32)               128       
 chNormalization)                                                
                                                                 
 activation_5 (Activation)   (None, 32)                0         
                                                                 
 dense_10 (Dense)            (None, 64)                2112      
                                                                 
 batch_normalization_31 (Bat  (None, 64)               256       
 chNormalization)                                                
                                                                 
 activation_6 (Activation)   (None, 64)                0         
                                                                 
 dense_11 (Dense)            (None, 64)                4160      
                                                                 
 output (Dense)              (None, 2)                 130       
                                                                 
=================================================================
Total params: 43,490
Trainable params: 42,658
Non-trainable params: 832
_________________________________________________________________
","[1, 2, 4, 8, 16]",relu,l2,0,TRUE,0.001,16,10000,Adam,mean_squared_error,556,80,0.002878,0.021309,0.005877,1286,N/A
2025-12-03_00-06-27,"Model: ""Modular_1D_CNN_Model""
_________________________________________________________________
 Layer (type)                Output Shape              Param #   
=================================================================
 conv1d_25 (Conv1D)          (None, 4624, 64)          320       
                                                                 
 batch_normalization_32 (Bat  (None, 4624, 64)         256       
 chNormalization)                                                
                                                                 
 max_pooling1d_20 (MaxPoolin  (None, 1156, 64)         0         
 g1D)                                                            
                                                                 
 conv1d_26 (Conv1D)          (None, 1156, 64)          8256      
                                                                 
 batch_normalization_33 (Bat  (None, 1156, 64)         256       
 chNormalization)                                                
                                                                 
 max_pooling1d_21 (MaxPoolin  (None, 289, 64)          0         
 g1D)                                                            
                                                                 
 conv1d_27 (Conv1D)          (None, 289, 64)           8256      
                                                                 
 batch_normalization_34 (Bat  (None, 289, 64)          256       
 chNormalization)                                                
                                                                 
 max_pooling1d_22 (MaxPoolin  (None, 72, 64)           0         
 g1D)                                                            
                                                                 
 conv1d_28 (Conv1D)          (None, 72, 64)            8256      
                                                                 
 batch_normalization_35 (Bat  (None, 72, 64)           256       
 chNormalization)                                                
                                                                 
 max_pooling1d_23 (MaxPoolin  (None, 18, 64)           0         
 g1D)                                                            
                                                                 
 conv1d_29 (Conv1D)          (None, 18, 64)            8256      
                                                                 
 batch_normalization_36 (Bat  (None, 18, 64)           256       
 chNormalization)                                                
                                                                 
 global_max_pooling1d_5 (Glo  (None, 64)               0         
 balMaxPooling1D)                                                
                                                                 
 dense_12 (Dense)            (None, 64)                4160      
                                                                 
 batch_normalization_37 (Bat  (None, 64)               256       
 chNormalization)                                                
                                                                 
 activation_7 (Activation)   (None, 64)                0         
                                                                 
 dense_13 (Dense)            (None, 128)               8320      
                                                                 
 batch_normalization_38 (Bat  (None, 128)              512       
 chNormalization)                                                
                                                                 
 activation_8 (Activation)   (None, 128)               0         
                                                                 
 dense_14 (Dense)            (None, 64)                8256      
                                                                 
 output (Dense)              (None, 2)                 130       
                                                                 
=================================================================
Total params: 56,258
Trainable params: 55,234
Non-trainable params: 1,024
_________________________________________________________________
","[1, 2, 4, 8, 16]",relu,l2,0,TRUE,0.001,16,10000,Adam,mean_squared_error,556,80,0.001928,0.018923,0.005123,4059,N/A
2025-12-03_00-06-27,"Model: ""Modular_1D_CNN_Model""
_________________________________________________________________
 Layer (type)                Output Shape              Param #   
=================================================================
 conv1d_25 (Conv1D)          (None, 4624, 64)          320       
                                                                 
 batch_normalization_32 (Bat  (None, 4624, 64)         256       
 chNormalization)                                                
                                                                 
 max_pooling1d_20 (MaxPoolin  (None, 1156, 64)         0         
 g1D)                                                            
                                                                 
 conv1d_26 (Conv1D)          (None, 1156, 64)          8256      
                                                                 
 batch_normalization_33 (Bat  (None, 1156, 64)         256       
 chNormalization)                                                
                                                                 
 max_pooling1d_21 (MaxPoolin  (None, 289, 64)          0         
 g1D)                                                            
                                                                 
 conv1d_27 (Conv1D)          (None, 289, 64)           8256      
                                                                 
 batch_normalization_34 (Bat  (None, 289, 64)          256       
 chNormalization)                                                
                                                                 
 max_pooling1d_22 (MaxPoolin  (None, 72, 64)           0         
 g1D)                                                            
                                                                 
 conv1d_28 (Conv1D)          (None, 72, 64)            8256      
                                                                 
 batch_normalization_35 (Bat  (None, 72, 64)           256       
 chNormalization)                                                
                                                                 
 max_pooling1d_23 (MaxPoolin  (None, 18, 64)           0         
 g1D)                                                            
                                                                 
 conv1d_29 (Conv1D)          (None, 18, 64)            8256      
                                                                 
 batch_normalization_36 (Bat  (None, 18, 64)           256       
 chNormalization)                                                
                                                                 
 global_max_pooling1d_5 (Glo  (None, 64)               0         
 balMaxPooling1D)                                                
                                                                 
 dense_12 (Dense)            (None, 64)                4160      
                                                                 
 batch_normalization_37 (Bat  (None, 64)               256       
 chNormalization)                                                
                                                                 
 activation_7 (Activation)   (None, 64)                0         
                                                                 
 dense_13 (Dense)            (None, 128)               8320      
                                                                 
 batch_normalization_38 (Bat  (None, 128)              512       
 chNormalization)                                                
                                                                 
 activation_8 (Activation)   (None, 128)               0         
                                                                 
 dense_14 (Dense)            (None, 64)                8256      
                                                                 
 output (Dense)              (None, 2)                 130       
                                                                 
=================================================================
Total params: 56,258
Trainable params: 55,234
Non-trainable params: 1,024
_________________________________________________________________
","[1, 2, 4, 8, 16]",relu,l2,0,TRUE,0.001,16,10000,Adam,mean_squared_error,556,80,0.001928,0.018923,0.005123,4059,N/A
2025-12-03_01-26-22,"Model: ""Modular_1D_CNN_Model""
_________________________________________________________________
 Layer (type)                Output Shape              Param #   
=================================================================
 conv1d_30 (Conv1D)          (None, 4624, 64)          320       
                                                                 
 batch_normalization_39 (Bat  (None, 4624, 64)         256       
 chNormalization)                                                
                                                                 
 max_pooling1d_24 (MaxPoolin  (None, 1156, 64)         0         
 g1D)                                                            
                                                                 
 conv1d_31 (Conv1D)          (None, 1156, 64)          8256      
                                                                 
 batch_normalization_40 (Bat  (None, 1156, 64)         256       
 chNormalization)                                                
                                                                 
 max_pooling1d_25 (MaxPoolin  (None, 289, 64)          0         
 g1D)                                                            
                                                                 
 conv1d_32 (Conv1D)          (None, 289, 64)           8256      
                                                                 
 batch_normalization_41 (Bat  (None, 289, 64)          256       
 chNormalization)                                                
                                                                 
 max_pooling1d_26 (MaxPoolin  (None, 72, 64)           0         
 g1D)                                                            
                                                                 
 conv1d_33 (Conv1D)          (None, 72, 64)            8256      
                                                                 
 batch_normalization_42 (Bat  (None, 72, 64)           256       
 chNormalization)                                                
                                                                 
 max_pooling1d_27 (MaxPoolin  (None, 18, 64)           0         
 g1D)                                                            
                                                                 
 conv1d_34 (Conv1D)          (None, 18, 64)            8256      
                                                                 
 batch_normalization_43 (Bat  (None, 18, 64)           256       
 chNormalization)                                                
                                                                 
 global_max_pooling1d_6 (Glo  (None, 64)               0         
 balMaxPooling1D)                                                
                                                                 
 dense_15 (Dense)            (None, 16)                1040      
                                                                 
 batch_normalization_44 (Bat  (None, 16)               64        
 chNormalization)                                                
                                                                 
 activation_9 (Activation)   (None, 16)                0         
                                                                 
 dense_16 (Dense)            (None, 32)                544       
                                                                 
 batch_normalization_45 (Bat  (None, 32)               128       
 chNormalization)                                                
                                                                 
 activation_10 (Activation)  (None, 32)                0         
                                                                 
 dense_17 (Dense)            (None, 64)                2112      
                                                                 
 batch_normalization_46 (Bat  (None, 64)               256       
 chNormalization)                                                
                                                                 
 activation_11 (Activation)  (None, 64)                0         
                                                                 
 dense_18 (Dense)            (None, 64)                4160      
                                                                 
 output (Dense)              (None, 2)                 130       
                                                                 
=================================================================
Total params: 43,058
Trainable params: 42,194
Non-trainable params: 864
_________________________________________________________________
","[1, 2, 4, 8, 16]",relu,l2,0,TRUE,0.001,16,10000,Adam,mean_squared_error,556,80,0.006247,0.032402,0.003827,5764,N/A
2025-12-03_01-26-22,"Model: ""Modular_1D_CNN_Model""
_________________________________________________________________
 Layer (type)                Output Shape              Param #   
=================================================================
 conv1d_30 (Conv1D)          (None, 4624, 64)          320       
                                                                 
 batch_normalization_39 (Bat  (None, 4624, 64)         256       
 chNormalization)                                                
                                                                 
 max_pooling1d_24 (MaxPoolin  (None, 1156, 64)         0         
 g1D)                                                            
                                                                 
 conv1d_31 (Conv1D)          (None, 1156, 64)          8256      
                                                                 
 batch_normalization_40 (Bat  (None, 1156, 64)         256       
 chNormalization)                                                
                                                                 
 max_pooling1d_25 (MaxPoolin  (None, 289, 64)          0         
 g1D)                                                            
                                                                 
 conv1d_32 (Conv1D)          (None, 289, 64)           8256      
                                                                 
 batch_normalization_41 (Bat  (None, 289, 64)          256       
 chNormalization)                                                
                                                                 
 max_pooling1d_26 (MaxPoolin  (None, 72, 64)           0         
 g1D)                                                            
                                                                 
 conv1d_33 (Conv1D)          (None, 72, 64)            8256      
                                                                 
 batch_normalization_42 (Bat  (None, 72, 64)           256       
 chNormalization)                                                
                                                                 
 max_pooling1d_27 (MaxPoolin  (None, 18, 64)           0         
 g1D)                                                            
                                                                 
 conv1d_34 (Conv1D)          (None, 18, 64)            8256      
                                                                 
 batch_normalization_43 (Bat  (None, 18, 64)           256       
 chNormalization)                                                
                                                                 
 global_max_pooling1d_6 (Glo  (None, 64)               0         
 balMaxPooling1D)                                                
                                                                 
 dense_15 (Dense)            (None, 16)                1040      
                                                                 
 batch_normalization_44 (Bat  (None, 16)               64        
 chNormalization)                                                
                                                                 
 activation_9 (Activation)   (None, 16)                0         
                                                                 
 dense_16 (Dense)            (None, 32)                544       
                                                                 
 batch_normalization_45 (Bat  (None, 32)               128       
 chNormalization)                                                
                                                                 
 activation_10 (Activation)  (None, 32)                0         
                                                                 
 dense_17 (Dense)            (None, 64)                2112      
                                                                 
 batch_normalization_46 (Bat  (None, 64)               256       
 chNormalization)                                                
                                                                 
 activation_11 (Activation)  (None, 64)                0         
                                                                 
 dense_18 (Dense)            (None, 64)                4160      
                                                                 
 output (Dense)              (None, 2)                 130       
                                                                 
=================================================================
Total params: 43,058
Trainable params: 42,194
Non-trainable params: 864
_________________________________________________________________
","[1, 2, 4, 8, 16]",relu,l2,0,TRUE,0.001,16,10000,Adam,mean_squared_error,556,80,0.006247,0.032402,0.003827,5764,N/A
2025-12-03_02-46-00,"Model: ""Modular_1D_CNN_Model""
_________________________________________________________________
 Layer (type)                Output Shape              Param #   
=================================================================
 conv1d_35 (Conv1D)          (None, 4624, 64)          320       
                                                                 
 batch_normalization_47 (Bat  (None, 4624, 64)         256       
 chNormalization)                                                
                                                                 
 max_pooling1d_28 (MaxPoolin  (None, 1156, 64)         0         
 g1D)                                                            
                                                                 
 conv1d_36 (Conv1D)          (None, 1156, 64)          8256      
                                                                 
 batch_normalization_48 (Bat  (None, 1156, 64)         256       
 chNormalization)                                                
                                                                 
 max_pooling1d_29 (MaxPoolin  (None, 289, 64)          0         
 g1D)                                                            
                                                                 
 conv1d_37 (Conv1D)          (None, 289, 64)           8256      
                                                                 
 batch_normalization_49 (Bat  (None, 289, 64)          256       
 chNormalization)                                                
                                                                 
 max_pooling1d_30 (MaxPoolin  (None, 72, 64)           0         
 g1D)                                                            
                                                                 
 conv1d_38 (Conv1D)          (None, 72, 64)            8256      
                                                                 
 batch_normalization_50 (Bat  (None, 72, 64)           256       
 chNormalization)                                                
                                                                 
 max_pooling1d_31 (MaxPoolin  (None, 18, 64)           0         
 g1D)                                                            
                                                                 
 conv1d_39 (Conv1D)          (None, 18, 64)            8256      
                                                                 
 batch_normalization_51 (Bat  (None, 18, 64)           256       
 chNormalization)                                                
                                                                 
 global_max_pooling1d_7 (Glo  (None, 64)               0         
 balMaxPooling1D)                                                
                                                                 
 dense_19 (Dense)            (None, 32)                2080      
                                                                 
 batch_normalization_52 (Bat  (None, 32)               128       
 chNormalization)                                                
                                                                 
 activation_12 (Activation)  (None, 32)                0         
                                                                 
 dense_20 (Dense)            (None, 64)                2112      
                                                                 
 batch_normalization_53 (Bat  (None, 64)               256       
 chNormalization)                                                
                                                                 
 activation_13 (Activation)  (None, 64)                0         
                                                                 
 dense_21 (Dense)            (None, 128)               8320      
                                                                 
 batch_normalization_54 (Bat  (None, 128)              512       
 chNormalization)                                                
                                                                 
 activation_14 (Activation)  (None, 128)               0         
                                                                 
 dense_22 (Dense)            (None, 64)                8256      
                                                                 
 output (Dense)              (None, 2)                 130       
                                                                 
=================================================================
Total params: 56,418
Trainable params: 55,330
Non-trainable params: 1,088
_________________________________________________________________
","[1, 2, 4, 8, 16]",relu,l2,0,TRUE,0.001,16,10000,Adam,mean_squared_error,556,80,0.004146,0.020637,0.004775,4981,N/A
2025-12-03_02-46-00,"Model: ""Modular_1D_CNN_Model""
_________________________________________________________________
 Layer (type)                Output Shape              Param #   
=================================================================
 conv1d_35 (Conv1D)          (None, 4624, 64)          320       
                                                                 
 batch_normalization_47 (Bat  (None, 4624, 64)         256       
 chNormalization)                                                
                                                                 
 max_pooling1d_28 (MaxPoolin  (None, 1156, 64)         0         
 g1D)                                                            
                                                                 
 conv1d_36 (Conv1D)          (None, 1156, 64)          8256      
                                                                 
 batch_normalization_48 (Bat  (None, 1156, 64)         256       
 chNormalization)                                                
                                                                 
 max_pooling1d_29 (MaxPoolin  (None, 289, 64)          0         
 g1D)                                                            
                                                                 
 conv1d_37 (Conv1D)          (None, 289, 64)           8256      
                                                                 
 batch_normalization_49 (Bat  (None, 289, 64)          256       
 chNormalization)                                                
                                                                 
 max_pooling1d_30 (MaxPoolin  (None, 72, 64)           0         
 g1D)                                                            
                                                                 
 conv1d_38 (Conv1D)          (None, 72, 64)            8256      
                                                                 
 batch_normalization_50 (Bat  (None, 72, 64)           256       
 chNormalization)                                                
                                                                 
 max_pooling1d_31 (MaxPoolin  (None, 18, 64)           0         
 g1D)                                                            
                                                                 
 conv1d_39 (Conv1D)          (None, 18, 64)            8256      
                                                                 
 batch_normalization_51 (Bat  (None, 18, 64)           256       
 chNormalization)                                                
                                                                 
 global_max_pooling1d_7 (Glo  (None, 64)               0         
 balMaxPooling1D)                                                
                                                                 
 dense_19 (Dense)            (None, 32)                2080      
                                                                 
 batch_normalization_52 (Bat  (None, 32)               128       
 chNormalization)                                                
                                                                 
 activation_12 (Activation)  (None, 32)                0         
                                                                 
 dense_20 (Dense)            (None, 64)                2112      
                                                                 
 batch_normalization_53 (Bat  (None, 64)               256       
 chNormalization)                                                
                                                                 
 activation_13 (Activation)  (None, 64)                0         
                                                                 
 dense_21 (Dense)            (None, 128)               8320      
                                                                 
 batch_normalization_54 (Bat  (None, 128)              512       
 chNormalization)                                                
                                                                 
 activation_14 (Activation)  (None, 128)               0         
                                                                 
 dense_22 (Dense)            (None, 64)                8256      
                                                                 
 output (Dense)              (None, 2)                 130       
                                                                 
=================================================================
Total params: 56,418
Trainable params: 55,330
Non-trainable params: 1,088
_________________________________________________________________
","[1, 2, 4, 8, 16]",relu,l2,0,TRUE,0.001,16,10000,Adam,mean_squared_error,556,80,0.004146,0.020637,0.004775,4981,N/A
2025-12-03_04-10-14,"Model: ""Modular_1D_CNN_Model""
_________________________________________________________________
 Layer (type)                Output Shape              Param #   
=================================================================
 conv1d_40 (Conv1D)          (None, 4624, 64)          320       
                                                                 
 batch_normalization_55 (Bat  (None, 4624, 64)         256       
 chNormalization)                                                
                                                                 
 max_pooling1d_32 (MaxPoolin  (None, 1156, 64)         0         
 g1D)                                                            
                                                                 
 conv1d_41 (Conv1D)          (None, 1156, 64)          8256      
                                                                 
 batch_normalization_56 (Bat  (None, 1156, 64)         256       
 chNormalization)                                                
                                                                 
 max_pooling1d_33 (MaxPoolin  (None, 289, 64)          0         
 g1D)                                                            
                                                                 
 conv1d_42 (Conv1D)          (None, 289, 64)           8256      
                                                                 
 batch_normalization_57 (Bat  (None, 289, 64)          256       
 chNormalization)                                                
                                                                 
 max_pooling1d_34 (MaxPoolin  (None, 72, 64)           0         
 g1D)                                                            
                                                                 
 conv1d_43 (Conv1D)          (None, 72, 64)            8256      
                                                                 
 batch_normalization_58 (Bat  (None, 72, 64)           256       
 chNormalization)                                                
                                                                 
 max_pooling1d_35 (MaxPoolin  (None, 18, 64)           0         
 g1D)                                                            
                                                                 
 conv1d_44 (Conv1D)          (None, 18, 64)            8256      
                                                                 
 batch_normalization_59 (Bat  (None, 18, 64)           256       
 chNormalization)                                                
                                                                 
 global_max_pooling1d_8 (Glo  (None, 64)               0         
 balMaxPooling1D)                                                
                                                                 
 dense_23 (Dense)            (None, 16)                1040      
                                                                 
 batch_normalization_60 (Bat  (None, 16)               64        
 chNormalization)                                                
                                                                 
 activation_15 (Activation)  (None, 16)                0         
                                                                 
 dense_24 (Dense)            (None, 32)                544       
                                                                 
 batch_normalization_61 (Bat  (None, 32)               128       
 chNormalization)                                                
                                                                 
 activation_16 (Activation)  (None, 32)                0         
                                                                 
 dense_25 (Dense)            (None, 64)                2112      
                                                                 
 batch_normalization_62 (Bat  (None, 64)               256       
 chNormalization)                                                
                                                                 
 activation_17 (Activation)  (None, 64)                0         
                                                                 
 dense_26 (Dense)            (None, 128)               8320      
                                                                 
 batch_normalization_63 (Bat  (None, 128)              512       
 chNormalization)                                                
                                                                 
 activation_18 (Activation)  (None, 128)               0         
                                                                 
 dense_27 (Dense)            (None, 64)                8256      
                                                                 
 output (Dense)              (None, 2)                 130       
                                                                 
=================================================================
Total params: 55,986
Trainable params: 54,866
Non-trainable params: 1,120
_________________________________________________________________
","[1, 2, 4, 8, 16]",relu,l2,0,TRUE,0.001,16,10000,Adam,mean_squared_error,556,80,0.003018,0.01852,0.00543,6490,N/A
2025-12-03_04-10-14,"Model: ""Modular_1D_CNN_Model""
_________________________________________________________________
 Layer (type)                Output Shape              Param #   
=================================================================
 conv1d_40 (Conv1D)          (None, 4624, 64)          320       
                                                                 
 batch_normalization_55 (Bat  (None, 4624, 64)         256       
 chNormalization)                                                
                                                                 
 max_pooling1d_32 (MaxPoolin  (None, 1156, 64)         0         
 g1D)                                                            
                                                                 
 conv1d_41 (Conv1D)          (None, 1156, 64)          8256      
                                                                 
 batch_normalization_56 (Bat  (None, 1156, 64)         256       
 chNormalization)                                                
                                                                 
 max_pooling1d_33 (MaxPoolin  (None, 289, 64)          0         
 g1D)                                                            
                                                                 
 conv1d_42 (Conv1D)          (None, 289, 64)           8256      
                                                                 
 batch_normalization_57 (Bat  (None, 289, 64)          256       
 chNormalization)                                                
                                                                 
 max_pooling1d_34 (MaxPoolin  (None, 72, 64)           0         
 g1D)                                                            
                                                                 
 conv1d_43 (Conv1D)          (None, 72, 64)            8256      
                                                                 
 batch_normalization_58 (Bat  (None, 72, 64)           256       
 chNormalization)                                                
                                                                 
 max_pooling1d_35 (MaxPoolin  (None, 18, 64)           0         
 g1D)                                                            
                                                                 
 conv1d_44 (Conv1D)          (None, 18, 64)            8256      
                                                                 
 batch_normalization_59 (Bat  (None, 18, 64)           256       
 chNormalization)                                                
                                                                 
 global_max_pooling1d_8 (Glo  (None, 64)               0         
 balMaxPooling1D)                                                
                                                                 
 dense_23 (Dense)            (None, 16)                1040      
                                                                 
 batch_normalization_60 (Bat  (None, 16)               64        
 chNormalization)                                                
                                                                 
 activation_15 (Activation)  (None, 16)                0         
                                                                 
 dense_24 (Dense)            (None, 32)                544       
                                                                 
 batch_normalization_61 (Bat  (None, 32)               128       
 chNormalization)                                                
                                                                 
 activation_16 (Activation)  (None, 32)                0         
                                                                 
 dense_25 (Dense)            (None, 64)                2112      
                                                                 
 batch_normalization_62 (Bat  (None, 64)               256       
 chNormalization)                                                
                                                                 
 activation_17 (Activation)  (None, 64)                0         
                                                                 
 dense_26 (Dense)            (None, 128)               8320      
                                                                 
 batch_normalization_63 (Bat  (None, 128)              512       
 chNormalization)                                                
                                                                 
 activation_18 (Activation)  (None, 128)               0         
                                                                 
 dense_27 (Dense)            (None, 64)                8256      
                                                                 
 output (Dense)              (None, 2)                 130       
                                                                 
=================================================================
Total params: 55,986
Trainable params: 54,866
Non-trainable params: 1,120
_________________________________________________________________
","[1, 2, 4, 8, 16]",relu,l2,0,TRUE,0.001,16,10000,Adam,mean_squared_error,556,80,0.003018,0.01852,0.00543,6490,N/A
2025-12-03_05-21-49,"Model: ""Modular_1D_CNN_Model""
_________________________________________________________________
 Layer (type)                Output Shape              Param #   
=================================================================
 conv1d_45 (Conv1D)          (None, 4624, 64)          320       
                                                                 
 batch_normalization_64 (Bat  (None, 4624, 64)         256       
 chNormalization)                                                
                                                                 
 max_pooling1d_36 (MaxPoolin  (None, 1156, 64)         0         
 g1D)                                                            
                                                                 
 conv1d_46 (Conv1D)          (None, 1156, 64)          8256      
                                                                 
 batch_normalization_65 (Bat  (None, 1156, 64)         256       
 chNormalization)                                                
                                                                 
 max_pooling1d_37 (MaxPoolin  (None, 289, 64)          0         
 g1D)                                                            
                                                                 
 conv1d_47 (Conv1D)          (None, 289, 64)           8256      
                                                                 
 batch_normalization_66 (Bat  (None, 289, 64)          256       
 chNormalization)                                                
                                                                 
 max_pooling1d_38 (MaxPoolin  (None, 72, 64)           0         
 g1D)                                                            
                                                                 
 conv1d_48 (Conv1D)          (None, 72, 64)            8256      
                                                                 
 batch_normalization_67 (Bat  (None, 72, 64)           256       
 chNormalization)                                                
                                                                 
 max_pooling1d_39 (MaxPoolin  (None, 18, 64)           0         
 g1D)                                                            
                                                                 
 conv1d_49 (Conv1D)          (None, 18, 64)            8256      
                                                                 
 batch_normalization_68 (Bat  (None, 18, 64)           256       
 chNormalization)                                                
                                                                 
 global_max_pooling1d_9 (Glo  (None, 64)               0         
 balMaxPooling1D)                                                
                                                                 
 dense_28 (Dense)            (None, 16)                1040      
                                                                 
 batch_normalization_69 (Bat  (None, 16)               64        
 chNormalization)                                                
                                                                 
 activation_19 (Activation)  (None, 16)                0         
                                                                 
 dense_29 (Dense)            (None, 64)                1088      
                                                                 
 output (Dense)              (None, 2)                 130       
                                                                 
=================================================================
Total params: 36,946
Trainable params: 36,274
Non-trainable params: 672
_________________________________________________________________
","[1, 2, 4, 8, 16]",relu,l2,0.05,TRUE,0.001,16,10000,Adam,mean_squared_error,556,80,0.004706,0.016094,0.005317,9614,N/A
2025-12-03_05-21-49,"Model: ""Modular_1D_CNN_Model""
_________________________________________________________________
 Layer (type)                Output Shape              Param #   
=================================================================
 conv1d_45 (Conv1D)          (None, 4624, 64)          320       
                                                                 
 batch_normalization_64 (Bat  (None, 4624, 64)         256       
 chNormalization)                                                
                                                                 
 max_pooling1d_36 (MaxPoolin  (None, 1156, 64)         0         
 g1D)                                                            
                                                                 
 conv1d_46 (Conv1D)          (None, 1156, 64)          8256      
                                                                 
 batch_normalization_65 (Bat  (None, 1156, 64)         256       
 chNormalization)                                                
                                                                 
 max_pooling1d_37 (MaxPoolin  (None, 289, 64)          0         
 g1D)                                                            
                                                                 
 conv1d_47 (Conv1D)          (None, 289, 64)           8256      
                                                                 
 batch_normalization_66 (Bat  (None, 289, 64)          256       
 chNormalization)                                                
                                                                 
 max_pooling1d_38 (MaxPoolin  (None, 72, 64)           0         
 g1D)                                                            
                                                                 
 conv1d_48 (Conv1D)          (None, 72, 64)            8256      
                                                                 
 batch_normalization_67 (Bat  (None, 72, 64)           256       
 chNormalization)                                                
                                                                 
 max_pooling1d_39 (MaxPoolin  (None, 18, 64)           0         
 g1D)                                                            
                                                                 
 conv1d_49 (Conv1D)          (None, 18, 64)            8256      
                                                                 
 batch_normalization_68 (Bat  (None, 18, 64)           256       
 chNormalization)                                                
                                                                 
 global_max_pooling1d_9 (Glo  (None, 64)               0         
 balMaxPooling1D)                                                
                                                                 
 dense_28 (Dense)            (None, 16)                1040      
                                                                 
 batch_normalization_69 (Bat  (None, 16)               64        
 chNormalization)                                                
                                                                 
 activation_19 (Activation)  (None, 16)                0         
                                                                 
 dense_29 (Dense)            (None, 64)                1088      
                                                                 
 output (Dense)              (None, 2)                 130       
                                                                 
=================================================================
Total params: 36,946
Trainable params: 36,274
Non-trainable params: 672
_________________________________________________________________
","[1, 2, 4, 8, 16]",relu,l2,0.05,TRUE,0.001,16,10000,Adam,mean_squared_error,556,80,0.004706,0.016094,0.005317,9614,N/A
2025-12-03_06-34-33,"Model: ""Modular_1D_CNN_Model""
_________________________________________________________________
 Layer (type)                Output Shape              Param #   
=================================================================
 conv1d_50 (Conv1D)          (None, 4624, 64)          320       
                                                                 
 batch_normalization_70 (Bat  (None, 4624, 64)         256       
 chNormalization)                                                
                                                                 
 max_pooling1d_40 (MaxPoolin  (None, 1156, 64)         0         
 g1D)                                                            
                                                                 
 conv1d_51 (Conv1D)          (None, 1156, 64)          8256      
                                                                 
 batch_normalization_71 (Bat  (None, 1156, 64)         256       
 chNormalization)                                                
                                                                 
 max_pooling1d_41 (MaxPoolin  (None, 289, 64)          0         
 g1D)                                                            
                                                                 
 conv1d_52 (Conv1D)          (None, 289, 64)           8256      
                                                                 
 batch_normalization_72 (Bat  (None, 289, 64)          256       
 chNormalization)                                                
                                                                 
 max_pooling1d_42 (MaxPoolin  (None, 72, 64)           0         
 g1D)                                                            
                                                                 
 conv1d_53 (Conv1D)          (None, 72, 64)            8256      
                                                                 
 batch_normalization_73 (Bat  (None, 72, 64)           256       
 chNormalization)                                                
                                                                 
 max_pooling1d_43 (MaxPoolin  (None, 18, 64)           0         
 g1D)                                                            
                                                                 
 conv1d_54 (Conv1D)          (None, 18, 64)            8256      
                                                                 
 batch_normalization_74 (Bat  (None, 18, 64)           256       
 chNormalization)                                                
                                                                 
 global_max_pooling1d_10 (Gl  (None, 64)               0         
 obalMaxPooling1D)                                               
                                                                 
 dense_30 (Dense)            (None, 32)                2080      
                                                                 
 batch_normalization_75 (Bat  (None, 32)               128       
 chNormalization)                                                
                                                                 
 activation_20 (Activation)  (None, 32)                0         
                                                                 
 dense_31 (Dense)            (None, 64)                2112      
                                                                 
 output (Dense)              (None, 2)                 130       
                                                                 
=================================================================
Total params: 39,074
Trainable params: 38,370
Non-trainable params: 704
_________________________________________________________________
","[1, 2, 4, 8, 16]",relu,l2,0.05,TRUE,0.001,16,10000,Adam,mean_squared_error,556,80,0.00392,0.011483,0.005203,8511,N/A
2025-12-03_06-34-33,"Model: ""Modular_1D_CNN_Model""
_________________________________________________________________
 Layer (type)                Output Shape              Param #   
=================================================================
 conv1d_50 (Conv1D)          (None, 4624, 64)          320       
                                                                 
 batch_normalization_70 (Bat  (None, 4624, 64)         256       
 chNormalization)                                                
                                                                 
 max_pooling1d_40 (MaxPoolin  (None, 1156, 64)         0         
 g1D)                                                            
                                                                 
 conv1d_51 (Conv1D)          (None, 1156, 64)          8256      
                                                                 
 batch_normalization_71 (Bat  (None, 1156, 64)         256       
 chNormalization)                                                
                                                                 
 max_pooling1d_41 (MaxPoolin  (None, 289, 64)          0         
 g1D)                                                            
                                                                 
 conv1d_52 (Conv1D)          (None, 289, 64)           8256      
                                                                 
 batch_normalization_72 (Bat  (None, 289, 64)          256       
 chNormalization)                                                
                                                                 
 max_pooling1d_42 (MaxPoolin  (None, 72, 64)           0         
 g1D)                                                            
                                                                 
 conv1d_53 (Conv1D)          (None, 72, 64)            8256      
                                                                 
 batch_normalization_73 (Bat  (None, 72, 64)           256       
 chNormalization)                                                
                                                                 
 max_pooling1d_43 (MaxPoolin  (None, 18, 64)           0         
 g1D)                                                            
                                                                 
 conv1d_54 (Conv1D)          (None, 18, 64)            8256      
                                                                 
 batch_normalization_74 (Bat  (None, 18, 64)           256       
 chNormalization)                                                
                                                                 
 global_max_pooling1d_10 (Gl  (None, 64)               0         
 obalMaxPooling1D)                                               
                                                                 
 dense_30 (Dense)            (None, 32)                2080      
                                                                 
 batch_normalization_75 (Bat  (None, 32)               128       
 chNormalization)                                                
                                                                 
 activation_20 (Activation)  (None, 32)                0         
                                                                 
 dense_31 (Dense)            (None, 64)                2112      
                                                                 
 output (Dense)              (None, 2)                 130       
                                                                 
=================================================================
Total params: 39,074
Trainable params: 38,370
Non-trainable params: 704
_________________________________________________________________
","[1, 2, 4, 8, 16]",relu,l2,0.05,TRUE,0.001,16,10000,Adam,mean_squared_error,556,80,0.00392,0.011483,0.005203,8511,N/A
2025-12-03_07-46-13,"Model: ""Modular_1D_CNN_Model""
_________________________________________________________________
 Layer (type)                Output Shape              Param #   
=================================================================
 conv1d_55 (Conv1D)          (None, 4624, 64)          320       
                                                                 
 batch_normalization_76 (Bat  (None, 4624, 64)         256       
 chNormalization)                                                
                                                                 
 max_pooling1d_44 (MaxPoolin  (None, 1156, 64)         0         
 g1D)                                                            
                                                                 
 conv1d_56 (Conv1D)          (None, 1156, 64)          8256      
                                                                 
 batch_normalization_77 (Bat  (None, 1156, 64)         256       
 chNormalization)                                                
                                                                 
 max_pooling1d_45 (MaxPoolin  (None, 289, 64)          0         
 g1D)                                                            
                                                                 
 conv1d_57 (Conv1D)          (None, 289, 64)           8256      
                                                                 
 batch_normalization_78 (Bat  (None, 289, 64)          256       
 chNormalization)                                                
                                                                 
 max_pooling1d_46 (MaxPoolin  (None, 72, 64)           0         
 g1D)                                                            
                                                                 
 conv1d_58 (Conv1D)          (None, 72, 64)            8256      
                                                                 
 batch_normalization_79 (Bat  (None, 72, 64)           256       
 chNormalization)                                                
                                                                 
 max_pooling1d_47 (MaxPoolin  (None, 18, 64)           0         
 g1D)                                                            
                                                                 
 conv1d_59 (Conv1D)          (None, 18, 64)            8256      
                                                                 
 batch_normalization_80 (Bat  (None, 18, 64)           256       
 chNormalization)                                                
                                                                 
 global_max_pooling1d_11 (Gl  (None, 64)               0         
 obalMaxPooling1D)                                               
                                                                 
 dense_32 (Dense)            (None, 64)                4160      
                                                                 
 batch_normalization_81 (Bat  (None, 64)               256       
 chNormalization)                                                
                                                                 
 activation_21 (Activation)  (None, 64)                0         
                                                                 
 dense_33 (Dense)            (None, 64)                4160      
                                                                 
 output (Dense)              (None, 2)                 130       
                                                                 
=================================================================
Total params: 43,330
Trainable params: 42,562
Non-trainable params: 768
_________________________________________________________________
","[1, 2, 4, 8, 16]",relu,l2,0.05,TRUE,0.001,16,10000,Adam,mean_squared_error,556,80,0.002503,0.014492,0.004264,605,N/A
2025-12-03_07-46-13,"Model: ""Modular_1D_CNN_Model""
_________________________________________________________________
 Layer (type)                Output Shape              Param #   
=================================================================
 conv1d_55 (Conv1D)          (None, 4624, 64)          320       
                                                                 
 batch_normalization_76 (Bat  (None, 4624, 64)         256       
 chNormalization)                                                
                                                                 
 max_pooling1d_44 (MaxPoolin  (None, 1156, 64)         0         
 g1D)                                                            
                                                                 
 conv1d_56 (Conv1D)          (None, 1156, 64)          8256      
                                                                 
 batch_normalization_77 (Bat  (None, 1156, 64)         256       
 chNormalization)                                                
                                                                 
 max_pooling1d_45 (MaxPoolin  (None, 289, 64)          0         
 g1D)                                                            
                                                                 
 conv1d_57 (Conv1D)          (None, 289, 64)           8256      
                                                                 
 batch_normalization_78 (Bat  (None, 289, 64)          256       
 chNormalization)                                                
                                                                 
 max_pooling1d_46 (MaxPoolin  (None, 72, 64)           0         
 g1D)                                                            
                                                                 
 conv1d_58 (Conv1D)          (None, 72, 64)            8256      
                                                                 
 batch_normalization_79 (Bat  (None, 72, 64)           256       
 chNormalization)                                                
                                                                 
 max_pooling1d_47 (MaxPoolin  (None, 18, 64)           0         
 g1D)                                                            
                                                                 
 conv1d_59 (Conv1D)          (None, 18, 64)            8256      
                                                                 
 batch_normalization_80 (Bat  (None, 18, 64)           256       
 chNormalization)                                                
                                                                 
 global_max_pooling1d_11 (Gl  (None, 64)               0         
 obalMaxPooling1D)                                               
                                                                 
 dense_32 (Dense)            (None, 64)                4160      
                                                                 
 batch_normalization_81 (Bat  (None, 64)               256       
 chNormalization)                                                
                                                                 
 activation_21 (Activation)  (None, 64)                0         
                                                                 
 dense_33 (Dense)            (None, 64)                4160      
                                                                 
 output (Dense)              (None, 2)                 130       
                                                                 
=================================================================
Total params: 43,330
Trainable params: 42,562
Non-trainable params: 768
_________________________________________________________________
","[1, 2, 4, 8, 16]",relu,l2,0.05,TRUE,0.001,16,10000,Adam,mean_squared_error,556,80,0.002503,0.014492,0.004264,605,N/A
2025-12-03_09-03-08,"Model: ""Modular_1D_CNN_Model""
_________________________________________________________________
 Layer (type)                Output Shape              Param #   
=================================================================
 conv1d_60 (Conv1D)          (None, 4624, 64)          320       
                                                                 
 batch_normalization_82 (Bat  (None, 4624, 64)         256       
 chNormalization)                                                
                                                                 
 max_pooling1d_48 (MaxPoolin  (None, 1156, 64)         0         
 g1D)                                                            
                                                                 
 conv1d_61 (Conv1D)          (None, 1156, 64)          8256      
                                                                 
 batch_normalization_83 (Bat  (None, 1156, 64)         256       
 chNormalization)                                                
                                                                 
 max_pooling1d_49 (MaxPoolin  (None, 289, 64)          0         
 g1D)                                                            
                                                                 
 conv1d_62 (Conv1D)          (None, 289, 64)           8256      
                                                                 
 batch_normalization_84 (Bat  (None, 289, 64)          256       
 chNormalization)                                                
                                                                 
 max_pooling1d_50 (MaxPoolin  (None, 72, 64)           0         
 g1D)                                                            
                                                                 
 conv1d_63 (Conv1D)          (None, 72, 64)            8256      
                                                                 
 batch_normalization_85 (Bat  (None, 72, 64)           256       
 chNormalization)                                                
                                                                 
 max_pooling1d_51 (MaxPoolin  (None, 18, 64)           0         
 g1D)                                                            
                                                                 
 conv1d_64 (Conv1D)          (None, 18, 64)            8256      
                                                                 
 batch_normalization_86 (Bat  (None, 18, 64)           256       
 chNormalization)                                                
                                                                 
 global_max_pooling1d_12 (Gl  (None, 64)               0         
 obalMaxPooling1D)                                               
                                                                 
 dense_34 (Dense)            (None, 16)                1040      
                                                                 
 batch_normalization_87 (Bat  (None, 16)               64        
 chNormalization)                                                
                                                                 
 activation_22 (Activation)  (None, 16)                0         
                                                                 
 dense_35 (Dense)            (None, 32)                544       
                                                                 
 batch_normalization_88 (Bat  (None, 32)               128       
 chNormalization)                                                
                                                                 
 activation_23 (Activation)  (None, 32)                0         
                                                                 
 dense_36 (Dense)            (None, 64)                2112      
                                                                 
 output (Dense)              (None, 2)                 130       
                                                                 
=================================================================
Total params: 38,642
Trainable params: 37,906
Non-trainable params: 736
_________________________________________________________________
","[1, 2, 4, 8, 16]",relu,l2,0.05,TRUE,0.001,16,10000,Adam,mean_squared_error,556,80,0.002365,0.016976,0.006685,925,N/A
2025-12-03_09-03-08,"Model: ""Modular_1D_CNN_Model""
_________________________________________________________________
 Layer (type)                Output Shape              Param #   
=================================================================
 conv1d_60 (Conv1D)          (None, 4624, 64)          320       
                                                                 
 batch_normalization_82 (Bat  (None, 4624, 64)         256       
 chNormalization)                                                
                                                                 
 max_pooling1d_48 (MaxPoolin  (None, 1156, 64)         0         
 g1D)                                                            
                                                                 
 conv1d_61 (Conv1D)          (None, 1156, 64)          8256      
                                                                 
 batch_normalization_83 (Bat  (None, 1156, 64)         256       
 chNormalization)                                                
                                                                 
 max_pooling1d_49 (MaxPoolin  (None, 289, 64)          0         
 g1D)                                                            
                                                                 
 conv1d_62 (Conv1D)          (None, 289, 64)           8256      
                                                                 
 batch_normalization_84 (Bat  (None, 289, 64)          256       
 chNormalization)                                                
                                                                 
 max_pooling1d_50 (MaxPoolin  (None, 72, 64)           0         
 g1D)                                                            
                                                                 
 conv1d_63 (Conv1D)          (None, 72, 64)            8256      
                                                                 
 batch_normalization_85 (Bat  (None, 72, 64)           256       
 chNormalization)                                                
                                                                 
 max_pooling1d_51 (MaxPoolin  (None, 18, 64)           0         
 g1D)                                                            
                                                                 
 conv1d_64 (Conv1D)          (None, 18, 64)            8256      
                                                                 
 batch_normalization_86 (Bat  (None, 18, 64)           256       
 chNormalization)                                                
                                                                 
 global_max_pooling1d_12 (Gl  (None, 64)               0         
 obalMaxPooling1D)                                               
                                                                 
 dense_34 (Dense)            (None, 16)                1040      
                                                                 
 batch_normalization_87 (Bat  (None, 16)               64        
 chNormalization)                                                
                                                                 
 activation_22 (Activation)  (None, 16)                0         
                                                                 
 dense_35 (Dense)            (None, 32)                544       
                                                                 
 batch_normalization_88 (Bat  (None, 32)               128       
 chNormalization)                                                
                                                                 
 activation_23 (Activation)  (None, 32)                0         
                                                                 
 dense_36 (Dense)            (None, 64)                2112      
                                                                 
 output (Dense)              (None, 2)                 130       
                                                                 
=================================================================
Total params: 38,642
Trainable params: 37,906
Non-trainable params: 736
_________________________________________________________________
","[1, 2, 4, 8, 16]",relu,l2,0.05,TRUE,0.001,16,10000,Adam,mean_squared_error,556,80,0.002365,0.016976,0.006685,925,N/A
2025-12-03_10-19-09,"Model: ""Modular_1D_CNN_Model""
_________________________________________________________________
 Layer (type)                Output Shape              Param #   
=================================================================
 conv1d_65 (Conv1D)          (None, 4624, 64)          320       
                                                                 
 batch_normalization_89 (Bat  (None, 4624, 64)         256       
 chNormalization)                                                
                                                                 
 max_pooling1d_52 (MaxPoolin  (None, 1156, 64)         0         
 g1D)                                                            
                                                                 
 conv1d_66 (Conv1D)          (None, 1156, 64)          8256      
                                                                 
 batch_normalization_90 (Bat  (None, 1156, 64)         256       
 chNormalization)                                                
                                                                 
 max_pooling1d_53 (MaxPoolin  (None, 289, 64)          0         
 g1D)                                                            
                                                                 
 conv1d_67 (Conv1D)          (None, 289, 64)           8256      
                                                                 
 batch_normalization_91 (Bat  (None, 289, 64)          256       
 chNormalization)                                                
                                                                 
 max_pooling1d_54 (MaxPoolin  (None, 72, 64)           0         
 g1D)                                                            
                                                                 
 conv1d_68 (Conv1D)          (None, 72, 64)            8256      
                                                                 
 batch_normalization_92 (Bat  (None, 72, 64)           256       
 chNormalization)                                                
                                                                 
 max_pooling1d_55 (MaxPoolin  (None, 18, 64)           0         
 g1D)                                                            
                                                                 
 conv1d_69 (Conv1D)          (None, 18, 64)            8256      
                                                                 
 batch_normalization_93 (Bat  (None, 18, 64)           256       
 chNormalization)                                                
                                                                 
 global_max_pooling1d_13 (Gl  (None, 64)               0         
 obalMaxPooling1D)                                               
                                                                 
 dense_37 (Dense)            (None, 32)                2080      
                                                                 
 batch_normalization_94 (Bat  (None, 32)               128       
 chNormalization)                                                
                                                                 
 activation_24 (Activation)  (None, 32)                0         
                                                                 
 dense_38 (Dense)            (None, 64)                2112      
                                                                 
 batch_normalization_95 (Bat  (None, 64)               256       
 chNormalization)                                                
                                                                 
 activation_25 (Activation)  (None, 64)                0         
                                                                 
 dense_39 (Dense)            (None, 64)                4160      
                                                                 
 output (Dense)              (None, 2)                 130       
                                                                 
=================================================================
Total params: 43,490
Trainable params: 42,658
Non-trainable params: 832
_________________________________________________________________
","[1, 2, 4, 8, 16]",relu,l2,0.05,TRUE,0.001,16,10000,Adam,mean_squared_error,556,80,0.001999,0.019208,0.006938,4544,N/A
2025-12-03_10-19-09,"Model: ""Modular_1D_CNN_Model""
_________________________________________________________________
 Layer (type)                Output Shape              Param #   
=================================================================
 conv1d_65 (Conv1D)          (None, 4624, 64)          320       
                                                                 
 batch_normalization_89 (Bat  (None, 4624, 64)         256       
 chNormalization)                                                
                                                                 
 max_pooling1d_52 (MaxPoolin  (None, 1156, 64)         0         
 g1D)                                                            
                                                                 
 conv1d_66 (Conv1D)          (None, 1156, 64)          8256      
                                                                 
 batch_normalization_90 (Bat  (None, 1156, 64)         256       
 chNormalization)                                                
                                                                 
 max_pooling1d_53 (MaxPoolin  (None, 289, 64)          0         
 g1D)                                                            
                                                                 
 conv1d_67 (Conv1D)          (None, 289, 64)           8256      
                                                                 
 batch_normalization_91 (Bat  (None, 289, 64)          256       
 chNormalization)                                                
                                                                 
 max_pooling1d_54 (MaxPoolin  (None, 72, 64)           0         
 g1D)                                                            
                                                                 
 conv1d_68 (Conv1D)          (None, 72, 64)            8256      
                                                                 
 batch_normalization_92 (Bat  (None, 72, 64)           256       
 chNormalization)                                                
                                                                 
 max_pooling1d_55 (MaxPoolin  (None, 18, 64)           0         
 g1D)                                                            
                                                                 
 conv1d_69 (Conv1D)          (None, 18, 64)            8256      
                                                                 
 batch_normalization_93 (Bat  (None, 18, 64)           256       
 chNormalization)                                                
                                                                 
 global_max_pooling1d_13 (Gl  (None, 64)               0         
 obalMaxPooling1D)                                               
                                                                 
 dense_37 (Dense)            (None, 32)                2080      
                                                                 
 batch_normalization_94 (Bat  (None, 32)               128       
 chNormalization)                                                
                                                                 
 activation_24 (Activation)  (None, 32)                0         
                                                                 
 dense_38 (Dense)            (None, 64)                2112      
                                                                 
 batch_normalization_95 (Bat  (None, 64)               256       
 chNormalization)                                                
                                                                 
 activation_25 (Activation)  (None, 64)                0         
                                                                 
 dense_39 (Dense)            (None, 64)                4160      
                                                                 
 output (Dense)              (None, 2)                 130       
                                                                 
=================================================================
Total params: 43,490
Trainable params: 42,658
Non-trainable params: 832
_________________________________________________________________
","[1, 2, 4, 8, 16]",relu,l2,0.05,TRUE,0.001,16,10000,Adam,mean_squared_error,556,80,0.001999,0.019208,0.006938,4544,N/A
2025-12-03_11-34-35,"Model: ""Modular_1D_CNN_Model""
_________________________________________________________________
 Layer (type)                Output Shape              Param #   
=================================================================
 conv1d_70 (Conv1D)          (None, 4624, 64)          320       
                                                                 
 batch_normalization_96 (Bat  (None, 4624, 64)         256       
 chNormalization)                                                
                                                                 
 max_pooling1d_56 (MaxPoolin  (None, 1156, 64)         0         
 g1D)                                                            
                                                                 
 conv1d_71 (Conv1D)          (None, 1156, 64)          8256      
                                                                 
 batch_normalization_97 (Bat  (None, 1156, 64)         256       
 chNormalization)                                                
                                                                 
 max_pooling1d_57 (MaxPoolin  (None, 289, 64)          0         
 g1D)                                                            
                                                                 
 conv1d_72 (Conv1D)          (None, 289, 64)           8256      
                                                                 
 batch_normalization_98 (Bat  (None, 289, 64)          256       
 chNormalization)                                                
                                                                 
 max_pooling1d_58 (MaxPoolin  (None, 72, 64)           0         
 g1D)                                                            
                                                                 
 conv1d_73 (Conv1D)          (None, 72, 64)            8256      
                                                                 
 batch_normalization_99 (Bat  (None, 72, 64)           256       
 chNormalization)                                                
                                                                 
 max_pooling1d_59 (MaxPoolin  (None, 18, 64)           0         
 g1D)                                                            
                                                                 
 conv1d_74 (Conv1D)          (None, 18, 64)            8256      
                                                                 
 batch_normalization_100 (Ba  (None, 18, 64)           256       
 tchNormalization)                                               
                                                                 
 global_max_pooling1d_14 (Gl  (None, 64)               0         
 obalMaxPooling1D)                                               
                                                                 
 dense_40 (Dense)            (None, 64)                4160      
                                                                 
 batch_normalization_101 (Ba  (None, 64)               256       
 tchNormalization)                                               
                                                                 
 activation_26 (Activation)  (None, 64)                0         
                                                                 
 dense_41 (Dense)            (None, 128)               8320      
                                                                 
 batch_normalization_102 (Ba  (None, 128)              512       
 tchNormalization)                                               
                                                                 
 activation_27 (Activation)  (None, 128)               0         
                                                                 
 dense_42 (Dense)            (None, 64)                8256      
                                                                 
 output (Dense)              (None, 2)                 130       
                                                                 
=================================================================
Total params: 56,258
Trainable params: 55,234
Non-trainable params: 1,024
_________________________________________________________________
","[1, 2, 4, 8, 16]",relu,l2,0.05,TRUE,0.001,16,10000,Adam,mean_squared_error,556,80,0.002538,0.018744,0.005678,1932,N/A
2025-12-03_11-34-35,"Model: ""Modular_1D_CNN_Model""
_________________________________________________________________
 Layer (type)                Output Shape              Param #   
=================================================================
 conv1d_70 (Conv1D)          (None, 4624, 64)          320       
                                                                 
 batch_normalization_96 (Bat  (None, 4624, 64)         256       
 chNormalization)                                                
                                                                 
 max_pooling1d_56 (MaxPoolin  (None, 1156, 64)         0         
 g1D)                                                            
                                                                 
 conv1d_71 (Conv1D)          (None, 1156, 64)          8256      
                                                                 
 batch_normalization_97 (Bat  (None, 1156, 64)         256       
 chNormalization)                                                
                                                                 
 max_pooling1d_57 (MaxPoolin  (None, 289, 64)          0         
 g1D)                                                            
                                                                 
 conv1d_72 (Conv1D)          (None, 289, 64)           8256      
                                                                 
 batch_normalization_98 (Bat  (None, 289, 64)          256       
 chNormalization)                                                
                                                                 
 max_pooling1d_58 (MaxPoolin  (None, 72, 64)           0         
 g1D)                                                            
                                                                 
 conv1d_73 (Conv1D)          (None, 72, 64)            8256      
                                                                 
 batch_normalization_99 (Bat  (None, 72, 64)           256       
 chNormalization)                                                
                                                                 
 max_pooling1d_59 (MaxPoolin  (None, 18, 64)           0         
 g1D)                                                            
                                                                 
 conv1d_74 (Conv1D)          (None, 18, 64)            8256      
                                                                 
 batch_normalization_100 (Ba  (None, 18, 64)           256       
 tchNormalization)                                               
                                                                 
 global_max_pooling1d_14 (Gl  (None, 64)               0         
 obalMaxPooling1D)                                               
                                                                 
 dense_40 (Dense)            (None, 64)                4160      
                                                                 
 batch_normalization_101 (Ba  (None, 64)               256       
 tchNormalization)                                               
                                                                 
 activation_26 (Activation)  (None, 64)                0         
                                                                 
 dense_41 (Dense)            (None, 128)               8320      
                                                                 
 batch_normalization_102 (Ba  (None, 128)              512       
 tchNormalization)                                               
                                                                 
 activation_27 (Activation)  (None, 128)               0         
                                                                 
 dense_42 (Dense)            (None, 64)                8256      
                                                                 
 output (Dense)              (None, 2)                 130       
                                                                 
=================================================================
Total params: 56,258
Trainable params: 55,234
Non-trainable params: 1,024
_________________________________________________________________
","[1, 2, 4, 8, 16]",relu,l2,0.05,TRUE,0.001,16,10000,Adam,mean_squared_error,556,80,0.002538,0.018744,0.005678,1932,N/A
2025-12-03_12-54-03,"Model: ""Modular_1D_CNN_Model""
_________________________________________________________________
 Layer (type)                Output Shape              Param #   
=================================================================
 conv1d_75 (Conv1D)          (None, 4624, 64)          320       
                                                                 
 batch_normalization_103 (Ba  (None, 4624, 64)         256       
 tchNormalization)                                               
                                                                 
 max_pooling1d_60 (MaxPoolin  (None, 1156, 64)         0         
 g1D)                                                            
                                                                 
 conv1d_76 (Conv1D)          (None, 1156, 64)          8256      
                                                                 
 batch_normalization_104 (Ba  (None, 1156, 64)         256       
 tchNormalization)                                               
                                                                 
 max_pooling1d_61 (MaxPoolin  (None, 289, 64)          0         
 g1D)                                                            
                                                                 
 conv1d_77 (Conv1D)          (None, 289, 64)           8256      
                                                                 
 batch_normalization_105 (Ba  (None, 289, 64)          256       
 tchNormalization)                                               
                                                                 
 max_pooling1d_62 (MaxPoolin  (None, 72, 64)           0         
 g1D)                                                            
                                                                 
 conv1d_78 (Conv1D)          (None, 72, 64)            8256      
                                                                 
 batch_normalization_106 (Ba  (None, 72, 64)           256       
 tchNormalization)                                               
                                                                 
 max_pooling1d_63 (MaxPoolin  (None, 18, 64)           0         
 g1D)                                                            
                                                                 
 conv1d_79 (Conv1D)          (None, 18, 64)            8256      
                                                                 
 batch_normalization_107 (Ba  (None, 18, 64)           256       
 tchNormalization)                                               
                                                                 
 global_max_pooling1d_15 (Gl  (None, 64)               0         
 obalMaxPooling1D)                                               
                                                                 
 dense_43 (Dense)            (None, 16)                1040      
                                                                 
 batch_normalization_108 (Ba  (None, 16)               64        
 tchNormalization)                                               
                                                                 
 activation_28 (Activation)  (None, 16)                0         
                                                                 
 dense_44 (Dense)            (None, 32)                544       
                                                                 
 batch_normalization_109 (Ba  (None, 32)               128       
 tchNormalization)                                               
                                                                 
 activation_29 (Activation)  (None, 32)                0         
                                                                 
 dense_45 (Dense)            (None, 64)                2112      
                                                                 
 batch_normalization_110 (Ba  (None, 64)               256       
 tchNormalization)                                               
                                                                 
 activation_30 (Activation)  (None, 64)                0         
                                                                 
 dense_46 (Dense)            (None, 64)                4160      
                                                                 
 output (Dense)              (None, 2)                 130       
                                                                 
=================================================================
Total params: 43,058
Trainable params: 42,194
Non-trainable params: 864
_________________________________________________________________
","[1, 2, 4, 8, 16]",relu,l2,0.05,TRUE,0.001,16,10000,Adam,mean_squared_error,556,80,0.002773,0.012637,0.005222,4306,N/A
2025-12-03_12-54-03,"Model: ""Modular_1D_CNN_Model""
_________________________________________________________________
 Layer (type)                Output Shape              Param #   
=================================================================
 conv1d_75 (Conv1D)          (None, 4624, 64)          320       
                                                                 
 batch_normalization_103 (Ba  (None, 4624, 64)         256       
 tchNormalization)                                               
                                                                 
 max_pooling1d_60 (MaxPoolin  (None, 1156, 64)         0         
 g1D)                                                            
                                                                 
 conv1d_76 (Conv1D)          (None, 1156, 64)          8256      
                                                                 
 batch_normalization_104 (Ba  (None, 1156, 64)         256       
 tchNormalization)                                               
                                                                 
 max_pooling1d_61 (MaxPoolin  (None, 289, 64)          0         
 g1D)                                                            
                                                                 
 conv1d_77 (Conv1D)          (None, 289, 64)           8256      
                                                                 
 batch_normalization_105 (Ba  (None, 289, 64)          256       
 tchNormalization)                                               
                                                                 
 max_pooling1d_62 (MaxPoolin  (None, 72, 64)           0         
 g1D)                                                            
                                                                 
 conv1d_78 (Conv1D)          (None, 72, 64)            8256      
                                                                 
 batch_normalization_106 (Ba  (None, 72, 64)           256       
 tchNormalization)                                               
                                                                 
 max_pooling1d_63 (MaxPoolin  (None, 18, 64)           0         
 g1D)                                                            
                                                                 
 conv1d_79 (Conv1D)          (None, 18, 64)            8256      
                                                                 
 batch_normalization_107 (Ba  (None, 18, 64)           256       
 tchNormalization)                                               
                                                                 
 global_max_pooling1d_15 (Gl  (None, 64)               0         
 obalMaxPooling1D)                                               
                                                                 
 dense_43 (Dense)            (None, 16)                1040      
                                                                 
 batch_normalization_108 (Ba  (None, 16)               64        
 tchNormalization)                                               
                                                                 
 activation_28 (Activation)  (None, 16)                0         
                                                                 
 dense_44 (Dense)            (None, 32)                544       
                                                                 
 batch_normalization_109 (Ba  (None, 32)               128       
 tchNormalization)                                               
                                                                 
 activation_29 (Activation)  (None, 32)                0         
                                                                 
 dense_45 (Dense)            (None, 64)                2112      
                                                                 
 batch_normalization_110 (Ba  (None, 64)               256       
 tchNormalization)                                               
                                                                 
 activation_30 (Activation)  (None, 64)                0         
                                                                 
 dense_46 (Dense)            (None, 64)                4160      
                                                                 
 output (Dense)              (None, 2)                 130       
                                                                 
=================================================================
Total params: 43,058
Trainable params: 42,194
Non-trainable params: 864
_________________________________________________________________
","[1, 2, 4, 8, 16]",relu,l2,0.05,TRUE,0.001,16,10000,Adam,mean_squared_error,556,80,0.002773,0.012637,0.005222,4306,N/A
2025-12-03_14-12-59,"Model: ""Modular_1D_CNN_Model""
_________________________________________________________________
 Layer (type)                Output Shape              Param #   
=================================================================
 conv1d_80 (Conv1D)          (None, 4624, 64)          320       
                                                                 
 batch_normalization_111 (Ba  (None, 4624, 64)         256       
 tchNormalization)                                               
                                                                 
 max_pooling1d_64 (MaxPoolin  (None, 1156, 64)         0         
 g1D)                                                            
                                                                 
 conv1d_81 (Conv1D)          (None, 1156, 64)          8256      
                                                                 
 batch_normalization_112 (Ba  (None, 1156, 64)         256       
 tchNormalization)                                               
                                                                 
 max_pooling1d_65 (MaxPoolin  (None, 289, 64)          0         
 g1D)                                                            
                                                                 
 conv1d_82 (Conv1D)          (None, 289, 64)           8256      
                                                                 
 batch_normalization_113 (Ba  (None, 289, 64)          256       
 tchNormalization)                                               
                                                                 
 max_pooling1d_66 (MaxPoolin  (None, 72, 64)           0         
 g1D)                                                            
                                                                 
 conv1d_83 (Conv1D)          (None, 72, 64)            8256      
                                                                 
 batch_normalization_114 (Ba  (None, 72, 64)           256       
 tchNormalization)                                               
                                                                 
 max_pooling1d_67 (MaxPoolin  (None, 18, 64)           0         
 g1D)                                                            
                                                                 
 conv1d_84 (Conv1D)          (None, 18, 64)            8256      
                                                                 
 batch_normalization_115 (Ba  (None, 18, 64)           256       
 tchNormalization)                                               
                                                                 
 global_max_pooling1d_16 (Gl  (None, 64)               0         
 obalMaxPooling1D)                                               
                                                                 
 dense_47 (Dense)            (None, 32)                2080      
                                                                 
 batch_normalization_116 (Ba  (None, 32)               128       
 tchNormalization)                                               
                                                                 
 activation_31 (Activation)  (None, 32)                0         
                                                                 
 dense_48 (Dense)            (None, 64)                2112      
                                                                 
 batch_normalization_117 (Ba  (None, 64)               256       
 tchNormalization)                                               
                                                                 
 activation_32 (Activation)  (None, 64)                0         
                                                                 
 dense_49 (Dense)            (None, 128)               8320      
                                                                 
 batch_normalization_118 (Ba  (None, 128)              512       
 tchNormalization)                                               
                                                                 
 activation_33 (Activation)  (None, 128)               0         
                                                                 
 dense_50 (Dense)            (None, 64)                8256      
                                                                 
 output (Dense)              (None, 2)                 130       
                                                                 
=================================================================
Total params: 56,418
Trainable params: 55,330
Non-trainable params: 1,088
_________________________________________________________________
","[1, 2, 4, 8, 16]",relu,l2,0.05,TRUE,0.001,16,10000,Adam,mean_squared_error,556,80,0.001964,0.022045,0.006447,906,N/A
2025-12-03_14-12-59,"Model: ""Modular_1D_CNN_Model""
_________________________________________________________________
 Layer (type)                Output Shape              Param #   
=================================================================
 conv1d_80 (Conv1D)          (None, 4624, 64)          320       
                                                                 
 batch_normalization_111 (Ba  (None, 4624, 64)         256       
 tchNormalization)                                               
                                                                 
 max_pooling1d_64 (MaxPoolin  (None, 1156, 64)         0         
 g1D)                                                            
                                                                 
 conv1d_81 (Conv1D)          (None, 1156, 64)          8256      
                                                                 
 batch_normalization_112 (Ba  (None, 1156, 64)         256       
 tchNormalization)                                               
                                                                 
 max_pooling1d_65 (MaxPoolin  (None, 289, 64)          0         
 g1D)                                                            
                                                                 
 conv1d_82 (Conv1D)          (None, 289, 64)           8256      
                                                                 
 batch_normalization_113 (Ba  (None, 289, 64)          256       
 tchNormalization)                                               
                                                                 
 max_pooling1d_66 (MaxPoolin  (None, 72, 64)           0         
 g1D)                                                            
                                                                 
 conv1d_83 (Conv1D)          (None, 72, 64)            8256      
                                                                 
 batch_normalization_114 (Ba  (None, 72, 64)           256       
 tchNormalization)                                               
                                                                 
 max_pooling1d_67 (MaxPoolin  (None, 18, 64)           0         
 g1D)                                                            
                                                                 
 conv1d_84 (Conv1D)          (None, 18, 64)            8256      
                                                                 
 batch_normalization_115 (Ba  (None, 18, 64)           256       
 tchNormalization)                                               
                                                                 
 global_max_pooling1d_16 (Gl  (None, 64)               0         
 obalMaxPooling1D)                                               
                                                                 
 dense_47 (Dense)            (None, 32)                2080      
                                                                 
 batch_normalization_116 (Ba  (None, 32)               128       
 tchNormalization)                                               
                                                                 
 activation_31 (Activation)  (None, 32)                0         
                                                                 
 dense_48 (Dense)            (None, 64)                2112      
                                                                 
 batch_normalization_117 (Ba  (None, 64)               256       
 tchNormalization)                                               
                                                                 
 activation_32 (Activation)  (None, 64)                0         
                                                                 
 dense_49 (Dense)            (None, 128)               8320      
                                                                 
 batch_normalization_118 (Ba  (None, 128)              512       
 tchNormalization)                                               
                                                                 
 activation_33 (Activation)  (None, 128)               0         
                                                                 
 dense_50 (Dense)            (None, 64)                8256      
                                                                 
 output (Dense)              (None, 2)                 130       
                                                                 
=================================================================
Total params: 56,418
Trainable params: 55,330
Non-trainable params: 1,088
_________________________________________________________________
","[1, 2, 4, 8, 16]",relu,l2,0.05,TRUE,0.001,16,10000,Adam,mean_squared_error,556,80,0.001964,0.022045,0.006447,906,N/A
2025-12-01_05-21-12,"Model: ""Modular_1D_CNN_Model""
_________________________________________________________________
 Layer (type)                Output Shape              Param #   
=================================================================
 conv1d_18 (Conv1D)          (None, 4624, 64)          320       
                                                                 
 batch_normalization_18 (Bat  (None, 4624, 64)         256       
 chNormalization)                                                
                                                                 
 max_pooling1d_9 (MaxPooling  (None, 2312, 64)         0         
 1D)                                                             
                                                                 
 conv1d_19 (Conv1D)          (None, 2312, 64)          8256      
                                                                 
 batch_normalization_19 (Bat  (None, 2312, 64)         256       
 chNormalization)                                                
                                                                 
 max_pooling1d_10 (MaxPoolin  (None, 1156, 64)         0         
 g1D)                                                            
                                                                 
 conv1d_20 (Conv1D)          (None, 1156, 64)          8256      
                                                                 
 batch_normalization_20 (Bat  (None, 1156, 64)         256       
 chNormalization)                                                
                                                                 
 max_pooling1d_11 (MaxPoolin  (None, 578, 64)          0         
 g1D)                                                            
                                                                 
 conv1d_21 (Conv1D)          (None, 578, 64)           8256      
                                                                 
 batch_normalization_21 (Bat  (None, 578, 64)          256       
 chNormalization)                                                
                                                                 
 global_max_pooling1d_9 (Glo  (None, 64)               0         
 balMaxPooling1D)                                                
                                                                 
 dense_9 (Dense)             (None, 64)                4160      
                                                                 
 dropout_9 (Dropout)         (None, 64)                0         
                                                                 
 output (Dense)              (None, 2)                 130       
                                                                 
=================================================================
Total params: 30,402
Trainable params: 29,890
Non-trainable params: 512
_________________________________________________________________
","[1, 2, 4, 8]",relu,l2,0.2,TRUE,0.001,16,10000,Adam,mean_squared_error,556,80,0.004725,0.008477,0.006519,7564,N/A
2025-12-01_05-21-12,"Model: ""Modular_1D_CNN_Model""
_________________________________________________________________
 Layer (type)                Output Shape              Param #   
=================================================================
 conv1d_18 (Conv1D)          (None, 4624, 64)          320       
                                                                 
 batch_normalization_18 (Bat  (None, 4624, 64)         256       
 chNormalization)                                                
                                                                 
 max_pooling1d_9 (MaxPooling  (None, 2312, 64)         0         
 1D)                                                             
                                                                 
 conv1d_19 (Conv1D)          (None, 2312, 64)          8256      
                                                                 
 batch_normalization_19 (Bat  (None, 2312, 64)         256       
 chNormalization)                                                
                                                                 
 max_pooling1d_10 (MaxPoolin  (None, 1156, 64)         0         
 g1D)                                                            
                                                                 
 conv1d_20 (Conv1D)          (None, 1156, 64)          8256      
                                                                 
 batch_normalization_20 (Bat  (None, 1156, 64)         256       
 chNormalization)                                                
                                                                 
 max_pooling1d_11 (MaxPoolin  (None, 578, 64)          0         
 g1D)                                                            
                                                                 
 conv1d_21 (Conv1D)          (None, 578, 64)           8256      
                                                                 
 batch_normalization_21 (Bat  (None, 578, 64)          256       
 chNormalization)                                                
                                                                 
 global_max_pooling1d_9 (Glo  (None, 64)               0         
 balMaxPooling1D)                                                
                                                                 
 dense_9 (Dense)             (None, 64)                4160      
                                                                 
 dropout_9 (Dropout)         (None, 64)                0         
                                                                 
 output (Dense)              (None, 2)                 130       
                                                                 
=================================================================
Total params: 30,402
Trainable params: 29,890
Non-trainable params: 512
_________________________________________________________________
","[1, 2, 4, 8]",relu,l2,0.2,TRUE,0.001,16,10000,Adam,mean_squared_error,556,80,0.004725,0.008477,0.006519,7564,N/A
2025-12-01_06-18-07,"Model: ""Modular_1D_CNN_Model""
_________________________________________________________________
 Layer (type)                Output Shape              Param #   
=================================================================
 conv1d_22 (Conv1D)          (None, 4624, 64)          320       
                                                                 
 batch_normalization_22 (Bat  (None, 4624, 64)         256       
 chNormalization)                                                
                                                                 
 max_pooling1d_12 (MaxPoolin  (None, 1156, 64)         0         
 g1D)                                                            
                                                                 
 conv1d_23 (Conv1D)          (None, 1156, 64)          8256      
                                                                 
 batch_normalization_23 (Bat  (None, 1156, 64)         256       
 chNormalization)                                                
                                                                 
 max_pooling1d_13 (MaxPoolin  (None, 289, 64)          0         
 g1D)                                                            
                                                                 
 conv1d_24 (Conv1D)          (None, 289, 64)           8256      
                                                                 
 batch_normalization_24 (Bat  (None, 289, 64)          256       
 chNormalization)                                                
                                                                 
 max_pooling1d_14 (MaxPoolin  (None, 72, 64)           0         
 g1D)                                                            
                                                                 
 conv1d_25 (Conv1D)          (None, 72, 64)            8256      
                                                                 
 batch_normalization_25 (Bat  (None, 72, 64)           256       
 chNormalization)                                                
                                                                 
 global_max_pooling1d_10 (Gl  (None, 64)               0         
 obalMaxPooling1D)                                               
                                                                 
 dense_10 (Dense)            (None, 64)                4160      
                                                                 
 dropout_10 (Dropout)        (None, 64)                0         
                                                                 
 output (Dense)              (None, 2)                 130       
                                                                 
=================================================================
Total params: 30,402
Trainable params: 29,890
Non-trainable params: 512
_________________________________________________________________
","[1, 2, 4, 8]",relu,l2,0.2,TRUE,0.001,16,10000,Adam,mean_squared_error,556,80,0.004108,0.015877,0.007304,9787,N/A
2025-12-01_06-18-07,"Model: ""Modular_1D_CNN_Model""
_________________________________________________________________
 Layer (type)                Output Shape              Param #   
=================================================================
 conv1d_22 (Conv1D)          (None, 4624, 64)          320       
                                                                 
 batch_normalization_22 (Bat  (None, 4624, 64)         256       
 chNormalization)                                                
                                                                 
 max_pooling1d_12 (MaxPoolin  (None, 1156, 64)         0         
 g1D)                                                            
                                                                 
 conv1d_23 (Conv1D)          (None, 1156, 64)          8256      
                                                                 
 batch_normalization_23 (Bat  (None, 1156, 64)         256       
 chNormalization)                                                
                                                                 
 max_pooling1d_13 (MaxPoolin  (None, 289, 64)          0         
 g1D)                                                            
                                                                 
 conv1d_24 (Conv1D)          (None, 289, 64)           8256      
                                                                 
 batch_normalization_24 (Bat  (None, 289, 64)          256       
 chNormalization)                                                
                                                                 
 max_pooling1d_14 (MaxPoolin  (None, 72, 64)           0         
 g1D)                                                            
                                                                 
 conv1d_25 (Conv1D)          (None, 72, 64)            8256      
                                                                 
 batch_normalization_25 (Bat  (None, 72, 64)           256       
 chNormalization)                                                
                                                                 
 global_max_pooling1d_10 (Gl  (None, 64)               0         
 obalMaxPooling1D)                                               
                                                                 
 dense_10 (Dense)            (None, 64)                4160      
                                                                 
 dropout_10 (Dropout)        (None, 64)                0         
                                                                 
 output (Dense)              (None, 2)                 130       
                                                                 
=================================================================
Total params: 30,402
Trainable params: 29,890
Non-trainable params: 512
_________________________________________________________________
","[1, 2, 4, 8]",relu,l2,0.2,TRUE,0.001,16,10000,Adam,mean_squared_error,556,80,0.004108,0.015877,0.007304,9787,N/A
2025-12-01_07-15-06,"Model: ""Modular_1D_CNN_Model""
_________________________________________________________________
 Layer (type)                Output Shape              Param #   
=================================================================
 conv1d_26 (Conv1D)          (None, 4624, 64)          320       
                                                                 
 batch_normalization_26 (Bat  (None, 4624, 64)         256       
 chNormalization)                                                
                                                                 
 max_pooling1d_15 (MaxPoolin  (None, 578, 64)          0         
 g1D)                                                            
                                                                 
 conv1d_27 (Conv1D)          (None, 578, 64)           8256      
                                                                 
 batch_normalization_27 (Bat  (None, 578, 64)          256       
 chNormalization)                                                
                                                                 
 max_pooling1d_16 (MaxPoolin  (None, 72, 64)           0         
 g1D)                                                            
                                                                 
 conv1d_28 (Conv1D)          (None, 72, 64)            8256      
                                                                 
 batch_normalization_28 (Bat  (None, 72, 64)           256       
 chNormalization)                                                
                                                                 
 max_pooling1d_17 (MaxPoolin  (None, 9, 64)            0         
 g1D)                                                            
                                                                 
 conv1d_29 (Conv1D)          (None, 9, 64)             8256      
                                                                 
 batch_normalization_29 (Bat  (None, 9, 64)            256       
 chNormalization)                                                
                                                                 
 global_max_pooling1d_11 (Gl  (None, 64)               0         
 obalMaxPooling1D)                                               
                                                                 
 dense_11 (Dense)            (None, 64)                4160      
                                                                 
 dropout_11 (Dropout)        (None, 64)                0         
                                                                 
 output (Dense)              (None, 2)                 130       
                                                                 
=================================================================
Total params: 30,402
Trainable params: 29,890
Non-trainable params: 512
_________________________________________________________________
","[1, 2, 4, 8]",relu,l2,0.2,TRUE,0.001,16,10000,Adam,mean_squared_error,556,80,0.005351,0.00601,0.00601,10000,N/A
2025-12-01_07-15-06,"Model: ""Modular_1D_CNN_Model""
_________________________________________________________________
 Layer (type)                Output Shape              Param #   
=================================================================
 conv1d_26 (Conv1D)          (None, 4624, 64)          320       
                                                                 
 batch_normalization_26 (Bat  (None, 4624, 64)         256       
 chNormalization)                                                
                                                                 
 max_pooling1d_15 (MaxPoolin  (None, 578, 64)          0         
 g1D)                                                            
                                                                 
 conv1d_27 (Conv1D)          (None, 578, 64)           8256      
                                                                 
 batch_normalization_27 (Bat  (None, 578, 64)          256       
 chNormalization)                                                
                                                                 
 max_pooling1d_16 (MaxPoolin  (None, 72, 64)           0         
 g1D)                                                            
                                                                 
 conv1d_28 (Conv1D)          (None, 72, 64)            8256      
                                                                 
 batch_normalization_28 (Bat  (None, 72, 64)           256       
 chNormalization)                                                
                                                                 
 max_pooling1d_17 (MaxPoolin  (None, 9, 64)            0         
 g1D)                                                            
                                                                 
 conv1d_29 (Conv1D)          (None, 9, 64)             8256      
                                                                 
 batch_normalization_29 (Bat  (None, 9, 64)            256       
 chNormalization)                                                
                                                                 
 global_max_pooling1d_11 (Gl  (None, 64)               0         
 obalMaxPooling1D)                                               
                                                                 
 dense_11 (Dense)            (None, 64)                4160      
                                                                 
 dropout_11 (Dropout)        (None, 64)                0         
                                                                 
 output (Dense)              (None, 2)                 130       
                                                                 
=================================================================
Total params: 30,402
Trainable params: 29,890
Non-trainable params: 512
_________________________________________________________________
","[1, 2, 4, 8]",relu,l2,0.2,TRUE,0.001,16,10000,Adam,mean_squared_error,556,80,0.005351,0.00601,0.00601,10000,N/A
2025-12-01_02-43-51,"Model: ""Modular_1D_CNN_Model""
_________________________________________________________________
 Layer (type)                Output Shape              Param #   
=================================================================
 conv1d_9 (Conv1D)           (None, 4624, 64)          320       
                                                                 
 batch_normalization_9 (Batc  (None, 4624, 64)         256       
 hNormalization)                                                 
                                                                 
 max_pooling1d_3 (MaxPooling  (None, 2312, 64)         0         
 1D)                                                             
                                                                 
 conv1d_10 (Conv1D)          (None, 2312, 64)          8256      
                                                                 
 batch_normalization_10 (Bat  (None, 2312, 64)         256       
 chNormalization)                                                
                                                                 
 max_pooling1d_4 (MaxPooling  (None, 1156, 64)         0         
 1D)                                                             
                                                                 
 conv1d_11 (Conv1D)          (None, 1156, 64)          8256      
                                                                 
 batch_normalization_11 (Bat  (None, 1156, 64)         256       
 chNormalization)                                                
                                                                 
 global_max_pooling1d_6 (Glo  (None, 64)               0         
 balMaxPooling1D)                                                
                                                                 
 dense_6 (Dense)             (None, 64)                4160      
                                                                 
 dropout_6 (Dropout)         (None, 64)                0         
                                                                 
 output (Dense)              (None, 2)                 130       
                                                                 
=================================================================
Total params: 21,890
Trainable params: 21,506
Non-trainable params: 384
_________________________________________________________________
","[1, 2, 4]",relu,l2,0.2,TRUE,0.001,16,10000,Adam,mean_squared_error,556,80,0.008202,0.024428,0.015407,8774,N/A
2025-12-01_02-43-51,"Model: ""Modular_1D_CNN_Model""
_________________________________________________________________
 Layer (type)                Output Shape              Param #   
=================================================================
 conv1d_9 (Conv1D)           (None, 4624, 64)          320       
                                                                 
 batch_normalization_9 (Batc  (None, 4624, 64)         256       
 hNormalization)                                                 
                                                                 
 max_pooling1d_3 (MaxPooling  (None, 2312, 64)         0         
 1D)                                                             
                                                                 
 conv1d_10 (Conv1D)          (None, 2312, 64)          8256      
                                                                 
 batch_normalization_10 (Bat  (None, 2312, 64)         256       
 chNormalization)                                                
                                                                 
 max_pooling1d_4 (MaxPooling  (None, 1156, 64)         0         
 1D)                                                             
                                                                 
 conv1d_11 (Conv1D)          (None, 1156, 64)          8256      
                                                                 
 batch_normalization_11 (Bat  (None, 1156, 64)         256       
 chNormalization)                                                
                                                                 
 global_max_pooling1d_6 (Glo  (None, 64)               0         
 balMaxPooling1D)                                                
                                                                 
 dense_6 (Dense)             (None, 64)                4160      
                                                                 
 dropout_6 (Dropout)         (None, 64)                0         
                                                                 
 output (Dense)              (None, 2)                 130       
                                                                 
=================================================================
Total params: 21,890
Trainable params: 21,506
Non-trainable params: 384
_________________________________________________________________
","[1, 2, 4]",relu,l2,0.2,TRUE,0.001,16,10000,Adam,mean_squared_error,556,80,0.008202,0.024428,0.015407,8774,N/A
2025-12-01_03-33-04,"Model: ""Modular_1D_CNN_Model""
_________________________________________________________________
 Layer (type)                Output Shape              Param #   
=================================================================
 conv1d_12 (Conv1D)          (None, 4624, 64)          320       
                                                                 
 batch_normalization_12 (Bat  (None, 4624, 64)         256       
 chNormalization)                                                
                                                                 
 max_pooling1d_5 (MaxPooling  (None, 1156, 64)         0         
 1D)                                                             
                                                                 
 conv1d_13 (Conv1D)          (None, 1156, 64)          8256      
                                                                 
 batch_normalization_13 (Bat  (None, 1156, 64)         256       
 chNormalization)                                                
                                                                 
 max_pooling1d_6 (MaxPooling  (None, 289, 64)          0         
 1D)                                                             
                                                                 
 conv1d_14 (Conv1D)          (None, 289, 64)           8256      
                                                                 
 batch_normalization_14 (Bat  (None, 289, 64)          256       
 chNormalization)                                                
                                                                 
 global_max_pooling1d_7 (Glo  (None, 64)               0         
 balMaxPooling1D)                                                
                                                                 
 dense_7 (Dense)             (None, 64)                4160      
                                                                 
 dropout_7 (Dropout)         (None, 64)                0         
                                                                 
 output (Dense)              (None, 2)                 130       
                                                                 
=================================================================
Total params: 21,890
Trainable params: 21,506
Non-trainable params: 384
_________________________________________________________________
","[1, 2, 4]",relu,l2,0.2,TRUE,0.001,16,10000,Adam,mean_squared_error,556,80,0.004353,0.010797,0.004864,6289,N/A
2025-12-01_03-33-04,"Model: ""Modular_1D_CNN_Model""
_________________________________________________________________
 Layer (type)                Output Shape              Param #   
=================================================================
 conv1d_12 (Conv1D)          (None, 4624, 64)          320       
                                                                 
 batch_normalization_12 (Bat  (None, 4624, 64)         256       
 chNormalization)                                                
                                                                 
 max_pooling1d_5 (MaxPooling  (None, 1156, 64)         0         
 1D)                                                             
                                                                 
 conv1d_13 (Conv1D)          (None, 1156, 64)          8256      
                                                                 
 batch_normalization_13 (Bat  (None, 1156, 64)         256       
 chNormalization)                                                
                                                                 
 max_pooling1d_6 (MaxPooling  (None, 289, 64)          0         
 1D)                                                             
                                                                 
 conv1d_14 (Conv1D)          (None, 289, 64)           8256      
                                                                 
 batch_normalization_14 (Bat  (None, 289, 64)          256       
 chNormalization)                                                
                                                                 
 global_max_pooling1d_7 (Glo  (None, 64)               0         
 balMaxPooling1D)                                                
                                                                 
 dense_7 (Dense)             (None, 64)                4160      
                                                                 
 dropout_7 (Dropout)         (None, 64)                0         
                                                                 
 output (Dense)              (None, 2)                 130       
                                                                 
=================================================================
Total params: 21,890
Trainable params: 21,506
Non-trainable params: 384
_________________________________________________________________
","[1, 2, 4]",relu,l2,0.2,TRUE,0.001,16,10000,Adam,mean_squared_error,556,80,0.004353,0.010797,0.004864,6289,N/A
2025-12-01_04-22-10,"Model: ""Modular_1D_CNN_Model""
_________________________________________________________________
 Layer (type)                Output Shape              Param #   
=================================================================
 conv1d_15 (Conv1D)          (None, 4624, 64)          320       
                                                                 
 batch_normalization_15 (Bat  (None, 4624, 64)         256       
 chNormalization)                                                
                                                                 
 max_pooling1d_7 (MaxPooling  (None, 578, 64)          0         
 1D)                                                             
                                                                 
 conv1d_16 (Conv1D)          (None, 578, 64)           8256      
                                                                 
 batch_normalization_16 (Bat  (None, 578, 64)          256       
 chNormalization)                                                
                                                                 
 max_pooling1d_8 (MaxPooling  (None, 72, 64)           0         
 1D)                                                             
                                                                 
 conv1d_17 (Conv1D)          (None, 72, 64)            8256      
                                                                 
 batch_normalization_17 (Bat  (None, 72, 64)           256       
 chNormalization)                                                
                                                                 
 global_max_pooling1d_8 (Glo  (None, 64)               0         
 balMaxPooling1D)                                                
                                                                 
 dense_8 (Dense)             (None, 64)                4160      
                                                                 
 dropout_8 (Dropout)         (None, 64)                0         
                                                                 
 output (Dense)              (None, 2)                 130       
                                                                 
=================================================================
Total params: 21,890
Trainable params: 21,506
Non-trainable params: 384
_________________________________________________________________
","[1, 2, 4]",relu,l2,0.2,TRUE,0.001,16,10000,Adam,mean_squared_error,556,80,0.004046,0.009735,0.00666,7746,N/A
2025-12-01_04-22-10,"Model: ""Modular_1D_CNN_Model""
_________________________________________________________________
 Layer (type)                Output Shape              Param #   
=================================================================
 conv1d_15 (Conv1D)          (None, 4624, 64)          320       
                                                                 
 batch_normalization_15 (Bat  (None, 4624, 64)         256       
 chNormalization)                                                
                                                                 
 max_pooling1d_7 (MaxPooling  (None, 578, 64)          0         
 1D)                                                             
                                                                 
 conv1d_16 (Conv1D)          (None, 578, 64)           8256      
                                                                 
 batch_normalization_16 (Bat  (None, 578, 64)          256       
 chNormalization)                                                
                                                                 
 max_pooling1d_8 (MaxPooling  (None, 72, 64)           0         
 1D)                                                             
                                                                 
 conv1d_17 (Conv1D)          (None, 72, 64)            8256      
                                                                 
 batch_normalization_17 (Bat  (None, 72, 64)           256       
 chNormalization)                                                
                                                                 
 global_max_pooling1d_8 (Glo  (None, 64)               0         
 balMaxPooling1D)                                                
                                                                 
 dense_8 (Dense)             (None, 64)                4160      
                                                                 
 dropout_8 (Dropout)         (None, 64)                0         
                                                                 
 output (Dense)              (None, 2)                 130       
                                                                 
=================================================================
Total params: 21,890
Trainable params: 21,506
Non-trainable params: 384
_________________________________________________________________
","[1, 2, 4]",relu,l2,0.2,TRUE,0.001,16,10000,Adam,mean_squared_error,556,80,0.004046,0.009735,0.00666,7746,N/A
2025-12-01_00-30-53,"Model: ""Modular_1D_CNN_Model""
_________________________________________________________________
 Layer (type)                Output Shape              Param #   
=================================================================
 conv1d_3 (Conv1D)           (None, 4624, 64)          320       
                                                                 
 batch_normalization_3 (Batc  (None, 4624, 64)         256       
 hNormalization)                                                 
                                                                 
 max_pooling1d (MaxPooling1D  (None, 2312, 64)         0         
 )                                                               
                                                                 
 conv1d_4 (Conv1D)           (None, 2312, 64)          8256      
                                                                 
 batch_normalization_4 (Batc  (None, 2312, 64)         256       
 hNormalization)                                                 
                                                                 
 global_max_pooling1d_3 (Glo  (None, 64)               0         
 balMaxPooling1D)                                                
                                                                 
 dense_3 (Dense)             (None, 64)                4160      
                                                                 
 dropout_3 (Dropout)         (None, 64)                0         
                                                                 
 output (Dense)              (None, 2)                 130       
                                                                 
=================================================================
Total params: 13,378
Trainable params: 13,122
Non-trainable params: 256
_________________________________________________________________
","[1, 2]",relu,l2,0.2,TRUE,0.001,16,10000,Adam,mean_squared_error,556,80,0.009312,0.028943,0.020689,4309,N/A
2025-12-01_00-30-53,"Model: ""Modular_1D_CNN_Model""
_________________________________________________________________
 Layer (type)                Output Shape              Param #   
=================================================================
 conv1d_3 (Conv1D)           (None, 4624, 64)          320       
                                                                 
 batch_normalization_3 (Batc  (None, 4624, 64)         256       
 hNormalization)                                                 
                                                                 
 max_pooling1d (MaxPooling1D  (None, 2312, 64)         0         
 )                                                               
                                                                 
 conv1d_4 (Conv1D)           (None, 2312, 64)          8256      
                                                                 
 batch_normalization_4 (Batc  (None, 2312, 64)         256       
 hNormalization)                                                 
                                                                 
 global_max_pooling1d_3 (Glo  (None, 64)               0         
 balMaxPooling1D)                                                
                                                                 
 dense_3 (Dense)             (None, 64)                4160      
                                                                 
 dropout_3 (Dropout)         (None, 64)                0         
                                                                 
 output (Dense)              (None, 2)                 130       
                                                                 
=================================================================
Total params: 13,378
Trainable params: 13,122
Non-trainable params: 256
_________________________________________________________________
","[1, 2]",relu,l2,0.2,TRUE,0.001,16,10000,Adam,mean_squared_error,556,80,0.009312,0.028943,0.020689,4309,N/A
2025-12-01_01-11-59,"Model: ""Modular_1D_CNN_Model""
_________________________________________________________________
 Layer (type)                Output Shape              Param #   
=================================================================
 conv1d_5 (Conv1D)           (None, 4624, 64)          320       
                                                                 
 batch_normalization_5 (Batc  (None, 4624, 64)         256       
 hNormalization)                                                 
                                                                 
 max_pooling1d_1 (MaxPooling  (None, 1156, 64)         0         
 1D)                                                             
                                                                 
 conv1d_6 (Conv1D)           (None, 1156, 64)          8256      
                                                                 
 batch_normalization_6 (Batc  (None, 1156, 64)         256       
 hNormalization)                                                 
                                                                 
 global_max_pooling1d_4 (Glo  (None, 64)               0         
 balMaxPooling1D)                                                
                                                                 
 dense_4 (Dense)             (None, 64)                4160      
                                                                 
 dropout_4 (Dropout)         (None, 64)                0         
                                                                 
 output (Dense)              (None, 2)                 130       
                                                                 
=================================================================
Total params: 13,378
Trainable params: 13,122
Non-trainable params: 256
_________________________________________________________________
","[1, 2]",relu,l2,0.2,TRUE,0.001,16,10000,Adam,mean_squared_error,556,80,0.008098,0.022887,0.017279,5437,N/A
2025-12-01_01-11-59,"Model: ""Modular_1D_CNN_Model""
_________________________________________________________________
 Layer (type)                Output Shape              Param #   
=================================================================
 conv1d_5 (Conv1D)           (None, 4624, 64)          320       
                                                                 
 batch_normalization_5 (Batc  (None, 4624, 64)         256       
 hNormalization)                                                 
                                                                 
 max_pooling1d_1 (MaxPooling  (None, 1156, 64)         0         
 1D)                                                             
                                                                 
 conv1d_6 (Conv1D)           (None, 1156, 64)          8256      
                                                                 
 batch_normalization_6 (Batc  (None, 1156, 64)         256       
 hNormalization)                                                 
                                                                 
 global_max_pooling1d_4 (Glo  (None, 64)               0         
 balMaxPooling1D)                                                
                                                                 
 dense_4 (Dense)             (None, 64)                4160      
                                                                 
 dropout_4 (Dropout)         (None, 64)                0         
                                                                 
 output (Dense)              (None, 2)                 130       
                                                                 
=================================================================
Total params: 13,378
Trainable params: 13,122
Non-trainable params: 256
_________________________________________________________________
","[1, 2]",relu,l2,0.2,TRUE,0.001,16,10000,Adam,mean_squared_error,556,80,0.008098,0.022887,0.017279,5437,N/A
2025-12-01_01-52-51,"Model: ""Modular_1D_CNN_Model""
_________________________________________________________________
 Layer (type)                Output Shape              Param #   
=================================================================
 conv1d_7 (Conv1D)           (None, 4624, 64)          320       
                                                                 
 batch_normalization_7 (Batc  (None, 4624, 64)         256       
 hNormalization)                                                 
                                                                 
 max_pooling1d_2 (MaxPooling  (None, 578, 64)          0         
 1D)                                                             
                                                                 
 conv1d_8 (Conv1D)           (None, 578, 64)           8256      
                                                                 
 batch_normalization_8 (Batc  (None, 578, 64)          256       
 hNormalization)                                                 
                                                                 
 global_max_pooling1d_5 (Glo  (None, 64)               0         
 balMaxPooling1D)                                                
                                                                 
 dense_5 (Dense)             (None, 64)                4160      
                                                                 
 dropout_5 (Dropout)         (None, 64)                0         
                                                                 
 output (Dense)              (None, 2)                 130       
                                                                 
=================================================================
Total params: 13,378
Trainable params: 13,122
Non-trainable params: 256
_________________________________________________________________
","[1, 2]",relu,l2,0.2,TRUE,0.001,16,10000,Adam,mean_squared_error,556,80,0.007107,0.020868,0.01506,6561,N/A
2025-12-01_01-52-51,"Model: ""Modular_1D_CNN_Model""
_________________________________________________________________
 Layer (type)                Output Shape              Param #   
=================================================================
 conv1d_7 (Conv1D)           (None, 4624, 64)          320       
                                                                 
 batch_normalization_7 (Batc  (None, 4624, 64)         256       
 hNormalization)                                                 
                                                                 
 max_pooling1d_2 (MaxPooling  (None, 578, 64)          0         
 1D)                                                             
                                                                 
 conv1d_8 (Conv1D)           (None, 578, 64)           8256      
                                                                 
 batch_normalization_8 (Batc  (None, 578, 64)          256       
 hNormalization)                                                 
                                                                 
 global_max_pooling1d_5 (Glo  (None, 64)               0         
 balMaxPooling1D)                                                
                                                                 
 dense_5 (Dense)             (None, 64)                4160      
                                                                 
 dropout_5 (Dropout)         (None, 64)                0         
                                                                 
 output (Dense)              (None, 2)                 130       
                                                                 
=================================================================
Total params: 13,378
Trainable params: 13,122
Non-trainable params: 256
_________________________________________________________________
","[1, 2]",relu,l2,0.2,TRUE,0.001,16,10000,Adam,mean_squared_error,556,80,0.007107,0.020868,0.01506,6561,N/A
2025-11-30_22-21-50,"Model: ""Modular_1D_CNN_Model""
_________________________________________________________________
 Layer (type)                Output Shape              Param #   
=================================================================
 conv1d (Conv1D)             (None, 4624, 64)          320       
                                                                 
 batch_normalization (BatchN  (None, 4624, 64)         256       
 ormalization)                                                   
                                                                 
 global_max_pooling1d (Globa  (None, 64)               0         
 lMaxPooling1D)                                                  
                                                                 
 dense (Dense)               (None, 64)                4160      
                                                                 
 dropout (Dropout)           (None, 64)                0         
                                                                 
 output (Dense)              (None, 2)                 130       
                                                                 
=================================================================
Total params: 4,866
Trainable params: 4,738
Non-trainable params: 128
_________________________________________________________________
",[1],relu,l2,0.2,TRUE,0.001,16,10000,Adam,mean_squared_error,556,80,0.019811,0.045662,0.026917,2432,N/A
2025-11-30_22-21-50,"Model: ""Modular_1D_CNN_Model""
_________________________________________________________________
 Layer (type)                Output Shape              Param #   
=================================================================
 conv1d (Conv1D)             (None, 4624, 64)          320       
                                                                 
 batch_normalization (BatchN  (None, 4624, 64)         256       
 ormalization)                                                   
                                                                 
 global_max_pooling1d (Globa  (None, 64)               0         
 lMaxPooling1D)                                                  
                                                                 
 dense (Dense)               (None, 64)                4160      
                                                                 
 dropout (Dropout)           (None, 64)                0         
                                                                 
 output (Dense)              (None, 2)                 130       
                                                                 
=================================================================
Total params: 4,866
Trainable params: 4,738
Non-trainable params: 128
_________________________________________________________________
",[1],relu,l2,0.2,TRUE,0.001,16,10000,Adam,mean_squared_error,556,80,0.019811,0.045662,0.026917,2432,N/A
2025-11-30_23-02-52,"Model: ""Modular_1D_CNN_Model""
_________________________________________________________________
 Layer (type)                Output Shape              Param #   
=================================================================
 conv1d_1 (Conv1D)           (None, 4624, 64)          320       
                                                                 
 batch_normalization_1 (Batc  (None, 4624, 64)         256       
 hNormalization)                                                 
                                                                 
 global_max_pooling1d_1 (Glo  (None, 64)               0         
 balMaxPooling1D)                                                
                                                                 
 dense_1 (Dense)             (None, 64)                4160      
                                                                 
 dropout_1 (Dropout)         (None, 64)                0         
                                                                 
 output (Dense)              (None, 2)                 130       
                                                                 
=================================================================
Total params: 4,866
Trainable params: 4,738
Non-trainable params: 128
_________________________________________________________________
",[1],relu,l2,0.2,TRUE,0.001,16,10000,Adam,mean_squared_error,556,80,0.018553,0.030307,0.026012,536,N/A
2025-11-30_23-02-52,"Model: ""Modular_1D_CNN_Model""
_________________________________________________________________
 Layer (type)                Output Shape              Param #   
=================================================================
 conv1d_1 (Conv1D)           (None, 4624, 64)          320       
                                                                 
 batch_normalization_1 (Batc  (None, 4624, 64)         256       
 hNormalization)                                                 
                                                                 
 global_max_pooling1d_1 (Glo  (None, 64)               0         
 balMaxPooling1D)                                                
                                                                 
 dense_1 (Dense)             (None, 64)                4160      
                                                                 
 dropout_1 (Dropout)         (None, 64)                0         
                                                                 
 output (Dense)              (None, 2)                 130       
                                                                 
=================================================================
Total params: 4,866
Trainable params: 4,738
Non-trainable params: 128
_________________________________________________________________
",[1],relu,l2,0.2,TRUE,0.001,16,10000,Adam,mean_squared_error,556,80,0.018553,0.030307,0.026012,536,N/A
2025-11-30_23-44-37,"Model: ""Modular_1D_CNN_Model""
_________________________________________________________________
 Layer (type)                Output Shape              Param #   
=================================================================
 conv1d_2 (Conv1D)           (None, 4624, 64)          320       
                                                                 
 batch_normalization_2 (Batc  (None, 4624, 64)         256       
 hNormalization)                                                 
                                                                 
 global_max_pooling1d_2 (Glo  (None, 64)               0         
 balMaxPooling1D)                                                
                                                                 
 dense_2 (Dense)             (None, 64)                4160      
                                                                 
 dropout_2 (Dropout)         (None, 64)                0         
                                                                 
 output (Dense)              (None, 2)                 130       
                                                                 
=================================================================
Total params: 4,866
Trainable params: 4,738
Non-trainable params: 128
_________________________________________________________________
",[1],relu,l2,0.2,TRUE,0.001,16,10000,Adam,mean_squared_error,556,80,0.016167,0.046891,0.027306,631,N/A
2025-11-30_23-44-37,"Model: ""Modular_1D_CNN_Model""
_________________________________________________________________
 Layer (type)                Output Shape              Param #   
=================================================================
 conv1d_2 (Conv1D)           (None, 4624, 64)          320       
                                                                 
 batch_normalization_2 (Batc  (None, 4624, 64)         256       
 hNormalization)                                                 
                                                                 
 global_max_pooling1d_2 (Glo  (None, 64)               0         
 balMaxPooling1D)                                                
                                                                 
 dense_2 (Dense)             (None, 64)                4160      
                                                                 
 dropout_2 (Dropout)         (None, 64)                0         
                                                                 
 output (Dense)              (None, 2)                 130       
                                                                 
=================================================================
Total params: 4,866
Trainable params: 4,738
Non-trainable params: 128
_________________________________________________________________
",[1],relu,l2,0.2,TRUE,0.001,16,10000,Adam,mean_squared_error,556,80,0.016167,0.046891,0.027306,631,N/A
2025-12-03_08-08-07,"Model: ""Modular_1D_CNN_Model""
_________________________________________________________________
 Layer (type)                Output Shape              Param #   
=================================================================
 conv1d_57 (Conv1D)          (None, 7404, 64)          704       
                                                                 
 batch_normalization_72 (Bat  (None, 7404, 64)         256       
 chNormalization)                                                
                                                                 
 max_pooling1d_18 (MaxPoolin  (None, 1851, 64)         0         
 g1D)                                                            
                                                                 
 conv1d_58 (Conv1D)          (None, 1851, 64)          8256      
                                                                 
 batch_normalization_73 (Bat  (None, 1851, 64)         256       
 chNormalization)                                                
                                                                 
 max_pooling1d_19 (MaxPoolin  (None, 462, 64)          0         
 g1D)                                                            
                                                                 
 conv1d_59 (Conv1D)          (None, 462, 64)           8256      
                                                                 
 batch_normalization_74 (Bat  (None, 462, 64)          256       
 chNormalization)                                                
                                                                 
 conv1d_60 (Conv1D)          (None, 462, 64)           8256      
                                                                 
 batch_normalization_75 (Bat  (None, 462, 64)          256       
 chNormalization)                                                
                                                                 
 conv1d_61 (Conv1D)          (None, 462, 64)           8256      
                                                                 
 batch_normalization_76 (Bat  (None, 462, 64)          256       
 chNormalization)                                                
                                                                 
 global_max_pooling1d_15 (Gl  (None, 64)               0         
 obalMaxPooling1D)                                               
                                                                 
 dense_30 (Dense)            (None, 64)                4160      
                                                                 
 batch_normalization_77 (Bat  (None, 64)               256       
 chNormalization)                                                
                                                                 
 activation_15 (Activation)  (None, 64)                0         
                                                                 
 dense_31 (Dense)            (None, 64)                4160      
                                                                 
 output (Dense)              (None, 2)                 130       
                                                                 
=================================================================
Total params: 43,714
Trainable params: 42,946
Non-trainable params: 768
_________________________________________________________________
","[32, 32, 64, 64, 64]",relu,l2,0,TRUE,0.001,16,10000,Adam,mean_squared_error,175,25,0.001539,0.010938,0.005579,7946,N/A
2025-12-03_08-08-07,"Model: ""Modular_1D_CNN_Model""
_________________________________________________________________
 Layer (type)                Output Shape              Param #   
=================================================================
 conv1d_57 (Conv1D)          (None, 7404, 64)          704       
                                                                 
 batch_normalization_72 (Bat  (None, 7404, 64)         256       
 chNormalization)                                                
                                                                 
 max_pooling1d_18 (MaxPoolin  (None, 1851, 64)         0         
 g1D)                                                            
                                                                 
 conv1d_58 (Conv1D)          (None, 1851, 64)          8256      
                                                                 
 batch_normalization_73 (Bat  (None, 1851, 64)         256       
 chNormalization)                                                
                                                                 
 max_pooling1d_19 (MaxPoolin  (None, 462, 64)          0         
 g1D)                                                            
                                                                 
 conv1d_59 (Conv1D)          (None, 462, 64)           8256      
                                                                 
 batch_normalization_74 (Bat  (None, 462, 64)          256       
 chNormalization)                                                
                                                                 
 conv1d_60 (Conv1D)          (None, 462, 64)           8256      
                                                                 
 batch_normalization_75 (Bat  (None, 462, 64)          256       
 chNormalization)                                                
                                                                 
 conv1d_61 (Conv1D)          (None, 462, 64)           8256      
                                                                 
 batch_normalization_76 (Bat  (None, 462, 64)          256       
 chNormalization)                                                
                                                                 
 global_max_pooling1d_15 (Gl  (None, 64)               0         
 obalMaxPooling1D)                                               
                                                                 
 dense_30 (Dense)            (None, 64)                4160      
                                                                 
 batch_normalization_77 (Bat  (None, 64)               256       
 chNormalization)                                                
                                                                 
 activation_15 (Activation)  (None, 64)                0         
                                                                 
 dense_31 (Dense)            (None, 64)                4160      
                                                                 
 output (Dense)              (None, 2)                 130       
                                                                 
=================================================================
Total params: 43,714
Trainable params: 42,946
Non-trainable params: 768
_________________________________________________________________
","[32, 32, 64, 64, 64]",relu,l2,0,TRUE,0.001,16,10000,Adam,mean_squared_error,175,25,0.001539,0.010938,0.005579,7946,N/A
2025-12-03_08-38-33,"Model: ""Modular_1D_CNN_Model""
_________________________________________________________________
 Layer (type)                Output Shape              Param #   
=================================================================
 conv1d_62 (Conv1D)          (None, 7404, 64)          1664      
                                                                 
 batch_normalization_78 (Bat  (None, 7404, 64)         256       
 chNormalization)                                                
                                                                 
 max_pooling1d_20 (MaxPoolin  (None, 1851, 64)         0         
 g1D)                                                            
                                                                 
 conv1d_63 (Conv1D)          (None, 1851, 64)          20544     
                                                                 
 batch_normalization_79 (Bat  (None, 1851, 64)         256       
 chNormalization)                                                
                                                                 
 max_pooling1d_21 (MaxPoolin  (None, 462, 64)          0         
 g1D)                                                            
                                                                 
 conv1d_64 (Conv1D)          (None, 462, 64)           20544     
                                                                 
 batch_normalization_80 (Bat  (None, 462, 64)          256       
 chNormalization)                                                
                                                                 
 conv1d_65 (Conv1D)          (None, 462, 64)           20544     
                                                                 
 batch_normalization_81 (Bat  (None, 462, 64)          256       
 chNormalization)                                                
                                                                 
 conv1d_66 (Conv1D)          (None, 462, 64)           20544     
                                                                 
 batch_normalization_82 (Bat  (None, 462, 64)          256       
 chNormalization)                                                
                                                                 
 global_max_pooling1d_16 (Gl  (None, 64)               0         
 obalMaxPooling1D)                                               
                                                                 
 dense_32 (Dense)            (None, 64)                4160      
                                                                 
 batch_normalization_83 (Bat  (None, 64)               256       
 chNormalization)                                                
                                                                 
 activation_16 (Activation)  (None, 64)                0         
                                                                 
 dense_33 (Dense)            (None, 64)                4160      
                                                                 
 output (Dense)              (None, 2)                 130       
                                                                 
=================================================================
Total params: 93,826
Trainable params: 93,058
Non-trainable params: 768
_________________________________________________________________
","[32, 32, 64, 64, 64]",relu,l2,0,TRUE,0.001,16,10000,Adam,mean_squared_error,175,25,0.002591,0.018277,0.008232,6187,N/A
2025-12-03_08-38-33,"Model: ""Modular_1D_CNN_Model""
_________________________________________________________________
 Layer (type)                Output Shape              Param #   
=================================================================
 conv1d_62 (Conv1D)          (None, 7404, 64)          1664      
                                                                 
 batch_normalization_78 (Bat  (None, 7404, 64)         256       
 chNormalization)                                                
                                                                 
 max_pooling1d_20 (MaxPoolin  (None, 1851, 64)         0         
 g1D)                                                            
                                                                 
 conv1d_63 (Conv1D)          (None, 1851, 64)          20544     
                                                                 
 batch_normalization_79 (Bat  (None, 1851, 64)         256       
 chNormalization)                                                
                                                                 
 max_pooling1d_21 (MaxPoolin  (None, 462, 64)          0         
 g1D)                                                            
                                                                 
 conv1d_64 (Conv1D)          (None, 462, 64)           20544     
                                                                 
 batch_normalization_80 (Bat  (None, 462, 64)          256       
 chNormalization)                                                
                                                                 
 conv1d_65 (Conv1D)          (None, 462, 64)           20544     
                                                                 
 batch_normalization_81 (Bat  (None, 462, 64)          256       
 chNormalization)                                                
                                                                 
 conv1d_66 (Conv1D)          (None, 462, 64)           20544     
                                                                 
 batch_normalization_82 (Bat  (None, 462, 64)          256       
 chNormalization)                                                
                                                                 
 global_max_pooling1d_16 (Gl  (None, 64)               0         
 obalMaxPooling1D)                                               
                                                                 
 dense_32 (Dense)            (None, 64)                4160      
                                                                 
 batch_normalization_83 (Bat  (None, 64)               256       
 chNormalization)                                                
                                                                 
 activation_16 (Activation)  (None, 64)                0         
                                                                 
 dense_33 (Dense)            (None, 64)                4160      
                                                                 
 output (Dense)              (None, 2)                 130       
                                                                 
=================================================================
Total params: 93,826
Trainable params: 93,058
Non-trainable params: 768
_________________________________________________________________
","[32, 32, 64, 64, 64]",relu,l2,0,TRUE,0.001,16,10000,Adam,mean_squared_error,175,25,0.002591,0.018277,0.008232,6187,N/A
2025-12-03_09-11-20,"Model: ""Modular_1D_CNN_Model""
_________________________________________________________________
 Layer (type)                Output Shape              Param #   
=================================================================
 conv1d_67 (Conv1D)          (None, 7404, 64)          3264      
                                                                 
 batch_normalization_84 (Bat  (None, 7404, 64)         256       
 chNormalization)                                                
                                                                 
 max_pooling1d_22 (MaxPoolin  (None, 1851, 64)         0         
 g1D)                                                            
                                                                 
 conv1d_68 (Conv1D)          (None, 1851, 64)          41024     
                                                                 
 batch_normalization_85 (Bat  (None, 1851, 64)         256       
 chNormalization)                                                
                                                                 
 max_pooling1d_23 (MaxPoolin  (None, 462, 64)          0         
 g1D)                                                            
                                                                 
 conv1d_69 (Conv1D)          (None, 462, 64)           41024     
                                                                 
 batch_normalization_86 (Bat  (None, 462, 64)          256       
 chNormalization)                                                
                                                                 
 conv1d_70 (Conv1D)          (None, 462, 64)           41024     
                                                                 
 batch_normalization_87 (Bat  (None, 462, 64)          256       
 chNormalization)                                                
                                                                 
 conv1d_71 (Conv1D)          (None, 462, 64)           41024     
                                                                 
 batch_normalization_88 (Bat  (None, 462, 64)          256       
 chNormalization)                                                
                                                                 
 global_max_pooling1d_17 (Gl  (None, 64)               0         
 obalMaxPooling1D)                                               
                                                                 
 dense_34 (Dense)            (None, 64)                4160      
                                                                 
 batch_normalization_89 (Bat  (None, 64)               256       
 chNormalization)                                                
                                                                 
 activation_17 (Activation)  (None, 64)                0         
                                                                 
 dense_35 (Dense)            (None, 64)                4160      
                                                                 
 output (Dense)              (None, 2)                 130       
                                                                 
=================================================================
Total params: 177,346
Trainable params: 176,578
Non-trainable params: 768
_________________________________________________________________
","[32, 32, 64, 64, 64]",relu,l2,0,TRUE,0.001,16,10000,Adam,mean_squared_error,175,25,0.003782,0.021266,0.008569,4951,N/A
2025-12-03_09-11-20,"Model: ""Modular_1D_CNN_Model""
_________________________________________________________________
 Layer (type)                Output Shape              Param #   
=================================================================
 conv1d_67 (Conv1D)          (None, 7404, 64)          3264      
                                                                 
 batch_normalization_84 (Bat  (None, 7404, 64)         256       
 chNormalization)                                                
                                                                 
 max_pooling1d_22 (MaxPoolin  (None, 1851, 64)         0         
 g1D)                                                            
                                                                 
 conv1d_68 (Conv1D)          (None, 1851, 64)          41024     
                                                                 
 batch_normalization_85 (Bat  (None, 1851, 64)         256       
 chNormalization)                                                
                                                                 
 max_pooling1d_23 (MaxPoolin  (None, 462, 64)          0         
 g1D)                                                            
                                                                 
 conv1d_69 (Conv1D)          (None, 462, 64)           41024     
                                                                 
 batch_normalization_86 (Bat  (None, 462, 64)          256       
 chNormalization)                                                
                                                                 
 conv1d_70 (Conv1D)          (None, 462, 64)           41024     
                                                                 
 batch_normalization_87 (Bat  (None, 462, 64)          256       
 chNormalization)                                                
                                                                 
 conv1d_71 (Conv1D)          (None, 462, 64)           41024     
                                                                 
 batch_normalization_88 (Bat  (None, 462, 64)          256       
 chNormalization)                                                
                                                                 
 global_max_pooling1d_17 (Gl  (None, 64)               0         
 obalMaxPooling1D)                                               
                                                                 
 dense_34 (Dense)            (None, 64)                4160      
                                                                 
 batch_normalization_89 (Bat  (None, 64)               256       
 chNormalization)                                                
                                                                 
 activation_17 (Activation)  (None, 64)                0         
                                                                 
 dense_35 (Dense)            (None, 64)                4160      
                                                                 
 output (Dense)              (None, 2)                 130       
                                                                 
=================================================================
Total params: 177,346
Trainable params: 176,578
Non-trainable params: 768
_________________________________________________________________
","[32, 32, 64, 64, 64]",relu,l2,0,TRUE,0.001,16,10000,Adam,mean_squared_error,175,25,0.003782,0.021266,0.008569,4951,N/A
2025-12-03_10-09-02,"Model: ""Modular_1D_CNN_Model""
_________________________________________________________________
 Layer (type)                Output Shape              Param #   
=================================================================
 conv1d_30 (Conv1D)          (None, 4624, 64)          320       
                                                                 
 batch_normalization_36 (Bat  (None, 4624, 64)         256       
 chNormalization)                                                
                                                                 
 max_pooling1d_9 (MaxPooling  (None, 1156, 64)         0         
 1D)                                                             
                                                                 
 conv1d_31 (Conv1D)          (None, 1156, 64)          8256      
                                                                 
 batch_normalization_37 (Bat  (None, 1156, 64)         256       
 chNormalization)                                                
                                                                 
 max_pooling1d_10 (MaxPoolin  (None, 289, 64)          0         
 g1D)                                                            
                                                                 
 conv1d_32 (Conv1D)          (None, 289, 64)           8256      
                                                                 
 batch_normalization_38 (Bat  (None, 289, 64)          256       
 chNormalization)                                                
                                                                 
 conv1d_33 (Conv1D)          (None, 289, 64)           8256      
                                                                 
 batch_normalization_39 (Bat  (None, 289, 64)          256       
 chNormalization)                                                
                                                                 
 conv1d_34 (Conv1D)          (None, 289, 64)           8256      
                                                                 
 batch_normalization_40 (Bat  (None, 289, 64)          256       
 chNormalization)                                                
                                                                 
 global_max_pooling1d_6 (Glo  (None, 64)               0         
 balMaxPooling1D)                                                
                                                                 
 dense_12 (Dense)            (None, 64)                4160      
                                                                 
 batch_normalization_41 (Bat  (None, 64)               256       
 chNormalization)                                                
                                                                 
 activation_6 (Activation)   (None, 64)                0         
                                                                 
 dense_13 (Dense)            (None, 64)                4160      
                                                                 
 output (Dense)              (None, 2)                 130       
                                                                 
=================================================================
Total params: 43,330
Trainable params: 42,562
Non-trainable params: 768
_________________________________________________________________
","[32, 32, 64, 64, 64]",relu,l2,0,TRUE,0.001,16,10000,Adam,mean_squared_error,556,80,0.002964,0.18023,0.006491,8064,N/A
2025-12-03_10-09-02,"Model: ""Modular_1D_CNN_Model""
_________________________________________________________________
 Layer (type)                Output Shape              Param #   
=================================================================
 conv1d_30 (Conv1D)          (None, 4624, 64)          320       
                                                                 
 batch_normalization_36 (Bat  (None, 4624, 64)         256       
 chNormalization)                                                
                                                                 
 max_pooling1d_9 (MaxPooling  (None, 1156, 64)         0         
 1D)                                                             
                                                                 
 conv1d_31 (Conv1D)          (None, 1156, 64)          8256      
                                                                 
 batch_normalization_37 (Bat  (None, 1156, 64)         256       
 chNormalization)                                                
                                                                 
 max_pooling1d_10 (MaxPoolin  (None, 289, 64)          0         
 g1D)                                                            
                                                                 
 conv1d_32 (Conv1D)          (None, 289, 64)           8256      
                                                                 
 batch_normalization_38 (Bat  (None, 289, 64)          256       
 chNormalization)                                                
                                                                 
 conv1d_33 (Conv1D)          (None, 289, 64)           8256      
                                                                 
 batch_normalization_39 (Bat  (None, 289, 64)          256       
 chNormalization)                                                
                                                                 
 conv1d_34 (Conv1D)          (None, 289, 64)           8256      
                                                                 
 batch_normalization_40 (Bat  (None, 289, 64)          256       
 chNormalization)                                                
                                                                 
 global_max_pooling1d_6 (Glo  (None, 64)               0         
 balMaxPooling1D)                                                
                                                                 
 dense_12 (Dense)            (None, 64)                4160      
                                                                 
 batch_normalization_41 (Bat  (None, 64)               256       
 chNormalization)                                                
                                                                 
 activation_6 (Activation)   (None, 64)                0         
                                                                 
 dense_13 (Dense)            (None, 64)                4160      
                                                                 
 output (Dense)              (None, 2)                 130       
                                                                 
=================================================================
Total params: 43,330
Trainable params: 42,562
Non-trainable params: 768
_________________________________________________________________
","[32, 32, 64, 64, 64]",relu,l2,0,TRUE,0.001,16,10000,Adam,mean_squared_error,556,80,0.002964,0.18023,0.006491,8064,N/A
2025-12-03_11-23-07,"Model: ""Modular_1D_CNN_Model""
_________________________________________________________________
 Layer (type)                Output Shape              Param #   
=================================================================
 conv1d_35 (Conv1D)          (None, 4624, 64)          704       
                                                                 
 batch_normalization_42 (Bat  (None, 4624, 64)         256       
 chNormalization)                                                
                                                                 
 max_pooling1d_11 (MaxPoolin  (None, 1156, 64)         0         
 g1D)                                                            
                                                                 
 conv1d_36 (Conv1D)          (None, 1156, 64)          20544     
                                                                 
 batch_normalization_43 (Bat  (None, 1156, 64)         256       
 chNormalization)                                                
                                                                 
 max_pooling1d_12 (MaxPoolin  (None, 289, 64)          0         
 g1D)                                                            
                                                                 
 conv1d_37 (Conv1D)          (None, 289, 64)           20544     
                                                                 
 batch_normalization_44 (Bat  (None, 289, 64)          256       
 chNormalization)                                                
                                                                 
 conv1d_38 (Conv1D)          (None, 289, 64)           20544     
                                                                 
 batch_normalization_45 (Bat  (None, 289, 64)          256       
 chNormalization)                                                
                                                                 
 conv1d_39 (Conv1D)          (None, 289, 64)           20544     
                                                                 
 batch_normalization_46 (Bat  (None, 289, 64)          256       
 chNormalization)                                                
                                                                 
 global_max_pooling1d_7 (Glo  (None, 64)               0         
 balMaxPooling1D)                                                
                                                                 
 dense_14 (Dense)            (None, 64)                4160      
                                                                 
 batch_normalization_47 (Bat  (None, 64)               256       
 chNormalization)                                                
                                                                 
 activation_7 (Activation)   (None, 64)                0         
                                                                 
 dense_15 (Dense)            (None, 64)                4160      
                                                                 
 output (Dense)              (None, 2)                 130       
                                                                 
=================================================================
Total params: 92,866
Trainable params: 92,098
Non-trainable params: 768
_________________________________________________________________
","[32, 32, 64, 64, 64]",relu,l2,0,TRUE,0.001,16,10000,Adam,mean_squared_error,556,80,0.002864,0.024632,0.006222,6415,N/A
2025-12-03_11-23-07,"Model: ""Modular_1D_CNN_Model""
_________________________________________________________________
 Layer (type)                Output Shape              Param #   
=================================================================
 conv1d_35 (Conv1D)          (None, 4624, 64)          704       
                                                                 
 batch_normalization_42 (Bat  (None, 4624, 64)         256       
 chNormalization)                                                
                                                                 
 max_pooling1d_11 (MaxPoolin  (None, 1156, 64)         0         
 g1D)                                                            
                                                                 
 conv1d_36 (Conv1D)          (None, 1156, 64)          20544     
                                                                 
 batch_normalization_43 (Bat  (None, 1156, 64)         256       
 chNormalization)                                                
                                                                 
 max_pooling1d_12 (MaxPoolin  (None, 289, 64)          0         
 g1D)                                                            
                                                                 
 conv1d_37 (Conv1D)          (None, 289, 64)           20544     
                                                                 
 batch_normalization_44 (Bat  (None, 289, 64)          256       
 chNormalization)                                                
                                                                 
 conv1d_38 (Conv1D)          (None, 289, 64)           20544     
                                                                 
 batch_normalization_45 (Bat  (None, 289, 64)          256       
 chNormalization)                                                
                                                                 
 conv1d_39 (Conv1D)          (None, 289, 64)           20544     
                                                                 
 batch_normalization_46 (Bat  (None, 289, 64)          256       
 chNormalization)                                                
                                                                 
 global_max_pooling1d_7 (Glo  (None, 64)               0         
 balMaxPooling1D)                                                
                                                                 
 dense_14 (Dense)            (None, 64)                4160      
                                                                 
 batch_normalization_47 (Bat  (None, 64)               256       
 chNormalization)                                                
                                                                 
 activation_7 (Activation)   (None, 64)                0         
                                                                 
 dense_15 (Dense)            (None, 64)                4160      
                                                                 
 output (Dense)              (None, 2)                 130       
                                                                 
=================================================================
Total params: 92,866
Trainable params: 92,098
Non-trainable params: 768
_________________________________________________________________
","[32, 32, 64, 64, 64]",relu,l2,0,TRUE,0.001,16,10000,Adam,mean_squared_error,556,80,0.002864,0.024632,0.006222,6415,N/A
2025-12-03_12-42-32,"Model: ""Modular_1D_CNN_Model""
_________________________________________________________________
 Layer (type)                Output Shape              Param #   
=================================================================
 conv1d_40 (Conv1D)          (None, 4624, 64)          1344      
                                                                 
 batch_normalization_48 (Bat  (None, 4624, 64)         256       
 chNormalization)                                                
                                                                 
 max_pooling1d_13 (MaxPoolin  (None, 1156, 64)         0         
 g1D)                                                            
                                                                 
 conv1d_41 (Conv1D)          (None, 1156, 64)          41024     
                                                                 
 batch_normalization_49 (Bat  (None, 1156, 64)         256       
 chNormalization)                                                
                                                                 
 max_pooling1d_14 (MaxPoolin  (None, 289, 64)          0         
 g1D)                                                            
                                                                 
 conv1d_42 (Conv1D)          (None, 289, 64)           41024     
                                                                 
 batch_normalization_50 (Bat  (None, 289, 64)          256       
 chNormalization)                                                
                                                                 
 conv1d_43 (Conv1D)          (None, 289, 64)           41024     
                                                                 
 batch_normalization_51 (Bat  (None, 289, 64)          256       
 chNormalization)                                                
                                                                 
 conv1d_44 (Conv1D)          (None, 289, 64)           41024     
                                                                 
 batch_normalization_52 (Bat  (None, 289, 64)          256       
 chNormalization)                                                
                                                                 
 global_max_pooling1d_8 (Glo  (None, 64)               0         
 balMaxPooling1D)                                                
                                                                 
 dense_16 (Dense)            (None, 64)                4160      
                                                                 
 batch_normalization_53 (Bat  (None, 64)               256       
 chNormalization)                                                
                                                                 
 activation_8 (Activation)   (None, 64)                0         
                                                                 
 dense_17 (Dense)            (None, 64)                4160      
                                                                 
 output (Dense)              (None, 2)                 130       
                                                                 
=================================================================
Total params: 175,426
Trainable params: 174,658
Non-trainable params: 768
_________________________________________________________________
","[32, 32, 64, 64, 64]",relu,l2,0,TRUE,0.001,16,10000,Adam,mean_squared_error,556,80,0.004129,0.009189,0.004823,5369,N/A
2025-12-03_12-42-32,"Model: ""Modular_1D_CNN_Model""
_________________________________________________________________
 Layer (type)                Output Shape              Param #   
=================================================================
 conv1d_40 (Conv1D)          (None, 4624, 64)          1344      
                                                                 
 batch_normalization_48 (Bat  (None, 4624, 64)         256       
 chNormalization)                                                
                                                                 
 max_pooling1d_13 (MaxPoolin  (None, 1156, 64)         0         
 g1D)                                                            
                                                                 
 conv1d_41 (Conv1D)          (None, 1156, 64)          41024     
                                                                 
 batch_normalization_49 (Bat  (None, 1156, 64)         256       
 chNormalization)                                                
                                                                 
 max_pooling1d_14 (MaxPoolin  (None, 289, 64)          0         
 g1D)                                                            
                                                                 
 conv1d_42 (Conv1D)          (None, 289, 64)           41024     
                                                                 
 batch_normalization_50 (Bat  (None, 289, 64)          256       
 chNormalization)                                                
                                                                 
 conv1d_43 (Conv1D)          (None, 289, 64)           41024     
                                                                 
 batch_normalization_51 (Bat  (None, 289, 64)          256       
 chNormalization)                                                
                                                                 
 conv1d_44 (Conv1D)          (None, 289, 64)           41024     
                                                                 
 batch_normalization_52 (Bat  (None, 289, 64)          256       
 chNormalization)                                                
                                                                 
 global_max_pooling1d_8 (Glo  (None, 64)               0         
 balMaxPooling1D)                                                
                                                                 
 dense_16 (Dense)            (None, 64)                4160      
                                                                 
 batch_normalization_53 (Bat  (None, 64)               256       
 chNormalization)                                                
                                                                 
 activation_8 (Activation)   (None, 64)                0         
                                                                 
 dense_17 (Dense)            (None, 64)                4160      
                                                                 
 output (Dense)              (None, 2)                 130       
                                                                 
=================================================================
Total params: 175,426
Trainable params: 174,658
Non-trainable params: 768
_________________________________________________________________
","[32, 32, 64, 64, 64]",relu,l2,0,TRUE,0.001,16,10000,Adam,mean_squared_error,556,80,0.004129,0.009189,0.004823,5369,N/A
2025-12-03_05-52-48,"Model: ""Modular_1D_CNN_Model""
_________________________________________________________________
 Layer (type)                Output Shape              Param #   
=================================================================
 conv1d_15 (Conv1D)          (None, 4624, 64)          320       
                                                                 
 batch_normalization_18 (Bat  (None, 4624, 64)         256       
 chNormalization)                                                
                                                                 
 conv1d_16 (Conv1D)          (None, 4624, 64)          8256      
                                                                 
 batch_normalization_19 (Bat  (None, 4624, 64)         256       
 chNormalization)                                                
                                                                 
 max_pooling1d (MaxPooling1D  (None, 1156, 64)         0         
 )                                                               
                                                                 
 conv1d_17 (Conv1D)          (None, 1156, 64)          8256      
                                                                 
 batch_normalization_20 (Bat  (None, 1156, 64)         256       
 chNormalization)                                                
                                                                 
 max_pooling1d_1 (MaxPooling  (None, 289, 64)          0         
 1D)                                                             
                                                                 
 conv1d_18 (Conv1D)          (None, 289, 64)           8256      
                                                                 
 batch_normalization_21 (Bat  (None, 289, 64)          256       
 chNormalization)                                                
                                                                 
 max_pooling1d_2 (MaxPooling  (None, 72, 64)           0         
 1D)                                                             
                                                                 
 conv1d_19 (Conv1D)          (None, 72, 64)            8256      
                                                                 
 batch_normalization_22 (Bat  (None, 72, 64)           256       
 chNormalization)                                                
                                                                 
 global_max_pooling1d_3 (Glo  (None, 64)               0         
 balMaxPooling1D)                                                
                                                                 
 dense_6 (Dense)             (None, 64)                4160      
                                                                 
 batch_normalization_23 (Bat  (None, 64)               256       
 chNormalization)                                                
                                                                 
 activation_3 (Activation)   (None, 64)                0         
                                                                 
 dense_7 (Dense)             (None, 64)                4160      
                                                                 
 output (Dense)              (None, 2)                 130       
                                                                 
=================================================================
Total params: 43,330
Trainable params: 42,562
Non-trainable params: 768
_________________________________________________________________
","[32, 64, 128, 64, 32]",relu,l2,0,TRUE,0.001,16,10000,Adam,mean_squared_error,556,80,0.002076,0.012814,0.006262,6507,N/A
2025-12-03_05-52-48,"Model: ""Modular_1D_CNN_Model""
_________________________________________________________________
 Layer (type)                Output Shape              Param #   
=================================================================
 conv1d_15 (Conv1D)          (None, 4624, 64)          320       
                                                                 
 batch_normalization_18 (Bat  (None, 4624, 64)         256       
 chNormalization)                                                
                                                                 
 conv1d_16 (Conv1D)          (None, 4624, 64)          8256      
                                                                 
 batch_normalization_19 (Bat  (None, 4624, 64)         256       
 chNormalization)                                                
                                                                 
 max_pooling1d (MaxPooling1D  (None, 1156, 64)         0         
 )                                                               
                                                                 
 conv1d_17 (Conv1D)          (None, 1156, 64)          8256      
                                                                 
 batch_normalization_20 (Bat  (None, 1156, 64)         256       
 chNormalization)                                                
                                                                 
 max_pooling1d_1 (MaxPooling  (None, 289, 64)          0         
 1D)                                                             
                                                                 
 conv1d_18 (Conv1D)          (None, 289, 64)           8256      
                                                                 
 batch_normalization_21 (Bat  (None, 289, 64)          256       
 chNormalization)                                                
                                                                 
 max_pooling1d_2 (MaxPooling  (None, 72, 64)           0         
 1D)                                                             
                                                                 
 conv1d_19 (Conv1D)          (None, 72, 64)            8256      
                                                                 
 batch_normalization_22 (Bat  (None, 72, 64)           256       
 chNormalization)                                                
                                                                 
 global_max_pooling1d_3 (Glo  (None, 64)               0         
 balMaxPooling1D)                                                
                                                                 
 dense_6 (Dense)             (None, 64)                4160      
                                                                 
 batch_normalization_23 (Bat  (None, 64)               256       
 chNormalization)                                                
                                                                 
 activation_3 (Activation)   (None, 64)                0         
                                                                 
 dense_7 (Dense)             (None, 64)                4160      
                                                                 
 output (Dense)              (None, 2)                 130       
                                                                 
=================================================================
Total params: 43,330
Trainable params: 42,562
Non-trainable params: 768
_________________________________________________________________
","[32, 64, 128, 64, 32]",relu,l2,0,TRUE,0.001,16,10000,Adam,mean_squared_error,556,80,0.002076,0.012814,0.006262,6507,N/A
2025-12-03_06-18-38,"Model: ""Modular_1D_CNN_Model""
_________________________________________________________________
 Layer (type)                Output Shape              Param #   
=================================================================
 conv1d_42 (Conv1D)          (None, 7404, 64)          704       
                                                                 
 batch_normalization_54 (Bat  (None, 7404, 64)         256       
 chNormalization)                                                
                                                                 
 conv1d_43 (Conv1D)          (None, 7404, 64)          8256      
                                                                 
 batch_normalization_55 (Bat  (None, 7404, 64)         256       
 chNormalization)                                                
                                                                 
 max_pooling1d_9 (MaxPooling  (None, 1851, 64)         0         
 1D)                                                             
                                                                 
 conv1d_44 (Conv1D)          (None, 1851, 64)          8256      
                                                                 
 batch_normalization_56 (Bat  (None, 1851, 64)         256       
 chNormalization)                                                
                                                                 
 max_pooling1d_10 (MaxPoolin  (None, 462, 64)          0         
 g1D)                                                            
                                                                 
 conv1d_45 (Conv1D)          (None, 462, 64)           8256      
                                                                 
 batch_normalization_57 (Bat  (None, 462, 64)          256       
 chNormalization)                                                
                                                                 
 max_pooling1d_11 (MaxPoolin  (None, 115, 64)          0         
 g1D)                                                            
                                                                 
 conv1d_46 (Conv1D)          (None, 115, 64)           8256      
                                                                 
 batch_normalization_58 (Bat  (None, 115, 64)          256       
 chNormalization)                                                
                                                                 
 global_max_pooling1d_12 (Gl  (None, 64)               0         
 obalMaxPooling1D)                                               
                                                                 
 dense_24 (Dense)            (None, 64)                4160      
                                                                 
 batch_normalization_59 (Bat  (None, 64)               256       
 chNormalization)                                                
                                                                 
 activation_12 (Activation)  (None, 64)                0         
                                                                 
 dense_25 (Dense)            (None, 64)                4160      
                                                                 
 output (Dense)              (None, 2)                 130       
                                                                 
=================================================================
Total params: 43,714
Trainable params: 42,946
Non-trainable params: 768
_________________________________________________________________
","[32, 64, 128, 64, 32]",relu,l2,0,TRUE,0.001,16,10000,Adam,mean_squared_error,175,25,0.001535,0.020521,0.009168,9300,N/A
2025-12-03_06-18-38,"Model: ""Modular_1D_CNN_Model""
_________________________________________________________________
 Layer (type)                Output Shape              Param #   
=================================================================
 conv1d_42 (Conv1D)          (None, 7404, 64)          704       
                                                                 
 batch_normalization_54 (Bat  (None, 7404, 64)         256       
 chNormalization)                                                
                                                                 
 conv1d_43 (Conv1D)          (None, 7404, 64)          8256      
                                                                 
 batch_normalization_55 (Bat  (None, 7404, 64)         256       
 chNormalization)                                                
                                                                 
 max_pooling1d_9 (MaxPooling  (None, 1851, 64)         0         
 1D)                                                             
                                                                 
 conv1d_44 (Conv1D)          (None, 1851, 64)          8256      
                                                                 
 batch_normalization_56 (Bat  (None, 1851, 64)         256       
 chNormalization)                                                
                                                                 
 max_pooling1d_10 (MaxPoolin  (None, 462, 64)          0         
 g1D)                                                            
                                                                 
 conv1d_45 (Conv1D)          (None, 462, 64)           8256      
                                                                 
 batch_normalization_57 (Bat  (None, 462, 64)          256       
 chNormalization)                                                
                                                                 
 max_pooling1d_11 (MaxPoolin  (None, 115, 64)          0         
 g1D)                                                            
                                                                 
 conv1d_46 (Conv1D)          (None, 115, 64)           8256      
                                                                 
 batch_normalization_58 (Bat  (None, 115, 64)          256       
 chNormalization)                                                
                                                                 
 global_max_pooling1d_12 (Gl  (None, 64)               0         
 obalMaxPooling1D)                                               
                                                                 
 dense_24 (Dense)            (None, 64)                4160      
                                                                 
 batch_normalization_59 (Bat  (None, 64)               256       
 chNormalization)                                                
                                                                 
 activation_12 (Activation)  (None, 64)                0         
                                                                 
 dense_25 (Dense)            (None, 64)                4160      
                                                                 
 output (Dense)              (None, 2)                 130       
                                                                 
=================================================================
Total params: 43,714
Trainable params: 42,946
Non-trainable params: 768
_________________________________________________________________
","[32, 64, 128, 64, 32]",relu,l2,0,TRUE,0.001,16,10000,Adam,mean_squared_error,175,25,0.001535,0.020521,0.009168,9300,N/A
2025-12-03_06-55-55,"Model: ""Modular_1D_CNN_Model""
_________________________________________________________________
 Layer (type)                Output Shape              Param #   
=================================================================
 conv1d_47 (Conv1D)          (None, 7404, 64)          1664      
                                                                 
 batch_normalization_60 (Bat  (None, 7404, 64)         256       
 chNormalization)                                                
                                                                 
 conv1d_48 (Conv1D)          (None, 7404, 64)          20544     
                                                                 
 batch_normalization_61 (Bat  (None, 7404, 64)         256       
 chNormalization)                                                
                                                                 
 max_pooling1d_12 (MaxPoolin  (None, 1851, 64)         0         
 g1D)                                                            
                                                                 
 conv1d_49 (Conv1D)          (None, 1851, 64)          20544     
                                                                 
 batch_normalization_62 (Bat  (None, 1851, 64)         256       
 chNormalization)                                                
                                                                 
 max_pooling1d_13 (MaxPoolin  (None, 462, 64)          0         
 g1D)                                                            
                                                                 
 conv1d_50 (Conv1D)          (None, 462, 64)           20544     
                                                                 
 batch_normalization_63 (Bat  (None, 462, 64)          256       
 chNormalization)                                                
                                                                 
 max_pooling1d_14 (MaxPoolin  (None, 115, 64)          0         
 g1D)                                                            
                                                                 
 conv1d_51 (Conv1D)          (None, 115, 64)           20544     
                                                                 
 batch_normalization_64 (Bat  (None, 115, 64)          256       
 chNormalization)                                                
                                                                 
 global_max_pooling1d_13 (Gl  (None, 64)               0         
 obalMaxPooling1D)                                               
                                                                 
 dense_26 (Dense)            (None, 64)                4160      
                                                                 
 batch_normalization_65 (Bat  (None, 64)               256       
 chNormalization)                                                
                                                                 
 activation_13 (Activation)  (None, 64)                0         
                                                                 
 dense_27 (Dense)            (None, 64)                4160      
                                                                 
 output (Dense)              (None, 2)                 130       
                                                                 
=================================================================
Total params: 93,826
Trainable params: 93,058
Non-trainable params: 768
_________________________________________________________________
","[32, 64, 128, 64, 32]",relu,l2,0,TRUE,0.001,16,10000,Adam,mean_squared_error,175,25,0.002959,0.022443,0.006789,3882,N/A
2025-12-03_06-55-55,"Model: ""Modular_1D_CNN_Model""
_________________________________________________________________
 Layer (type)                Output Shape              Param #   
=================================================================
 conv1d_47 (Conv1D)          (None, 7404, 64)          1664      
                                                                 
 batch_normalization_60 (Bat  (None, 7404, 64)         256       
 chNormalization)                                                
                                                                 
 conv1d_48 (Conv1D)          (None, 7404, 64)          20544     
                                                                 
 batch_normalization_61 (Bat  (None, 7404, 64)         256       
 chNormalization)                                                
                                                                 
 max_pooling1d_12 (MaxPoolin  (None, 1851, 64)         0         
 g1D)                                                            
                                                                 
 conv1d_49 (Conv1D)          (None, 1851, 64)          20544     
                                                                 
 batch_normalization_62 (Bat  (None, 1851, 64)         256       
 chNormalization)                                                
                                                                 
 max_pooling1d_13 (MaxPoolin  (None, 462, 64)          0         
 g1D)                                                            
                                                                 
 conv1d_50 (Conv1D)          (None, 462, 64)           20544     
                                                                 
 batch_normalization_63 (Bat  (None, 462, 64)          256       
 chNormalization)                                                
                                                                 
 max_pooling1d_14 (MaxPoolin  (None, 115, 64)          0         
 g1D)                                                            
                                                                 
 conv1d_51 (Conv1D)          (None, 115, 64)           20544     
                                                                 
 batch_normalization_64 (Bat  (None, 115, 64)          256       
 chNormalization)                                                
                                                                 
 global_max_pooling1d_13 (Gl  (None, 64)               0         
 obalMaxPooling1D)                                               
                                                                 
 dense_26 (Dense)            (None, 64)                4160      
                                                                 
 batch_normalization_65 (Bat  (None, 64)               256       
 chNormalization)                                                
                                                                 
 activation_13 (Activation)  (None, 64)                0         
                                                                 
 dense_27 (Dense)            (None, 64)                4160      
                                                                 
 output (Dense)              (None, 2)                 130       
                                                                 
=================================================================
Total params: 93,826
Trainable params: 93,058
Non-trainable params: 768
_________________________________________________________________
","[32, 64, 128, 64, 32]",relu,l2,0,TRUE,0.001,16,10000,Adam,mean_squared_error,175,25,0.002959,0.022443,0.006789,3882,N/A
2025-12-03_07-18-40,"Model: ""Modular_1D_CNN_Model""
_________________________________________________________________
 Layer (type)                Output Shape              Param #   
=================================================================
 conv1d_20 (Conv1D)          (None, 4624, 64)          704       
                                                                 
 batch_normalization_24 (Bat  (None, 4624, 64)         256       
 chNormalization)                                                
                                                                 
 conv1d_21 (Conv1D)          (None, 4624, 64)          20544     
                                                                 
 batch_normalization_25 (Bat  (None, 4624, 64)         256       
 chNormalization)                                                
                                                                 
 max_pooling1d_3 (MaxPooling  (None, 1156, 64)         0         
 1D)                                                             
                                                                 
 conv1d_22 (Conv1D)          (None, 1156, 64)          20544     
                                                                 
 batch_normalization_26 (Bat  (None, 1156, 64)         256       
 chNormalization)                                                
                                                                 
 max_pooling1d_4 (MaxPooling  (None, 289, 64)          0         
 1D)                                                             
                                                                 
 conv1d_23 (Conv1D)          (None, 289, 64)           20544     
                                                                 
 batch_normalization_27 (Bat  (None, 289, 64)          256       
 chNormalization)                                                
                                                                 
 max_pooling1d_5 (MaxPooling  (None, 72, 64)           0         
 1D)                                                             
                                                                 
 conv1d_24 (Conv1D)          (None, 72, 64)            20544     
                                                                 
 batch_normalization_28 (Bat  (None, 72, 64)           256       
 chNormalization)                                                
                                                                 
 global_max_pooling1d_4 (Glo  (None, 64)               0         
 balMaxPooling1D)                                                
                                                                 
 dense_8 (Dense)             (None, 64)                4160      
                                                                 
 batch_normalization_29 (Bat  (None, 64)               256       
 chNormalization)                                                
                                                                 
 activation_4 (Activation)   (None, 64)                0         
                                                                 
 dense_9 (Dense)             (None, 64)                4160      
                                                                 
 output (Dense)              (None, 2)                 130       
                                                                 
=================================================================
Total params: 92,866
Trainable params: 92,098
Non-trainable params: 768
_________________________________________________________________
","[32, 64, 128, 64, 32]",relu,l2,0,TRUE,0.001,16,10000,Adam,mean_squared_error,556,80,0.002831,0.012017,0.005164,931,N/A
2025-12-03_07-18-41,"Model: ""Modular_1D_CNN_Model""
_________________________________________________________________
 Layer (type)                Output Shape              Param #   
=================================================================
 conv1d_20 (Conv1D)          (None, 4624, 64)          704       
                                                                 
 batch_normalization_24 (Bat  (None, 4624, 64)         256       
 chNormalization)                                                
                                                                 
 conv1d_21 (Conv1D)          (None, 4624, 64)          20544     
                                                                 
 batch_normalization_25 (Bat  (None, 4624, 64)         256       
 chNormalization)                                                
                                                                 
 max_pooling1d_3 (MaxPooling  (None, 1156, 64)         0         
 1D)                                                             
                                                                 
 conv1d_22 (Conv1D)          (None, 1156, 64)          20544     
                                                                 
 batch_normalization_26 (Bat  (None, 1156, 64)         256       
 chNormalization)                                                
                                                                 
 max_pooling1d_4 (MaxPooling  (None, 289, 64)          0         
 1D)                                                             
                                                                 
 conv1d_23 (Conv1D)          (None, 289, 64)           20544     
                                                                 
 batch_normalization_27 (Bat  (None, 289, 64)          256       
 chNormalization)                                                
                                                                 
 max_pooling1d_5 (MaxPooling  (None, 72, 64)           0         
 1D)                                                             
                                                                 
 conv1d_24 (Conv1D)          (None, 72, 64)            20544     
                                                                 
 batch_normalization_28 (Bat  (None, 72, 64)           256       
 chNormalization)                                                
                                                                 
 global_max_pooling1d_4 (Glo  (None, 64)               0         
 balMaxPooling1D)                                                
                                                                 
 dense_8 (Dense)             (None, 64)                4160      
                                                                 
 batch_normalization_29 (Bat  (None, 64)               256       
 chNormalization)                                                
                                                                 
 activation_4 (Activation)   (None, 64)                0         
                                                                 
 dense_9 (Dense)             (None, 64)                4160      
                                                                 
 output (Dense)              (None, 2)                 130       
                                                                 
=================================================================
Total params: 92,866
Trainable params: 92,098
Non-trainable params: 768
_________________________________________________________________
","[32, 64, 128, 64, 32]",relu,l2,0,TRUE,0.001,16,10000,Adam,mean_squared_error,556,80,0.002831,0.012017,0.005164,931,N/A
2025-12-03_07-39-05,"Model: ""Modular_1D_CNN_Model""
_________________________________________________________________
 Layer (type)                Output Shape              Param #   
=================================================================
 conv1d_52 (Conv1D)          (None, 7404, 64)          3264      
                                                                 
 batch_normalization_66 (Bat  (None, 7404, 64)         256       
 chNormalization)                                                
                                                                 
 conv1d_53 (Conv1D)          (None, 7404, 64)          41024     
                                                                 
 batch_normalization_67 (Bat  (None, 7404, 64)         256       
 chNormalization)                                                
                                                                 
 max_pooling1d_15 (MaxPoolin  (None, 1851, 64)         0         
 g1D)                                                            
                                                                 
 conv1d_54 (Conv1D)          (None, 1851, 64)          41024     
                                                                 
 batch_normalization_68 (Bat  (None, 1851, 64)         256       
 chNormalization)                                                
                                                                 
 max_pooling1d_16 (MaxPoolin  (None, 462, 64)          0         
 g1D)                                                            
                                                                 
 conv1d_55 (Conv1D)          (None, 462, 64)           41024     
                                                                 
 batch_normalization_69 (Bat  (None, 462, 64)          256       
 chNormalization)                                                
                                                                 
 max_pooling1d_17 (MaxPoolin  (None, 115, 64)          0         
 g1D)                                                            
                                                                 
 conv1d_56 (Conv1D)          (None, 115, 64)           41024     
                                                                 
 batch_normalization_70 (Bat  (None, 115, 64)          256       
 chNormalization)                                                
                                                                 
 global_max_pooling1d_14 (Gl  (None, 64)               0         
 obalMaxPooling1D)                                               
                                                                 
 dense_28 (Dense)            (None, 64)                4160      
                                                                 
 batch_normalization_71 (Bat  (None, 64)               256       
 chNormalization)                                                
                                                                 
 activation_14 (Activation)  (None, 64)                0         
                                                                 
 dense_29 (Dense)            (None, 64)                4160      
                                                                 
 output (Dense)              (None, 2)                 130       
                                                                 
=================================================================
Total params: 177,346
Trainable params: 176,578
Non-trainable params: 768
_________________________________________________________________
","[32, 64, 128, 64, 32]",relu,l2,0,TRUE,0.001,16,10000,Adam,mean_squared_error,175,25,0.004256,0.02211,0.008266,6110,N/A
2025-12-03_07-39-05,"Model: ""Modular_1D_CNN_Model""
_________________________________________________________________
 Layer (type)                Output Shape              Param #   
=================================================================
 conv1d_52 (Conv1D)          (None, 7404, 64)          3264      
                                                                 
 batch_normalization_66 (Bat  (None, 7404, 64)         256       
 chNormalization)                                                
                                                                 
 conv1d_53 (Conv1D)          (None, 7404, 64)          41024     
                                                                 
 batch_normalization_67 (Bat  (None, 7404, 64)         256       
 chNormalization)                                                
                                                                 
 max_pooling1d_15 (MaxPoolin  (None, 1851, 64)         0         
 g1D)                                                            
                                                                 
 conv1d_54 (Conv1D)          (None, 1851, 64)          41024     
                                                                 
 batch_normalization_68 (Bat  (None, 1851, 64)         256       
 chNormalization)                                                
                                                                 
 max_pooling1d_16 (MaxPoolin  (None, 462, 64)          0         
 g1D)                                                            
                                                                 
 conv1d_55 (Conv1D)          (None, 462, 64)           41024     
                                                                 
 batch_normalization_69 (Bat  (None, 462, 64)          256       
 chNormalization)                                                
                                                                 
 max_pooling1d_17 (MaxPoolin  (None, 115, 64)          0         
 g1D)                                                            
                                                                 
 conv1d_56 (Conv1D)          (None, 115, 64)           41024     
                                                                 
 batch_normalization_70 (Bat  (None, 115, 64)          256       
 chNormalization)                                                
                                                                 
 global_max_pooling1d_14 (Gl  (None, 64)               0         
 obalMaxPooling1D)                                               
                                                                 
 dense_28 (Dense)            (None, 64)                4160      
                                                                 
 batch_normalization_71 (Bat  (None, 64)               256       
 chNormalization)                                                
                                                                 
 activation_14 (Activation)  (None, 64)                0         
                                                                 
 dense_29 (Dense)            (None, 64)                4160      
                                                                 
 output (Dense)              (None, 2)                 130       
                                                                 
=================================================================
Total params: 177,346
Trainable params: 176,578
Non-trainable params: 768
_________________________________________________________________
","[32, 64, 128, 64, 32]",relu,l2,0,TRUE,0.001,16,10000,Adam,mean_squared_error,175,25,0.004256,0.02211,0.008266,6110,N/A
2025-12-03_08-57-36,"Model: ""Modular_1D_CNN_Model""
_________________________________________________________________
 Layer (type)                Output Shape              Param #   
=================================================================
 conv1d_25 (Conv1D)          (None, 4624, 64)          1344      
                                                                 
 batch_normalization_30 (Bat  (None, 4624, 64)         256       
 chNormalization)                                                
                                                                 
 conv1d_26 (Conv1D)          (None, 4624, 64)          41024     
                                                                 
 batch_normalization_31 (Bat  (None, 4624, 64)         256       
 chNormalization)                                                
                                                                 
 max_pooling1d_6 (MaxPooling  (None, 1156, 64)         0         
 1D)                                                             
                                                                 
 conv1d_27 (Conv1D)          (None, 1156, 64)          41024     
                                                                 
 batch_normalization_32 (Bat  (None, 1156, 64)         256       
 chNormalization)                                                
                                                                 
 max_pooling1d_7 (MaxPooling  (None, 289, 64)          0         
 1D)                                                             
                                                                 
 conv1d_28 (Conv1D)          (None, 289, 64)           41024     
                                                                 
 batch_normalization_33 (Bat  (None, 289, 64)          256       
 chNormalization)                                                
                                                                 
 max_pooling1d_8 (MaxPooling  (None, 72, 64)           0         
 1D)                                                             
                                                                 
 conv1d_29 (Conv1D)          (None, 72, 64)            41024     
                                                                 
 batch_normalization_34 (Bat  (None, 72, 64)           256       
 chNormalization)                                                
                                                                 
 global_max_pooling1d_5 (Glo  (None, 64)               0         
 balMaxPooling1D)                                                
                                                                 
 dense_10 (Dense)            (None, 64)                4160      
                                                                 
 batch_normalization_35 (Bat  (None, 64)               256       
 chNormalization)                                                
                                                                 
 activation_5 (Activation)   (None, 64)                0         
                                                                 
 dense_11 (Dense)            (None, 64)                4160      
                                                                 
 output (Dense)              (None, 2)                 130       
                                                                 
=================================================================
Total params: 175,426
Trainable params: 174,658
Non-trainable params: 768
_________________________________________________________________
","[32, 64, 128, 64, 32]",relu,l2,0,TRUE,0.001,16,10000,Adam,mean_squared_error,556,80,0.002513,0.011769,0.00595,9073,N/A
2025-12-03_08-57-36,"Model: ""Modular_1D_CNN_Model""
_________________________________________________________________
 Layer (type)                Output Shape              Param #   
=================================================================
 conv1d_25 (Conv1D)          (None, 4624, 64)          1344      
                                                                 
 batch_normalization_30 (Bat  (None, 4624, 64)         256       
 chNormalization)                                                
                                                                 
 conv1d_26 (Conv1D)          (None, 4624, 64)          41024     
                                                                 
 batch_normalization_31 (Bat  (None, 4624, 64)         256       
 chNormalization)                                                
                                                                 
 max_pooling1d_6 (MaxPooling  (None, 1156, 64)         0         
 1D)                                                             
                                                                 
 conv1d_27 (Conv1D)          (None, 1156, 64)          41024     
                                                                 
 batch_normalization_32 (Bat  (None, 1156, 64)         256       
 chNormalization)                                                
                                                                 
 max_pooling1d_7 (MaxPooling  (None, 289, 64)          0         
 1D)                                                             
                                                                 
 conv1d_28 (Conv1D)          (None, 289, 64)           41024     
                                                                 
 batch_normalization_33 (Bat  (None, 289, 64)          256       
 chNormalization)                                                
                                                                 
 max_pooling1d_8 (MaxPooling  (None, 72, 64)           0         
 1D)                                                             
                                                                 
 conv1d_29 (Conv1D)          (None, 72, 64)            41024     
                                                                 
 batch_normalization_34 (Bat  (None, 72, 64)           256       
 chNormalization)                                                
                                                                 
 global_max_pooling1d_5 (Glo  (None, 64)               0         
 balMaxPooling1D)                                                
                                                                 
 dense_10 (Dense)            (None, 64)                4160      
                                                                 
 batch_normalization_35 (Bat  (None, 64)               256       
 chNormalization)                                                
                                                                 
 activation_5 (Activation)   (None, 64)                0         
                                                                 
 dense_11 (Dense)            (None, 64)                4160      
                                                                 
 output (Dense)              (None, 2)                 130       
                                                                 
=================================================================
Total params: 175,426
Trainable params: 174,658
Non-trainable params: 768
_________________________________________________________________
","[32, 64, 128, 64, 32]",relu,l2,0,TRUE,0.001,16,10000,Adam,mean_squared_error,556,80,0.002513,0.011769,0.00595,9073,N/A
2025-12-03_00-18-33,"Model: ""Modular_1D_CNN_Model""
_________________________________________________________________
 Layer (type)                Output Shape              Param #   
=================================================================
 conv1d_9 (Conv1D)           (None, 7404, 64)          704       
                                                                 
 batch_normalization_12 (Bat  (None, 7404, 64)         256       
 chNormalization)                                                
                                                                 
 max_pooling1d (MaxPooling1D  (None, 1851, 64)         0         
 )                                                               
                                                                 
 conv1d_10 (Conv1D)          (None, 1851, 64)          8256      
                                                                 
 batch_normalization_13 (Bat  (None, 1851, 64)         256       
 chNormalization)                                                
                                                                 
 max_pooling1d_1 (MaxPooling  (None, 462, 64)          0         
 1D)                                                             
                                                                 
 conv1d_11 (Conv1D)          (None, 462, 64)           8256      
                                                                 
 batch_normalization_14 (Bat  (None, 462, 64)          256       
 chNormalization)                                                
                                                                 
 global_max_pooling1d_3 (Glo  (None, 64)               0         
 balMaxPooling1D)                                                
                                                                 
 dense_6 (Dense)             (None, 64)                4160      
                                                                 
 batch_normalization_15 (Bat  (None, 64)               256       
 chNormalization)                                                
                                                                 
 activation_3 (Activation)   (None, 64)                0         
                                                                 
 dense_7 (Dense)             (None, 64)                4160      
                                                                 
 output (Dense)              (None, 2)                 130       
                                                                 
=================================================================
Total params: 26,690
Trainable params: 26,178
Non-trainable params: 512
_________________________________________________________________
","[32, 64, 128]",relu,l2,0,TRUE,0.001,16,10000,Adam,mean_squared_error,175,25,0.001387,0.011687,0.007202,6835,N/A
2025-12-03_00-18-33,"Model: ""Modular_1D_CNN_Model""
_________________________________________________________________
 Layer (type)                Output Shape              Param #   
=================================================================
 conv1d_9 (Conv1D)           (None, 7404, 64)          704       
                                                                 
 batch_normalization_12 (Bat  (None, 7404, 64)         256       
 chNormalization)                                                
                                                                 
 max_pooling1d (MaxPooling1D  (None, 1851, 64)         0         
 )                                                               
                                                                 
 conv1d_10 (Conv1D)          (None, 1851, 64)          8256      
                                                                 
 batch_normalization_13 (Bat  (None, 1851, 64)         256       
 chNormalization)                                                
                                                                 
 max_pooling1d_1 (MaxPooling  (None, 462, 64)          0         
 1D)                                                             
                                                                 
 conv1d_11 (Conv1D)          (None, 462, 64)           8256      
                                                                 
 batch_normalization_14 (Bat  (None, 462, 64)          256       
 chNormalization)                                                
                                                                 
 global_max_pooling1d_3 (Glo  (None, 64)               0         
 balMaxPooling1D)                                                
                                                                 
 dense_6 (Dense)             (None, 64)                4160      
                                                                 
 batch_normalization_15 (Bat  (None, 64)               256       
 chNormalization)                                                
                                                                 
 activation_3 (Activation)   (None, 64)                0         
                                                                 
 dense_7 (Dense)             (None, 64)                4160      
                                                                 
 output (Dense)              (None, 2)                 130       
                                                                 
=================================================================
Total params: 26,690
Trainable params: 26,178
Non-trainable params: 512
_________________________________________________________________
","[32, 64, 128]",relu,l2,0,TRUE,0.001,16,10000,Adam,mean_squared_error,175,25,0.001387,0.011687,0.007202,6835,N/A
2025-12-03_00-43-55,"Model: ""Modular_1D_CNN_Model""
_________________________________________________________________
 Layer (type)                Output Shape              Param #   
=================================================================
 conv1d_12 (Conv1D)          (None, 7404, 64)          1664      
                                                                 
 batch_normalization_16 (Bat  (None, 7404, 64)         256       
 chNormalization)                                                
                                                                 
 max_pooling1d_2 (MaxPooling  (None, 1851, 64)         0         
 1D)                                                             
                                                                 
 conv1d_13 (Conv1D)          (None, 1851, 64)          20544     
                                                                 
 batch_normalization_17 (Bat  (None, 1851, 64)         256       
 chNormalization)                                                
                                                                 
 max_pooling1d_3 (MaxPooling  (None, 462, 64)          0         
 1D)                                                             
                                                                 
 conv1d_14 (Conv1D)          (None, 462, 64)           20544     
                                                                 
 batch_normalization_18 (Bat  (None, 462, 64)          256       
 chNormalization)                                                
                                                                 
 global_max_pooling1d_4 (Glo  (None, 64)               0         
 balMaxPooling1D)                                                
                                                                 
 dense_8 (Dense)             (None, 64)                4160      
                                                                 
 batch_normalization_19 (Bat  (None, 64)               256       
 chNormalization)                                                
                                                                 
 activation_4 (Activation)   (None, 64)                0         
                                                                 
 dense_9 (Dense)             (None, 64)                4160      
                                                                 
 output (Dense)              (None, 2)                 130       
                                                                 
=================================================================
Total params: 52,226
Trainable params: 51,714
Non-trainable params: 512
_________________________________________________________________
","[32, 64, 128]",relu,l2,0,TRUE,0.001,16,10000,Adam,mean_squared_error,175,25,0.001342,0.02112,0.006217,8265,N/A
2025-12-03_00-43-55,"Model: ""Modular_1D_CNN_Model""
_________________________________________________________________
 Layer (type)                Output Shape              Param #   
=================================================================
 conv1d_12 (Conv1D)          (None, 7404, 64)          1664      
                                                                 
 batch_normalization_16 (Bat  (None, 7404, 64)         256       
 chNormalization)                                                
                                                                 
 max_pooling1d_2 (MaxPooling  (None, 1851, 64)         0         
 1D)                                                             
                                                                 
 conv1d_13 (Conv1D)          (None, 1851, 64)          20544     
                                                                 
 batch_normalization_17 (Bat  (None, 1851, 64)         256       
 chNormalization)                                                
                                                                 
 max_pooling1d_3 (MaxPooling  (None, 462, 64)          0         
 1D)                                                             
                                                                 
 conv1d_14 (Conv1D)          (None, 462, 64)           20544     
                                                                 
 batch_normalization_18 (Bat  (None, 462, 64)          256       
 chNormalization)                                                
                                                                 
 global_max_pooling1d_4 (Glo  (None, 64)               0         
 balMaxPooling1D)                                                
                                                                 
 dense_8 (Dense)             (None, 64)                4160      
                                                                 
 batch_normalization_19 (Bat  (None, 64)               256       
 chNormalization)                                                
                                                                 
 activation_4 (Activation)   (None, 64)                0         
                                                                 
 dense_9 (Dense)             (None, 64)                4160      
                                                                 
 output (Dense)              (None, 2)                 130       
                                                                 
=================================================================
Total params: 52,226
Trainable params: 51,714
Non-trainable params: 512
_________________________________________________________________
","[32, 64, 128]",relu,l2,0,TRUE,0.001,16,10000,Adam,mean_squared_error,175,25,0.001342,0.02112,0.006217,8265,N/A
2025-12-03_01-11-43,"Model: ""Modular_1D_CNN_Model""
_________________________________________________________________
 Layer (type)                Output Shape              Param #   
=================================================================
 conv1d_15 (Conv1D)          (None, 7404, 64)          3264      
                                                                 
 batch_normalization_20 (Bat  (None, 7404, 64)         256       
 chNormalization)                                                
                                                                 
 max_pooling1d_4 (MaxPooling  (None, 1851, 64)         0         
 1D)                                                             
                                                                 
 conv1d_16 (Conv1D)          (None, 1851, 64)          41024     
                                                                 
 batch_normalization_21 (Bat  (None, 1851, 64)         256       
 chNormalization)                                                
                                                                 
 max_pooling1d_5 (MaxPooling  (None, 462, 64)          0         
 1D)                                                             
                                                                 
 conv1d_17 (Conv1D)          (None, 462, 64)           41024     
                                                                 
 batch_normalization_22 (Bat  (None, 462, 64)          256       
 chNormalization)                                                
                                                                 
 global_max_pooling1d_5 (Glo  (None, 64)               0         
 balMaxPooling1D)                                                
                                                                 
 dense_10 (Dense)            (None, 64)                4160      
                                                                 
 batch_normalization_23 (Bat  (None, 64)               256       
 chNormalization)                                                
                                                                 
 activation_5 (Activation)   (None, 64)                0         
                                                                 
 dense_11 (Dense)            (None, 64)                4160      
                                                                 
 output (Dense)              (None, 2)                 130       
                                                                 
=================================================================
Total params: 94,786
Trainable params: 94,274
Non-trainable params: 512
_________________________________________________________________
","[32, 64, 128]",relu,l2,0,TRUE,0.001,16,10000,Adam,mean_squared_error,175,25,0.001319,0.01297,0.00848,5610,N/A
2025-12-03_01-11-43,"Model: ""Modular_1D_CNN_Model""
_________________________________________________________________
 Layer (type)                Output Shape              Param #   
=================================================================
 conv1d_15 (Conv1D)          (None, 7404, 64)          3264      
                                                                 
 batch_normalization_20 (Bat  (None, 7404, 64)         256       
 chNormalization)                                                
                                                                 
 max_pooling1d_4 (MaxPooling  (None, 1851, 64)         0         
 1D)                                                             
                                                                 
 conv1d_16 (Conv1D)          (None, 1851, 64)          41024     
                                                                 
 batch_normalization_21 (Bat  (None, 1851, 64)         256       
 chNormalization)                                                
                                                                 
 max_pooling1d_5 (MaxPooling  (None, 462, 64)          0         
 1D)                                                             
                                                                 
 conv1d_17 (Conv1D)          (None, 462, 64)           41024     
                                                                 
 batch_normalization_22 (Bat  (None, 462, 64)          256       
 chNormalization)                                                
                                                                 
 global_max_pooling1d_5 (Glo  (None, 64)               0         
 balMaxPooling1D)                                                
                                                                 
 dense_10 (Dense)            (None, 64)                4160      
                                                                 
 batch_normalization_23 (Bat  (None, 64)               256       
 chNormalization)                                                
                                                                 
 activation_5 (Activation)   (None, 64)                0         
                                                                 
 dense_11 (Dense)            (None, 64)                4160      
                                                                 
 output (Dense)              (None, 2)                 130       
                                                                 
=================================================================
Total params: 94,786
Trainable params: 94,274
Non-trainable params: 512
_________________________________________________________________
","[32, 64, 128]",relu,l2,0,TRUE,0.001,16,10000,Adam,mean_squared_error,175,25,0.001319,0.01297,0.00848,5610,N/A
2025-12-03_11-52-42,"Model: ""Modular_1D_CNN_Model""
_________________________________________________________________
 Layer (type)                Output Shape              Param #   
=================================================================
 conv1d_81 (Conv1D)          (None, 7404, 64)          704       
                                                                 
 batch_normalization_105 (Ba  (None, 7404, 64)         256       
 tchNormalization)                                               
                                                                 
 max_pooling1d_24 (MaxPoolin  (None, 1851, 64)         0         
 g1D)                                                            
                                                                 
 conv1d_82 (Conv1D)          (None, 1851, 64)          8256      
                                                                 
 batch_normalization_106 (Ba  (None, 1851, 64)         256       
 tchNormalization)                                               
                                                                 
 max_pooling1d_25 (MaxPoolin  (None, 462, 64)          0         
 g1D)                                                            
                                                                 
 conv1d_83 (Conv1D)          (None, 462, 64)           8256      
                                                                 
 batch_normalization_107 (Ba  (None, 462, 64)          256       
 tchNormalization)                                               
                                                                 
 global_max_pooling1d_21 (Gl  (None, 64)               0         
 obalMaxPooling1D)                                               
                                                                 
 dense_45 (Dense)            (None, 32)                2080      
                                                                 
 batch_normalization_108 (Ba  (None, 32)               128       
 tchNormalization)                                               
                                                                 
 activation_24 (Activation)  (None, 32)                0         
                                                                 
 dense_46 (Dense)            (None, 64)                2112      
                                                                 
 batch_normalization_109 (Ba  (None, 64)               256       
 tchNormalization)                                               
                                                                 
 activation_25 (Activation)  (None, 64)                0         
                                                                 
 dense_47 (Dense)            (None, 64)                4160      
                                                                 
 output (Dense)              (None, 2)                 130       
                                                                 
=================================================================
Total params: 26,850
Trainable params: 26,274
Non-trainable params: 576
_________________________________________________________________
","[32, 64, 128]",relu,l2,0,TRUE,0.001,16,10000,Adam,mean_squared_error,175,25,0.003093,0.027439,0.005996,1898,N/A
2025-12-03_11-52-42,"Model: ""Modular_1D_CNN_Model""
_________________________________________________________________
 Layer (type)                Output Shape              Param #   
=================================================================
 conv1d_81 (Conv1D)          (None, 7404, 64)          704       
                                                                 
 batch_normalization_105 (Ba  (None, 7404, 64)         256       
 tchNormalization)                                               
                                                                 
 max_pooling1d_24 (MaxPoolin  (None, 1851, 64)         0         
 g1D)                                                            
                                                                 
 conv1d_82 (Conv1D)          (None, 1851, 64)          8256      
                                                                 
 batch_normalization_106 (Ba  (None, 1851, 64)         256       
 tchNormalization)                                               
                                                                 
 max_pooling1d_25 (MaxPoolin  (None, 462, 64)          0         
 g1D)                                                            
                                                                 
 conv1d_83 (Conv1D)          (None, 462, 64)           8256      
                                                                 
 batch_normalization_107 (Ba  (None, 462, 64)          256       
 tchNormalization)                                               
                                                                 
 global_max_pooling1d_21 (Gl  (None, 64)               0         
 obalMaxPooling1D)                                               
                                                                 
 dense_45 (Dense)            (None, 32)                2080      
                                                                 
 batch_normalization_108 (Ba  (None, 32)               128       
 tchNormalization)                                               
                                                                 
 activation_24 (Activation)  (None, 32)                0         
                                                                 
 dense_46 (Dense)            (None, 64)                2112      
                                                                 
 batch_normalization_109 (Ba  (None, 64)               256       
 tchNormalization)                                               
                                                                 
 activation_25 (Activation)  (None, 64)                0         
                                                                 
 dense_47 (Dense)            (None, 64)                4160      
                                                                 
 output (Dense)              (None, 2)                 130       
                                                                 
=================================================================
Total params: 26,850
Trainable params: 26,274
Non-trainable params: 576
_________________________________________________________________
","[32, 64, 128]",relu,l2,0,TRUE,0.001,16,10000,Adam,mean_squared_error,175,25,0.003093,0.027439,0.005996,1898,N/A
2025-12-03_12-20-06,"Model: ""Modular_1D_CNN_Model""
_________________________________________________________________
 Layer (type)                Output Shape              Param #   
=================================================================
 conv1d_84 (Conv1D)          (None, 7404, 64)          1664      
                                                                 
 batch_normalization_110 (Ba  (None, 7404, 64)         256       
 tchNormalization)                                               
                                                                 
 max_pooling1d_26 (MaxPoolin  (None, 1851, 64)         0         
 g1D)                                                            
                                                                 
 conv1d_85 (Conv1D)          (None, 1851, 64)          20544     
                                                                 
 batch_normalization_111 (Ba  (None, 1851, 64)         256       
 tchNormalization)                                               
                                                                 
 max_pooling1d_27 (MaxPoolin  (None, 462, 64)          0         
 g1D)                                                            
                                                                 
 conv1d_86 (Conv1D)          (None, 462, 64)           20544     
                                                                 
 batch_normalization_112 (Ba  (None, 462, 64)          256       
 tchNormalization)                                               
                                                                 
 global_max_pooling1d_22 (Gl  (None, 64)               0         
 obalMaxPooling1D)                                               
                                                                 
 dense_48 (Dense)            (None, 32)                2080      
                                                                 
 batch_normalization_113 (Ba  (None, 32)               128       
 tchNormalization)                                               
                                                                 
 activation_26 (Activation)  (None, 32)                0         
                                                                 
 dense_49 (Dense)            (None, 64)                2112      
                                                                 
 batch_normalization_114 (Ba  (None, 64)               256       
 tchNormalization)                                               
                                                                 
 activation_27 (Activation)  (None, 64)                0         
                                                                 
 dense_50 (Dense)            (None, 64)                4160      
                                                                 
 output (Dense)              (None, 2)                 130       
                                                                 
=================================================================
Total params: 52,386
Trainable params: 51,810
Non-trainable params: 576
_________________________________________________________________
","[32, 64, 128]",relu,l2,0,TRUE,0.001,16,10000,Adam,mean_squared_error,175,25,0.001128,0.019963,0.006957,3771,N/A
2025-12-03_12-20-06,"Model: ""Modular_1D_CNN_Model""
_________________________________________________________________
 Layer (type)                Output Shape              Param #   
=================================================================
 conv1d_84 (Conv1D)          (None, 7404, 64)          1664      
                                                                 
 batch_normalization_110 (Ba  (None, 7404, 64)         256       
 tchNormalization)                                               
                                                                 
 max_pooling1d_26 (MaxPoolin  (None, 1851, 64)         0         
 g1D)                                                            
                                                                 
 conv1d_85 (Conv1D)          (None, 1851, 64)          20544     
                                                                 
 batch_normalization_111 (Ba  (None, 1851, 64)         256       
 tchNormalization)                                               
                                                                 
 max_pooling1d_27 (MaxPoolin  (None, 462, 64)          0         
 g1D)                                                            
                                                                 
 conv1d_86 (Conv1D)          (None, 462, 64)           20544     
                                                                 
 batch_normalization_112 (Ba  (None, 462, 64)          256       
 tchNormalization)                                               
                                                                 
 global_max_pooling1d_22 (Gl  (None, 64)               0         
 obalMaxPooling1D)                                               
                                                                 
 dense_48 (Dense)            (None, 32)                2080      
                                                                 
 batch_normalization_113 (Ba  (None, 32)               128       
 tchNormalization)                                               
                                                                 
 activation_26 (Activation)  (None, 32)                0         
                                                                 
 dense_49 (Dense)            (None, 64)                2112      
                                                                 
 batch_normalization_114 (Ba  (None, 64)               256       
 tchNormalization)                                               
                                                                 
 activation_27 (Activation)  (None, 64)                0         
                                                                 
 dense_50 (Dense)            (None, 64)                4160      
                                                                 
 output (Dense)              (None, 2)                 130       
                                                                 
=================================================================
Total params: 52,386
Trainable params: 51,810
Non-trainable params: 576
_________________________________________________________________
","[32, 64, 128]",relu,l2,0,TRUE,0.001,16,10000,Adam,mean_squared_error,175,25,0.001128,0.019963,0.006957,3771,N/A
2025-12-03_12-49-49,"Model: ""Modular_1D_CNN_Model""
_________________________________________________________________
 Layer (type)                Output Shape              Param #   
=================================================================
 conv1d_87 (Conv1D)          (None, 7404, 64)          3264      
                                                                 
 batch_normalization_115 (Ba  (None, 7404, 64)         256       
 tchNormalization)                                               
                                                                 
 max_pooling1d_28 (MaxPoolin  (None, 1851, 64)         0         
 g1D)                                                            
                                                                 
 conv1d_88 (Conv1D)          (None, 1851, 64)          41024     
                                                                 
 batch_normalization_116 (Ba  (None, 1851, 64)         256       
 tchNormalization)                                               
                                                                 
 max_pooling1d_29 (MaxPoolin  (None, 462, 64)          0         
 g1D)                                                            
                                                                 
 conv1d_89 (Conv1D)          (None, 462, 64)           41024     
                                                                 
 batch_normalization_117 (Ba  (None, 462, 64)          256       
 tchNormalization)                                               
                                                                 
 global_max_pooling1d_23 (Gl  (None, 64)               0         
 obalMaxPooling1D)                                               
                                                                 
 dense_51 (Dense)            (None, 32)                2080      
                                                                 
 batch_normalization_118 (Ba  (None, 32)               128       
 tchNormalization)                                               
                                                                 
 activation_28 (Activation)  (None, 32)                0         
                                                                 
 dense_52 (Dense)            (None, 64)                2112      
                                                                 
 batch_normalization_119 (Ba  (None, 64)               256       
 tchNormalization)                                               
                                                                 
 activation_29 (Activation)  (None, 64)                0         
                                                                 
 dense_53 (Dense)            (None, 64)                4160      
                                                                 
 output (Dense)              (None, 2)                 130       
                                                                 
=================================================================
Total params: 94,946
Trainable params: 94,370
Non-trainable params: 576
_________________________________________________________________
","[32, 64, 128]",relu,l2,0,TRUE,0.001,16,10000,Adam,mean_squared_error,175,25,0.001885,0.027236,0.006623,8128,N/A
2025-12-03_12-49-49,"Model: ""Modular_1D_CNN_Model""
_________________________________________________________________
 Layer (type)                Output Shape              Param #   
=================================================================
 conv1d_87 (Conv1D)          (None, 7404, 64)          3264      
                                                                 
 batch_normalization_115 (Ba  (None, 7404, 64)         256       
 tchNormalization)                                               
                                                                 
 max_pooling1d_28 (MaxPoolin  (None, 1851, 64)         0         
 g1D)                                                            
                                                                 
 conv1d_88 (Conv1D)          (None, 1851, 64)          41024     
                                                                 
 batch_normalization_116 (Ba  (None, 1851, 64)         256       
 tchNormalization)                                               
                                                                 
 max_pooling1d_29 (MaxPoolin  (None, 462, 64)          0         
 g1D)                                                            
                                                                 
 conv1d_89 (Conv1D)          (None, 462, 64)           41024     
                                                                 
 batch_normalization_117 (Ba  (None, 462, 64)          256       
 tchNormalization)                                               
                                                                 
 global_max_pooling1d_23 (Gl  (None, 64)               0         
 obalMaxPooling1D)                                               
                                                                 
 dense_51 (Dense)            (None, 32)                2080      
                                                                 
 batch_normalization_118 (Ba  (None, 32)               128       
 tchNormalization)                                               
                                                                 
 activation_28 (Activation)  (None, 32)                0         
                                                                 
 dense_52 (Dense)            (None, 64)                2112      
                                                                 
 batch_normalization_119 (Ba  (None, 64)               256       
 tchNormalization)                                               
                                                                 
 activation_29 (Activation)  (None, 64)                0         
                                                                 
 dense_53 (Dense)            (None, 64)                4160      
                                                                 
 output (Dense)              (None, 2)                 130       
                                                                 
=================================================================
Total params: 94,946
Trainable params: 94,370
Non-trainable params: 576
_________________________________________________________________
","[32, 64, 128]",relu,l2,0,TRUE,0.001,16,10000,Adam,mean_squared_error,175,25,0.001885,0.027236,0.006623,8128,N/A
2025-12-03_01-36-54,"Model: ""Modular_1D_CNN_Model""
_________________________________________________________________
 Layer (type)                Output Shape              Param #   
=================================================================
 conv1d_18 (Conv1D)          (None, 7404, 64)          704       
                                                                 
 batch_normalization_24 (Bat  (None, 7404, 64)         256       
 chNormalization)                                                
                                                                 
 max_pooling1d_6 (MaxPooling  (None, 1851, 64)         0         
 1D)                                                             
                                                                 
 conv1d_19 (Conv1D)          (None, 1851, 64)          8256      
                                                                 
 batch_normalization_25 (Bat  (None, 1851, 64)         256       
 chNormalization)                                                
                                                                 
 conv1d_20 (Conv1D)          (None, 1851, 64)          8256      
                                                                 
 batch_normalization_26 (Bat  (None, 1851, 64)         256       
 chNormalization)                                                
                                                                 
 global_max_pooling1d_6 (Glo  (None, 64)               0         
 balMaxPooling1D)                                                
                                                                 
 dense_12 (Dense)            (None, 64)                4160      
                                                                 
 batch_normalization_27 (Bat  (None, 64)               256       
 chNormalization)                                                
                                                                 
 activation_6 (Activation)   (None, 64)                0         
                                                                 
 dense_13 (Dense)            (None, 64)                4160      
                                                                 
 output (Dense)              (None, 2)                 130       
                                                                 
=================================================================
Total params: 26,690
Trainable params: 26,178
Non-trainable params: 512
_________________________________________________________________
","[32, 64, 64]",relu,l2,0,TRUE,0.001,16,10000,Adam,mean_squared_error,175,25,0.000999,0.020196,0.007862,9366,N/A
2025-12-03_01-36-54,"Model: ""Modular_1D_CNN_Model""
_________________________________________________________________
 Layer (type)                Output Shape              Param #   
=================================================================
 conv1d_18 (Conv1D)          (None, 7404, 64)          704       
                                                                 
 batch_normalization_24 (Bat  (None, 7404, 64)         256       
 chNormalization)                                                
                                                                 
 max_pooling1d_6 (MaxPooling  (None, 1851, 64)         0         
 1D)                                                             
                                                                 
 conv1d_19 (Conv1D)          (None, 1851, 64)          8256      
                                                                 
 batch_normalization_25 (Bat  (None, 1851, 64)         256       
 chNormalization)                                                
                                                                 
 conv1d_20 (Conv1D)          (None, 1851, 64)          8256      
                                                                 
 batch_normalization_26 (Bat  (None, 1851, 64)         256       
 chNormalization)                                                
                                                                 
 global_max_pooling1d_6 (Glo  (None, 64)               0         
 balMaxPooling1D)                                                
                                                                 
 dense_12 (Dense)            (None, 64)                4160      
                                                                 
 batch_normalization_27 (Bat  (None, 64)               256       
 chNormalization)                                                
                                                                 
 activation_6 (Activation)   (None, 64)                0         
                                                                 
 dense_13 (Dense)            (None, 64)                4160      
                                                                 
 output (Dense)              (None, 2)                 130       
                                                                 
=================================================================
Total params: 26,690
Trainable params: 26,178
Non-trainable params: 512
_________________________________________________________________
","[32, 64, 64]",relu,l2,0,TRUE,0.001,16,10000,Adam,mean_squared_error,175,25,0.000999,0.020196,0.007862,9366,N/A
2025-12-03_02-02-58,"Model: ""Modular_1D_CNN_Model""
_________________________________________________________________
 Layer (type)                Output Shape              Param #   
=================================================================
 conv1d_21 (Conv1D)          (None, 7404, 64)          1664      
                                                                 
 batch_normalization_28 (Bat  (None, 7404, 64)         256       
 chNormalization)                                                
                                                                 
 max_pooling1d_7 (MaxPooling  (None, 1851, 64)         0         
 1D)                                                             
                                                                 
 conv1d_22 (Conv1D)          (None, 1851, 64)          20544     
                                                                 
 batch_normalization_29 (Bat  (None, 1851, 64)         256       
 chNormalization)                                                
                                                                 
 conv1d_23 (Conv1D)          (None, 1851, 64)          20544     
                                                                 
 batch_normalization_30 (Bat  (None, 1851, 64)         256       
 chNormalization)                                                
                                                                 
 global_max_pooling1d_7 (Glo  (None, 64)               0         
 balMaxPooling1D)                                                
                                                                 
 dense_14 (Dense)            (None, 64)                4160      
                                                                 
 batch_normalization_31 (Bat  (None, 64)               256       
 chNormalization)                                                
                                                                 
 activation_7 (Activation)   (None, 64)                0         
                                                                 
 dense_15 (Dense)            (None, 64)                4160      
                                                                 
 output (Dense)              (None, 2)                 130       
                                                                 
=================================================================
Total params: 52,226
Trainable params: 51,714
Non-trainable params: 512
_________________________________________________________________
","[32, 64, 64]",relu,l2,0,TRUE,0.001,16,10000,Adam,mean_squared_error,175,25,0.001339,0.054251,0.007477,5855,N/A
2025-12-03_02-02-58,"Model: ""Modular_1D_CNN_Model""
_________________________________________________________________
 Layer (type)                Output Shape              Param #   
=================================================================
 conv1d_21 (Conv1D)          (None, 7404, 64)          1664      
                                                                 
 batch_normalization_28 (Bat  (None, 7404, 64)         256       
 chNormalization)                                                
                                                                 
 max_pooling1d_7 (MaxPooling  (None, 1851, 64)         0         
 1D)                                                             
                                                                 
 conv1d_22 (Conv1D)          (None, 1851, 64)          20544     
                                                                 
 batch_normalization_29 (Bat  (None, 1851, 64)         256       
 chNormalization)                                                
                                                                 
 conv1d_23 (Conv1D)          (None, 1851, 64)          20544     
                                                                 
 batch_normalization_30 (Bat  (None, 1851, 64)         256       
 chNormalization)                                                
                                                                 
 global_max_pooling1d_7 (Glo  (None, 64)               0         
 balMaxPooling1D)                                                
                                                                 
 dense_14 (Dense)            (None, 64)                4160      
                                                                 
 batch_normalization_31 (Bat  (None, 64)               256       
 chNormalization)                                                
                                                                 
 activation_7 (Activation)   (None, 64)                0         
                                                                 
 dense_15 (Dense)            (None, 64)                4160      
                                                                 
 output (Dense)              (None, 2)                 130       
                                                                 
=================================================================
Total params: 52,226
Trainable params: 51,714
Non-trainable params: 512
_________________________________________________________________
","[32, 64, 64]",relu,l2,0,TRUE,0.001,16,10000,Adam,mean_squared_error,175,25,0.001339,0.054251,0.007477,5855,N/A
2025-12-03_02-31-35,"Model: ""Modular_1D_CNN_Model""
_________________________________________________________________
 Layer (type)                Output Shape              Param #   
=================================================================
 conv1d_24 (Conv1D)          (None, 7404, 64)          3264      
                                                                 
 batch_normalization_32 (Bat  (None, 7404, 64)         256       
 chNormalization)                                                
                                                                 
 max_pooling1d_8 (MaxPooling  (None, 1851, 64)         0         
 1D)                                                             
                                                                 
 conv1d_25 (Conv1D)          (None, 1851, 64)          41024     
                                                                 
 batch_normalization_33 (Bat  (None, 1851, 64)         256       
 chNormalization)                                                
                                                                 
 conv1d_26 (Conv1D)          (None, 1851, 64)          41024     
                                                                 
 batch_normalization_34 (Bat  (None, 1851, 64)         256       
 chNormalization)                                                
                                                                 
 global_max_pooling1d_8 (Glo  (None, 64)               0         
 balMaxPooling1D)                                                
                                                                 
 dense_16 (Dense)            (None, 64)                4160      
                                                                 
 batch_normalization_35 (Bat  (None, 64)               256       
 chNormalization)                                                
                                                                 
 activation_8 (Activation)   (None, 64)                0         
                                                                 
 dense_17 (Dense)            (None, 64)                4160      
                                                                 
 output (Dense)              (None, 2)                 130       
                                                                 
=================================================================
Total params: 94,786
Trainable params: 94,274
Non-trainable params: 512
_________________________________________________________________
","[32, 64, 64]",relu,l2,0,TRUE,0.001,16,10000,Adam,mean_squared_error,175,25,0.002369,0.017998,0.008419,4244,N/A
2025-12-03_02-31-35,"Model: ""Modular_1D_CNN_Model""
_________________________________________________________________
 Layer (type)                Output Shape              Param #   
=================================================================
 conv1d_24 (Conv1D)          (None, 7404, 64)          3264      
                                                                 
 batch_normalization_32 (Bat  (None, 7404, 64)         256       
 chNormalization)                                                
                                                                 
 max_pooling1d_8 (MaxPooling  (None, 1851, 64)         0         
 1D)                                                             
                                                                 
 conv1d_25 (Conv1D)          (None, 1851, 64)          41024     
                                                                 
 batch_normalization_33 (Bat  (None, 1851, 64)         256       
 chNormalization)                                                
                                                                 
 conv1d_26 (Conv1D)          (None, 1851, 64)          41024     
                                                                 
 batch_normalization_34 (Bat  (None, 1851, 64)         256       
 chNormalization)                                                
                                                                 
 global_max_pooling1d_8 (Glo  (None, 64)               0         
 balMaxPooling1D)                                                
                                                                 
 dense_16 (Dense)            (None, 64)                4160      
                                                                 
 batch_normalization_35 (Bat  (None, 64)               256       
 chNormalization)                                                
                                                                 
 activation_8 (Activation)   (None, 64)                0         
                                                                 
 dense_17 (Dense)            (None, 64)                4160      
                                                                 
 output (Dense)              (None, 2)                 130       
                                                                 
=================================================================
Total params: 94,786
Trainable params: 94,274
Non-trainable params: 512
_________________________________________________________________
","[32, 64, 64]",relu,l2,0,TRUE,0.001,16,10000,Adam,mean_squared_error,175,25,0.002369,0.017998,0.008419,4244,N/A
2025-12-03_13-16-39,"Model: ""Modular_1D_CNN_Model""
_________________________________________________________________
 Layer (type)                Output Shape              Param #   
=================================================================
 conv1d_90 (Conv1D)          (None, 7404, 64)          704       
                                                                 
 batch_normalization_120 (Ba  (None, 7404, 64)         256       
 tchNormalization)                                               
                                                                 
 max_pooling1d_30 (MaxPoolin  (None, 1851, 64)         0         
 g1D)                                                            
                                                                 
 conv1d_91 (Conv1D)          (None, 1851, 64)          8256      
                                                                 
 batch_normalization_121 (Ba  (None, 1851, 64)         256       
 tchNormalization)                                               
                                                                 
 conv1d_92 (Conv1D)          (None, 1851, 64)          8256      
                                                                 
 batch_normalization_122 (Ba  (None, 1851, 64)         256       
 tchNormalization)                                               
                                                                 
 global_max_pooling1d_24 (Gl  (None, 64)               0         
 obalMaxPooling1D)                                               
                                                                 
 dense_54 (Dense)            (None, 32)                2080      
                                                                 
 batch_normalization_123 (Ba  (None, 32)               128       
 tchNormalization)                                               
                                                                 
 activation_30 (Activation)  (None, 32)                0         
                                                                 
 dense_55 (Dense)            (None, 64)                2112      
                                                                 
 batch_normalization_124 (Ba  (None, 64)               256       
 tchNormalization)                                               
                                                                 
 activation_31 (Activation)  (None, 64)                0         
                                                                 
 dense_56 (Dense)            (None, 64)                4160      
                                                                 
 output (Dense)              (None, 2)                 130       
                                                                 
=================================================================
Total params: 26,850
Trainable params: 26,274
Non-trainable params: 576
_________________________________________________________________
","[32, 64, 64]",relu,l2,0,TRUE,0.001,16,10000,Adam,mean_squared_error,175,25,0.001168,0.034233,0.006607,6681,N/A
2025-12-03_13-16-39,"Model: ""Modular_1D_CNN_Model""
_________________________________________________________________
 Layer (type)                Output Shape              Param #   
=================================================================
 conv1d_90 (Conv1D)          (None, 7404, 64)          704       
                                                                 
 batch_normalization_120 (Ba  (None, 7404, 64)         256       
 tchNormalization)                                               
                                                                 
 max_pooling1d_30 (MaxPoolin  (None, 1851, 64)         0         
 g1D)                                                            
                                                                 
 conv1d_91 (Conv1D)          (None, 1851, 64)          8256      
                                                                 
 batch_normalization_121 (Ba  (None, 1851, 64)         256       
 tchNormalization)                                               
                                                                 
 conv1d_92 (Conv1D)          (None, 1851, 64)          8256      
                                                                 
 batch_normalization_122 (Ba  (None, 1851, 64)         256       
 tchNormalization)                                               
                                                                 
 global_max_pooling1d_24 (Gl  (None, 64)               0         
 obalMaxPooling1D)                                               
                                                                 
 dense_54 (Dense)            (None, 32)                2080      
                                                                 
 batch_normalization_123 (Ba  (None, 32)               128       
 tchNormalization)                                               
                                                                 
 activation_30 (Activation)  (None, 32)                0         
                                                                 
 dense_55 (Dense)            (None, 64)                2112      
                                                                 
 batch_normalization_124 (Ba  (None, 64)               256       
 tchNormalization)                                               
                                                                 
 activation_31 (Activation)  (None, 64)                0         
                                                                 
 dense_56 (Dense)            (None, 64)                4160      
                                                                 
 output (Dense)              (None, 2)                 130       
                                                                 
=================================================================
Total params: 26,850
Trainable params: 26,274
Non-trainable params: 576
_________________________________________________________________
","[32, 64, 64]",relu,l2,0,TRUE,0.001,16,10000,Adam,mean_squared_error,175,25,0.001168,0.034233,0.006607,6681,N/A
2025-12-03_13-44-17,"Model: ""Modular_1D_CNN_Model""
_________________________________________________________________
 Layer (type)                Output Shape              Param #   
=================================================================
 conv1d_93 (Conv1D)          (None, 7404, 64)          1664      
                                                                 
 batch_normalization_125 (Ba  (None, 7404, 64)         256       
 tchNormalization)                                               
                                                                 
 max_pooling1d_31 (MaxPoolin  (None, 1851, 64)         0         
 g1D)                                                            
                                                                 
 conv1d_94 (Conv1D)          (None, 1851, 64)          20544     
                                                                 
 batch_normalization_126 (Ba  (None, 1851, 64)         256       
 tchNormalization)                                               
                                                                 
 conv1d_95 (Conv1D)          (None, 1851, 64)          20544     
                                                                 
 batch_normalization_127 (Ba  (None, 1851, 64)         256       
 tchNormalization)                                               
                                                                 
 global_max_pooling1d_25 (Gl  (None, 64)               0         
 obalMaxPooling1D)                                               
                                                                 
 dense_57 (Dense)            (None, 32)                2080      
                                                                 
 batch_normalization_128 (Ba  (None, 32)               128       
 tchNormalization)                                               
                                                                 
 activation_32 (Activation)  (None, 32)                0         
                                                                 
 dense_58 (Dense)            (None, 64)                2112      
                                                                 
 batch_normalization_129 (Ba  (None, 64)               256       
 tchNormalization)                                               
                                                                 
 activation_33 (Activation)  (None, 64)                0         
                                                                 
 dense_59 (Dense)            (None, 64)                4160      
                                                                 
 output (Dense)              (None, 2)                 130       
                                                                 
=================================================================
Total params: 52,386
Trainable params: 51,810
Non-trainable params: 576
_________________________________________________________________
","[32, 64, 64]",relu,l2,0,TRUE,0.001,16,10000,Adam,mean_squared_error,175,25,0.001652,0.011225,0.006849,7344,N/A
2025-12-03_13-44-17,"Model: ""Modular_1D_CNN_Model""
_________________________________________________________________
 Layer (type)                Output Shape              Param #   
=================================================================
 conv1d_93 (Conv1D)          (None, 7404, 64)          1664      
                                                                 
 batch_normalization_125 (Ba  (None, 7404, 64)         256       
 tchNormalization)                                               
                                                                 
 max_pooling1d_31 (MaxPoolin  (None, 1851, 64)         0         
 g1D)                                                            
                                                                 
 conv1d_94 (Conv1D)          (None, 1851, 64)          20544     
                                                                 
 batch_normalization_126 (Ba  (None, 1851, 64)         256       
 tchNormalization)                                               
                                                                 
 conv1d_95 (Conv1D)          (None, 1851, 64)          20544     
                                                                 
 batch_normalization_127 (Ba  (None, 1851, 64)         256       
 tchNormalization)                                               
                                                                 
 global_max_pooling1d_25 (Gl  (None, 64)               0         
 obalMaxPooling1D)                                               
                                                                 
 dense_57 (Dense)            (None, 32)                2080      
                                                                 
 batch_normalization_128 (Ba  (None, 32)               128       
 tchNormalization)                                               
                                                                 
 activation_32 (Activation)  (None, 32)                0         
                                                                 
 dense_58 (Dense)            (None, 64)                2112      
                                                                 
 batch_normalization_129 (Ba  (None, 64)               256       
 tchNormalization)                                               
                                                                 
 activation_33 (Activation)  (None, 64)                0         
                                                                 
 dense_59 (Dense)            (None, 64)                4160      
                                                                 
 output (Dense)              (None, 2)                 130       
                                                                 
=================================================================
Total params: 52,386
Trainable params: 51,810
Non-trainable params: 576
_________________________________________________________________
","[32, 64, 64]",relu,l2,0,TRUE,0.001,16,10000,Adam,mean_squared_error,175,25,0.001652,0.011225,0.006849,7344,N/A
2025-12-03_14-14-07,"Model: ""Modular_1D_CNN_Model""
_________________________________________________________________
 Layer (type)                Output Shape              Param #   
=================================================================
 conv1d_96 (Conv1D)          (None, 7404, 64)          3264      
                                                                 
 batch_normalization_130 (Ba  (None, 7404, 64)         256       
 tchNormalization)                                               
                                                                 
 max_pooling1d_32 (MaxPoolin  (None, 1851, 64)         0         
 g1D)                                                            
                                                                 
 conv1d_97 (Conv1D)          (None, 1851, 64)          41024     
                                                                 
 batch_normalization_131 (Ba  (None, 1851, 64)         256       
 tchNormalization)                                               
                                                                 
 conv1d_98 (Conv1D)          (None, 1851, 64)          41024     
                                                                 
 batch_normalization_132 (Ba  (None, 1851, 64)         256       
 tchNormalization)                                               
                                                                 
 global_max_pooling1d_26 (Gl  (None, 64)               0         
 obalMaxPooling1D)                                               
                                                                 
 dense_60 (Dense)            (None, 32)                2080      
                                                                 
 batch_normalization_133 (Ba  (None, 32)               128       
 tchNormalization)                                               
                                                                 
 activation_34 (Activation)  (None, 32)                0         
                                                                 
 dense_61 (Dense)            (None, 64)                2112      
                                                                 
 batch_normalization_134 (Ba  (None, 64)               256       
 tchNormalization)                                               
                                                                 
 activation_35 (Activation)  (None, 64)                0         
                                                                 
 dense_62 (Dense)            (None, 64)                4160      
                                                                 
 output (Dense)              (None, 2)                 130       
                                                                 
=================================================================
Total params: 94,946
Trainable params: 94,370
Non-trainable params: 576
_________________________________________________________________
","[32, 64, 64]",relu,l2,0,TRUE,0.001,16,10000,Adam,mean_squared_error,175,25,0.002156,0.035879,0.009263,1735,N/A
2025-12-03_14-14-07,"Model: ""Modular_1D_CNN_Model""
_________________________________________________________________
 Layer (type)                Output Shape              Param #   
=================================================================
 conv1d_96 (Conv1D)          (None, 7404, 64)          3264      
                                                                 
 batch_normalization_130 (Ba  (None, 7404, 64)         256       
 tchNormalization)                                               
                                                                 
 max_pooling1d_32 (MaxPoolin  (None, 1851, 64)         0         
 g1D)                                                            
                                                                 
 conv1d_97 (Conv1D)          (None, 1851, 64)          41024     
                                                                 
 batch_normalization_131 (Ba  (None, 1851, 64)         256       
 tchNormalization)                                               
                                                                 
 conv1d_98 (Conv1D)          (None, 1851, 64)          41024     
                                                                 
 batch_normalization_132 (Ba  (None, 1851, 64)         256       
 tchNormalization)                                               
                                                                 
 global_max_pooling1d_26 (Gl  (None, 64)               0         
 obalMaxPooling1D)                                               
                                                                 
 dense_60 (Dense)            (None, 32)                2080      
                                                                 
 batch_normalization_133 (Ba  (None, 32)               128       
 tchNormalization)                                               
                                                                 
 activation_34 (Activation)  (None, 32)                0         
                                                                 
 dense_61 (Dense)            (None, 64)                2112      
                                                                 
 batch_normalization_134 (Ba  (None, 64)               256       
 tchNormalization)                                               
                                                                 
 activation_35 (Activation)  (None, 64)                0         
                                                                 
 dense_62 (Dense)            (None, 64)                4160      
                                                                 
 output (Dense)              (None, 2)                 130       
                                                                 
=================================================================
Total params: 94,946
Trainable params: 94,370
Non-trainable params: 576
_________________________________________________________________
","[32, 64, 64]",relu,l2,0,TRUE,0.001,16,10000,Adam,mean_squared_error,175,25,0.002156,0.035879,0.009263,1735,N/A
2025-12-02_23-46-41,"Model: ""Modular_1D_CNN_Model""
_________________________________________________________________
 Layer (type)                Output Shape              Param #   
=================================================================
 conv1d (Conv1D)             (None, 4624, 64)          320       
                                                                 
 batch_normalization (BatchN  (None, 4624, 64)         256       
 ormalization)                                                   
                                                                 
 conv1d_1 (Conv1D)           (None, 4624, 64)          8256      
                                                                 
 batch_normalization_1 (Batc  (None, 4624, 64)         256       
 hNormalization)                                                 
                                                                 
 conv1d_2 (Conv1D)           (None, 4624, 64)          8256      
                                                                 
 batch_normalization_2 (Batc  (None, 4624, 64)         256       
 hNormalization)                                                 
                                                                 
 conv1d_3 (Conv1D)           (None, 4624, 64)          8256      
                                                                 
 batch_normalization_3 (Batc  (None, 4624, 64)         256       
 hNormalization)                                                 
                                                                 
 conv1d_4 (Conv1D)           (None, 4624, 64)          8256      
                                                                 
 batch_normalization_4 (Batc  (None, 4624, 64)         256       
 hNormalization)                                                 
                                                                 
 global_max_pooling1d (Globa  (None, 64)               0         
 lMaxPooling1D)                                                  
                                                                 
 dense (Dense)               (None, 64)                4160      
                                                                 
 batch_normalization_5 (Batc  (None, 64)               256       
 hNormalization)                                                 
                                                                 
 activation (Activation)     (None, 64)                0         
                                                                 
 dense_1 (Dense)             (None, 64)                4160      
                                                                 
 output (Dense)              (None, 2)                 130       
                                                                 
=================================================================
Total params: 43,330
Trainable params: 42,562
Non-trainable params: 768
_________________________________________________________________
","[64, 64, 64, 64, 64]",relu,l2,0,TRUE,0.001,16,10000,Adam,mean_squared_error,556,80,0.002393,0.01076,0.004778,5630,N/A
2025-12-02_23-46-41,"Model: ""Modular_1D_CNN_Model""
_________________________________________________________________
 Layer (type)                Output Shape              Param #   
=================================================================
 conv1d (Conv1D)             (None, 4624, 64)          320       
                                                                 
 batch_normalization (BatchN  (None, 4624, 64)         256       
 ormalization)                                                   
                                                                 
 conv1d_1 (Conv1D)           (None, 4624, 64)          8256      
                                                                 
 batch_normalization_1 (Batc  (None, 4624, 64)         256       
 hNormalization)                                                 
                                                                 
 conv1d_2 (Conv1D)           (None, 4624, 64)          8256      
                                                                 
 batch_normalization_2 (Batc  (None, 4624, 64)         256       
 hNormalization)                                                 
                                                                 
 conv1d_3 (Conv1D)           (None, 4624, 64)          8256      
                                                                 
 batch_normalization_3 (Batc  (None, 4624, 64)         256       
 hNormalization)                                                 
                                                                 
 conv1d_4 (Conv1D)           (None, 4624, 64)          8256      
                                                                 
 batch_normalization_4 (Batc  (None, 4624, 64)         256       
 hNormalization)                                                 
                                                                 
 global_max_pooling1d (Globa  (None, 64)               0         
 lMaxPooling1D)                                                  
                                                                 
 dense (Dense)               (None, 64)                4160      
                                                                 
 batch_normalization_5 (Batc  (None, 64)               256       
 hNormalization)                                                 
                                                                 
 activation (Activation)     (None, 64)                0         
                                                                 
 dense_1 (Dense)             (None, 64)                4160      
                                                                 
 output (Dense)              (None, 2)                 130       
                                                                 
=================================================================
Total params: 43,330
Trainable params: 42,562
Non-trainable params: 768
_________________________________________________________________
","[64, 64, 64, 64, 64]",relu,l2,0,TRUE,0.001,16,10000,Adam,mean_squared_error,556,80,0.002393,0.01076,0.004778,5630,N/A
2025-12-03_01-54-43,"Model: ""Modular_1D_CNN_Model""
_________________________________________________________________
 Layer (type)                Output Shape              Param #   
=================================================================
 conv1d_5 (Conv1D)           (None, 4624, 64)          704       
                                                                 
 batch_normalization_6 (Batc  (None, 4624, 64)         256       
 hNormalization)                                                 
                                                                 
 conv1d_6 (Conv1D)           (None, 4624, 64)          20544     
                                                                 
 batch_normalization_7 (Batc  (None, 4624, 64)         256       
 hNormalization)                                                 
                                                                 
 conv1d_7 (Conv1D)           (None, 4624, 64)          20544     
                                                                 
 batch_normalization_8 (Batc  (None, 4624, 64)         256       
 hNormalization)                                                 
                                                                 
 conv1d_8 (Conv1D)           (None, 4624, 64)          20544     
                                                                 
 batch_normalization_9 (Batc  (None, 4624, 64)         256       
 hNormalization)                                                 
                                                                 
 conv1d_9 (Conv1D)           (None, 4624, 64)          20544     
                                                                 
 batch_normalization_10 (Bat  (None, 4624, 64)         256       
 chNormalization)                                                
                                                                 
 global_max_pooling1d_1 (Glo  (None, 64)               0         
 balMaxPooling1D)                                                
                                                                 
 dense_2 (Dense)             (None, 64)                4160      
                                                                 
 batch_normalization_11 (Bat  (None, 64)               256       
 chNormalization)                                                
                                                                 
 activation_1 (Activation)   (None, 64)                0         
                                                                 
 dense_3 (Dense)             (None, 64)                4160      
                                                                 
 output (Dense)              (None, 2)                 130       
                                                                 
=================================================================
Total params: 92,866
Trainable params: 92,098
Non-trainable params: 768
_________________________________________________________________
","[64, 64, 64, 64, 64]",relu,l2,0,TRUE,0.001,16,10000,Adam,mean_squared_error,556,80,0.003986,0.015678,0.006689,7282,N/A
2025-12-03_01-54-43,"Model: ""Modular_1D_CNN_Model""
_________________________________________________________________
 Layer (type)                Output Shape              Param #   
=================================================================
 conv1d_5 (Conv1D)           (None, 4624, 64)          704       
                                                                 
 batch_normalization_6 (Batc  (None, 4624, 64)         256       
 hNormalization)                                                 
                                                                 
 conv1d_6 (Conv1D)           (None, 4624, 64)          20544     
                                                                 
 batch_normalization_7 (Batc  (None, 4624, 64)         256       
 hNormalization)                                                 
                                                                 
 conv1d_7 (Conv1D)           (None, 4624, 64)          20544     
                                                                 
 batch_normalization_8 (Batc  (None, 4624, 64)         256       
 hNormalization)                                                 
                                                                 
 conv1d_8 (Conv1D)           (None, 4624, 64)          20544     
                                                                 
 batch_normalization_9 (Batc  (None, 4624, 64)         256       
 hNormalization)                                                 
                                                                 
 conv1d_9 (Conv1D)           (None, 4624, 64)          20544     
                                                                 
 batch_normalization_10 (Bat  (None, 4624, 64)         256       
 chNormalization)                                                
                                                                 
 global_max_pooling1d_1 (Glo  (None, 64)               0         
 balMaxPooling1D)                                                
                                                                 
 dense_2 (Dense)             (None, 64)                4160      
                                                                 
 batch_normalization_11 (Bat  (None, 64)               256       
 chNormalization)                                                
                                                                 
 activation_1 (Activation)   (None, 64)                0         
                                                                 
 dense_3 (Dense)             (None, 64)                4160      
                                                                 
 output (Dense)              (None, 2)                 130       
                                                                 
=================================================================
Total params: 92,866
Trainable params: 92,098
Non-trainable params: 768
_________________________________________________________________
","[64, 64, 64, 64, 64]",relu,l2,0,TRUE,0.001,16,10000,Adam,mean_squared_error,556,80,0.003986,0.015678,0.006689,7282,N/A
2025-12-03_03-26-27,"Model: ""Modular_1D_CNN_Model""
_________________________________________________________________
 Layer (type)                Output Shape              Param #   
=================================================================
 conv1d_27 (Conv1D)          (None, 7404, 64)          704       
                                                                 
 batch_normalization_36 (Bat  (None, 7404, 64)         256       
 chNormalization)                                                
                                                                 
 conv1d_28 (Conv1D)          (None, 7404, 64)          8256      
                                                                 
 batch_normalization_37 (Bat  (None, 7404, 64)         256       
 chNormalization)                                                
                                                                 
 conv1d_29 (Conv1D)          (None, 7404, 64)          8256      
                                                                 
 batch_normalization_38 (Bat  (None, 7404, 64)         256       
 chNormalization)                                                
                                                                 
 conv1d_30 (Conv1D)          (None, 7404, 64)          8256      
                                                                 
 batch_normalization_39 (Bat  (None, 7404, 64)         256       
 chNormalization)                                                
                                                                 
 conv1d_31 (Conv1D)          (None, 7404, 64)          8256      
                                                                 
 batch_normalization_40 (Bat  (None, 7404, 64)         256       
 chNormalization)                                                
                                                                 
 global_max_pooling1d_9 (Glo  (None, 64)               0         
 balMaxPooling1D)                                                
                                                                 
 dense_18 (Dense)            (None, 64)                4160      
                                                                 
 batch_normalization_41 (Bat  (None, 64)               256       
 chNormalization)                                                
                                                                 
 activation_9 (Activation)   (None, 64)                0         
                                                                 
 dense_19 (Dense)            (None, 64)                4160      
                                                                 
 output (Dense)              (None, 2)                 130       
                                                                 
=================================================================
Total params: 43,714
Trainable params: 42,946
Non-trainable params: 768
_________________________________________________________________
","[64, 64, 64, 64, 64]",relu,l2,0,TRUE,0.001,16,10000,Adam,mean_squared_error,175,25,0.001148,0.02092,0.008374,5670,N/A
2025-12-03_03-26-28,"Model: ""Modular_1D_CNN_Model""
_________________________________________________________________
 Layer (type)                Output Shape              Param #   
=================================================================
 conv1d_27 (Conv1D)          (None, 7404, 64)          704       
                                                                 
 batch_normalization_36 (Bat  (None, 7404, 64)         256       
 chNormalization)                                                
                                                                 
 conv1d_28 (Conv1D)          (None, 7404, 64)          8256      
                                                                 
 batch_normalization_37 (Bat  (None, 7404, 64)         256       
 chNormalization)                                                
                                                                 
 conv1d_29 (Conv1D)          (None, 7404, 64)          8256      
                                                                 
 batch_normalization_38 (Bat  (None, 7404, 64)         256       
 chNormalization)                                                
                                                                 
 conv1d_30 (Conv1D)          (None, 7404, 64)          8256      
                                                                 
 batch_normalization_39 (Bat  (None, 7404, 64)         256       
 chNormalization)                                                
                                                                 
 conv1d_31 (Conv1D)          (None, 7404, 64)          8256      
                                                                 
 batch_normalization_40 (Bat  (None, 7404, 64)         256       
 chNormalization)                                                
                                                                 
 global_max_pooling1d_9 (Glo  (None, 64)               0         
 balMaxPooling1D)                                                
                                                                 
 dense_18 (Dense)            (None, 64)                4160      
                                                                 
 batch_normalization_41 (Bat  (None, 64)               256       
 chNormalization)                                                
                                                                 
 activation_9 (Activation)   (None, 64)                0         
                                                                 
 dense_19 (Dense)            (None, 64)                4160      
                                                                 
 output (Dense)              (None, 2)                 130       
                                                                 
=================================================================
Total params: 43,714
Trainable params: 42,946
Non-trainable params: 768
_________________________________________________________________
","[64, 64, 64, 64, 64]",relu,l2,0,TRUE,0.001,16,10000,Adam,mean_squared_error,175,25,0.001148,0.02092,0.008374,5670,N/A
2025-12-03_04-28-52,"Model: ""Modular_1D_CNN_Model""
_________________________________________________________________
 Layer (type)                Output Shape              Param #   
=================================================================
 conv1d_32 (Conv1D)          (None, 7404, 64)          1664      
                                                                 
 batch_normalization_42 (Bat  (None, 7404, 64)         256       
 chNormalization)                                                
                                                                 
 conv1d_33 (Conv1D)          (None, 7404, 64)          20544     
                                                                 
 batch_normalization_43 (Bat  (None, 7404, 64)         256       
 chNormalization)                                                
                                                                 
 conv1d_34 (Conv1D)          (None, 7404, 64)          20544     
                                                                 
 batch_normalization_44 (Bat  (None, 7404, 64)         256       
 chNormalization)                                                
                                                                 
 conv1d_35 (Conv1D)          (None, 7404, 64)          20544     
                                                                 
 batch_normalization_45 (Bat  (None, 7404, 64)         256       
 chNormalization)                                                
                                                                 
 conv1d_36 (Conv1D)          (None, 7404, 64)          20544     
                                                                 
 batch_normalization_46 (Bat  (None, 7404, 64)         256       
 chNormalization)                                                
                                                                 
 global_max_pooling1d_10 (Gl  (None, 64)               0         
 obalMaxPooling1D)                                               
                                                                 
 dense_20 (Dense)            (None, 64)                4160      
                                                                 
 batch_normalization_47 (Bat  (None, 64)               256       
 chNormalization)                                                
                                                                 
 activation_10 (Activation)  (None, 64)                0         
                                                                 
 dense_21 (Dense)            (None, 64)                4160      
                                                                 
 output (Dense)              (None, 2)                 130       
                                                                 
=================================================================
Total params: 93,826
Trainable params: 93,058
Non-trainable params: 768
_________________________________________________________________
","[64, 64, 64, 64, 64]",relu,l2,0,TRUE,0.001,16,10000,Adam,mean_squared_error,175,25,0.001991,0.013361,0.009622,1402,N/A
2025-12-03_04-28-52,"Model: ""Modular_1D_CNN_Model""
_________________________________________________________________
 Layer (type)                Output Shape              Param #   
=================================================================
 conv1d_32 (Conv1D)          (None, 7404, 64)          1664      
                                                                 
 batch_normalization_42 (Bat  (None, 7404, 64)         256       
 chNormalization)                                                
                                                                 
 conv1d_33 (Conv1D)          (None, 7404, 64)          20544     
                                                                 
 batch_normalization_43 (Bat  (None, 7404, 64)         256       
 chNormalization)                                                
                                                                 
 conv1d_34 (Conv1D)          (None, 7404, 64)          20544     
                                                                 
 batch_normalization_44 (Bat  (None, 7404, 64)         256       
 chNormalization)                                                
                                                                 
 conv1d_35 (Conv1D)          (None, 7404, 64)          20544     
                                                                 
 batch_normalization_45 (Bat  (None, 7404, 64)         256       
 chNormalization)                                                
                                                                 
 conv1d_36 (Conv1D)          (None, 7404, 64)          20544     
                                                                 
 batch_normalization_46 (Bat  (None, 7404, 64)         256       
 chNormalization)                                                
                                                                 
 global_max_pooling1d_10 (Gl  (None, 64)               0         
 obalMaxPooling1D)                                               
                                                                 
 dense_20 (Dense)            (None, 64)                4160      
                                                                 
 batch_normalization_47 (Bat  (None, 64)               256       
 chNormalization)                                                
                                                                 
 activation_10 (Activation)  (None, 64)                0         
                                                                 
 dense_21 (Dense)            (None, 64)                4160      
                                                                 
 output (Dense)              (None, 2)                 130       
                                                                 
=================================================================
Total params: 93,826
Trainable params: 93,058
Non-trainable params: 768
_________________________________________________________________
","[64, 64, 64, 64, 64]",relu,l2,0,TRUE,0.001,16,10000,Adam,mean_squared_error,175,25,0.001991,0.013361,0.009622,1402,N/A
2025-12-03_04-32-26,"Model: ""Modular_1D_CNN_Model""
_________________________________________________________________
 Layer (type)                Output Shape              Param #   
=================================================================
 conv1d_10 (Conv1D)          (None, 4624, 64)          1344      
                                                                 
 batch_normalization_12 (Bat  (None, 4624, 64)         256       
 chNormalization)                                                
                                                                 
 conv1d_11 (Conv1D)          (None, 4624, 64)          41024     
                                                                 
 batch_normalization_13 (Bat  (None, 4624, 64)         256       
 chNormalization)                                                
                                                                 
 conv1d_12 (Conv1D)          (None, 4624, 64)          41024     
                                                                 
 batch_normalization_14 (Bat  (None, 4624, 64)         256       
 chNormalization)                                                
                                                                 
 conv1d_13 (Conv1D)          (None, 4624, 64)          41024     
                                                                 
 batch_normalization_15 (Bat  (None, 4624, 64)         256       
 chNormalization)                                                
                                                                 
 conv1d_14 (Conv1D)          (None, 4624, 64)          41024     
                                                                 
 batch_normalization_16 (Bat  (None, 4624, 64)         256       
 chNormalization)                                                
                                                                 
 global_max_pooling1d_2 (Glo  (None, 64)               0         
 balMaxPooling1D)                                                
                                                                 
 dense_4 (Dense)             (None, 64)                4160      
                                                                 
 batch_normalization_17 (Bat  (None, 64)               256       
 chNormalization)                                                
                                                                 
 activation_2 (Activation)   (None, 64)                0         
                                                                 
 dense_5 (Dense)             (None, 64)                4160      
                                                                 
 output (Dense)              (None, 2)                 130       
                                                                 
=================================================================
Total params: 175,426
Trainable params: 174,658
Non-trainable params: 768
_________________________________________________________________
","[64, 64, 64, 64, 64]",relu,l2,0,TRUE,0.001,16,10000,Adam,mean_squared_error,556,80,0.003292,0.017718,0.008618,9062,N/A
2025-12-03_04-32-26,"Model: ""Modular_1D_CNN_Model""
_________________________________________________________________
 Layer (type)                Output Shape              Param #   
=================================================================
 conv1d_10 (Conv1D)          (None, 4624, 64)          1344      
                                                                 
 batch_normalization_12 (Bat  (None, 4624, 64)         256       
 chNormalization)                                                
                                                                 
 conv1d_11 (Conv1D)          (None, 4624, 64)          41024     
                                                                 
 batch_normalization_13 (Bat  (None, 4624, 64)         256       
 chNormalization)                                                
                                                                 
 conv1d_12 (Conv1D)          (None, 4624, 64)          41024     
                                                                 
 batch_normalization_14 (Bat  (None, 4624, 64)         256       
 chNormalization)                                                
                                                                 
 conv1d_13 (Conv1D)          (None, 4624, 64)          41024     
                                                                 
 batch_normalization_15 (Bat  (None, 4624, 64)         256       
 chNormalization)                                                
                                                                 
 conv1d_14 (Conv1D)          (None, 4624, 64)          41024     
                                                                 
 batch_normalization_16 (Bat  (None, 4624, 64)         256       
 chNormalization)                                                
                                                                 
 global_max_pooling1d_2 (Glo  (None, 64)               0         
 balMaxPooling1D)                                                
                                                                 
 dense_4 (Dense)             (None, 64)                4160      
                                                                 
 batch_normalization_17 (Bat  (None, 64)               256       
 chNormalization)                                                
                                                                 
 activation_2 (Activation)   (None, 64)                0         
                                                                 
 dense_5 (Dense)             (None, 64)                4160      
                                                                 
 output (Dense)              (None, 2)                 130       
                                                                 
=================================================================
Total params: 175,426
Trainable params: 174,658
Non-trainable params: 768
_________________________________________________________________
","[64, 64, 64, 64, 64]",relu,l2,0,TRUE,0.001,16,10000,Adam,mean_squared_error,556,80,0.003292,0.017718,0.008618,9062,N/A
2025-12-03_05-44-51,"Model: ""Modular_1D_CNN_Model""
_________________________________________________________________
 Layer (type)                Output Shape              Param #   
=================================================================
 conv1d_37 (Conv1D)          (None, 7404, 64)          3264      
                                                                 
 batch_normalization_48 (Bat  (None, 7404, 64)         256       
 chNormalization)                                                
                                                                 
 conv1d_38 (Conv1D)          (None, 7404, 64)          41024     
                                                                 
 batch_normalization_49 (Bat  (None, 7404, 64)         256       
 chNormalization)                                                
                                                                 
 conv1d_39 (Conv1D)          (None, 7404, 64)          41024     
                                                                 
 batch_normalization_50 (Bat  (None, 7404, 64)         256       
 chNormalization)                                                
                                                                 
 conv1d_40 (Conv1D)          (None, 7404, 64)          41024     
                                                                 
 batch_normalization_51 (Bat  (None, 7404, 64)         256       
 chNormalization)                                                
                                                                 
 conv1d_41 (Conv1D)          (None, 7404, 64)          41024     
                                                                 
 batch_normalization_52 (Bat  (None, 7404, 64)         256       
 chNormalization)                                                
                                                                 
 global_max_pooling1d_11 (Gl  (None, 64)               0         
 obalMaxPooling1D)                                               
                                                                 
 dense_22 (Dense)            (None, 64)                4160      
                                                                 
 batch_normalization_53 (Bat  (None, 64)               256       
 chNormalization)                                                
                                                                 
 activation_11 (Activation)  (None, 64)                0         
                                                                 
 dense_23 (Dense)            (None, 64)                4160      
                                                                 
 output (Dense)              (None, 2)                 130       
                                                                 
=================================================================
Total params: 177,346
Trainable params: 176,578
Non-trainable params: 768
_________________________________________________________________
","[64, 64, 64, 64, 64]",relu,l2,0,TRUE,0.001,16,10000,Adam,mean_squared_error,175,25,0.004211,0.030255,0.008535,7651,N/A
2025-12-03_05-44-52,"Model: ""Modular_1D_CNN_Model""
_________________________________________________________________
 Layer (type)                Output Shape              Param #   
=================================================================
 conv1d_37 (Conv1D)          (None, 7404, 64)          3264      
                                                                 
 batch_normalization_48 (Bat  (None, 7404, 64)         256       
 chNormalization)                                                
                                                                 
 conv1d_38 (Conv1D)          (None, 7404, 64)          41024     
                                                                 
 batch_normalization_49 (Bat  (None, 7404, 64)         256       
 chNormalization)                                                
                                                                 
 conv1d_39 (Conv1D)          (None, 7404, 64)          41024     
                                                                 
 batch_normalization_50 (Bat  (None, 7404, 64)         256       
 chNormalization)                                                
                                                                 
 conv1d_40 (Conv1D)          (None, 7404, 64)          41024     
                                                                 
 batch_normalization_51 (Bat  (None, 7404, 64)         256       
 chNormalization)                                                
                                                                 
 conv1d_41 (Conv1D)          (None, 7404, 64)          41024     
                                                                 
 batch_normalization_52 (Bat  (None, 7404, 64)         256       
 chNormalization)                                                
                                                                 
 global_max_pooling1d_11 (Gl  (None, 64)               0         
 obalMaxPooling1D)                                               
                                                                 
 dense_22 (Dense)            (None, 64)                4160      
                                                                 
 batch_normalization_53 (Bat  (None, 64)               256       
 chNormalization)                                                
                                                                 
 activation_11 (Activation)  (None, 64)                0         
                                                                 
 dense_23 (Dense)            (None, 64)                4160      
                                                                 
 output (Dense)              (None, 2)                 130       
                                                                 
=================================================================
Total params: 177,346
Trainable params: 176,578
Non-trainable params: 768
_________________________________________________________________
","[64, 64, 64, 64, 64]",relu,l2,0,TRUE,0.001,16,10000,Adam,mean_squared_error,175,25,0.004211,0.030255,0.008535,7651,N/A
2025-12-03_14-39-04,"Model: ""Modular_1D_CNN_Model""
_________________________________________________________________
 Layer (type)                Output Shape              Param #   
=================================================================
 conv1d_45 (Conv1D)          (None, 4624, 64)          320       
                                                                 
 batch_normalization_54 (Bat  (None, 4624, 64)         256       
 chNormalization)                                                
                                                                 
 conv1d_46 (Conv1D)          (None, 4624, 64)          8256      
                                                                 
 batch_normalization_55 (Bat  (None, 4624, 64)         256       
 chNormalization)                                                
                                                                 
 conv1d_47 (Conv1D)          (None, 4624, 64)          8256      
                                                                 
 batch_normalization_56 (Bat  (None, 4624, 64)         256       
 chNormalization)                                                
                                                                 
 conv1d_48 (Conv1D)          (None, 4624, 64)          8256      
                                                                 
 batch_normalization_57 (Bat  (None, 4624, 64)         256       
 chNormalization)                                                
                                                                 
 conv1d_49 (Conv1D)          (None, 4624, 64)          8256      
                                                                 
 batch_normalization_58 (Bat  (None, 4624, 64)         256       
 chNormalization)                                                
                                                                 
 global_max_pooling1d_9 (Glo  (None, 64)               0         
 balMaxPooling1D)                                                
                                                                 
 dense_18 (Dense)            (None, 32)                2080      
                                                                 
 batch_normalization_59 (Bat  (None, 32)               128       
 chNormalization)                                                
                                                                 
 activation_9 (Activation)   (None, 32)                0         
                                                                 
 dense_19 (Dense)            (None, 64)                2112      
                                                                 
 batch_normalization_60 (Bat  (None, 64)               256       
 chNormalization)                                                
                                                                 
 activation_10 (Activation)  (None, 64)                0         
                                                                 
 dense_20 (Dense)            (None, 64)                4160      
                                                                 
 output (Dense)              (None, 2)                 130       
                                                                 
=================================================================
Total params: 43,490
Trainable params: 42,658
Non-trainable params: 832
_________________________________________________________________
","[64, 64, 64, 64, 64]",relu,l2,0,TRUE,0.001,16,10000,Adam,mean_squared_error,556,80,0.002718,0.012096,0.006105,6257,N/A
2025-12-03_14-39-04,"Model: ""Modular_1D_CNN_Model""
_________________________________________________________________
 Layer (type)                Output Shape              Param #   
=================================================================
 conv1d_45 (Conv1D)          (None, 4624, 64)          320       
                                                                 
 batch_normalization_54 (Bat  (None, 4624, 64)         256       
 chNormalization)                                                
                                                                 
 conv1d_46 (Conv1D)          (None, 4624, 64)          8256      
                                                                 
 batch_normalization_55 (Bat  (None, 4624, 64)         256       
 chNormalization)                                                
                                                                 
 conv1d_47 (Conv1D)          (None, 4624, 64)          8256      
                                                                 
 batch_normalization_56 (Bat  (None, 4624, 64)         256       
 chNormalization)                                                
                                                                 
 conv1d_48 (Conv1D)          (None, 4624, 64)          8256      
                                                                 
 batch_normalization_57 (Bat  (None, 4624, 64)         256       
 chNormalization)                                                
                                                                 
 conv1d_49 (Conv1D)          (None, 4624, 64)          8256      
                                                                 
 batch_normalization_58 (Bat  (None, 4624, 64)         256       
 chNormalization)                                                
                                                                 
 global_max_pooling1d_9 (Glo  (None, 64)               0         
 balMaxPooling1D)                                                
                                                                 
 dense_18 (Dense)            (None, 32)                2080      
                                                                 
 batch_normalization_59 (Bat  (None, 32)               128       
 chNormalization)                                                
                                                                 
 activation_9 (Activation)   (None, 32)                0         
                                                                 
 dense_19 (Dense)            (None, 64)                2112      
                                                                 
 batch_normalization_60 (Bat  (None, 64)               256       
 chNormalization)                                                
                                                                 
 activation_10 (Activation)  (None, 64)                0         
                                                                 
 dense_20 (Dense)            (None, 64)                4160      
                                                                 
 output (Dense)              (None, 2)                 130       
                                                                 
=================================================================
Total params: 43,490
Trainable params: 42,658
Non-trainable params: 832
_________________________________________________________________
","[64, 64, 64, 64, 64]",relu,l2,0,TRUE,0.001,16,10000,Adam,mean_squared_error,556,80,0.002718,0.012096,0.006105,6257,N/A
2025-12-02_21-12-38,"Model: ""Modular_1D_CNN_Model""
_________________________________________________________________
 Layer (type)                Output Shape              Param #   
=================================================================
 conv1d (Conv1D)             (None, 7404, 64)          1664      
                                                                 
 batch_normalization (BatchN  (None, 7404, 64)         256       
 ormalization)                                                   
                                                                 
 conv1d_1 (Conv1D)           (None, 7404, 64)          20544     
                                                                 
 batch_normalization_1 (Batc  (None, 7404, 64)         256       
 hNormalization)                                                 
                                                                 
 conv1d_2 (Conv1D)           (None, 7404, 64)          20544     
                                                                 
 batch_normalization_2 (Batc  (None, 7404, 64)         256       
 hNormalization)                                                 
                                                                 
 global_max_pooling1d (Globa  (None, 64)               0         
 lMaxPooling1D)                                                  
                                                                 
 dense (Dense)               (None, 64)                4160      
                                                                 
 batch_normalization_3 (Batc  (None, 64)               256       
 hNormalization)                                                 
                                                                 
 activation (Activation)     (None, 64)                0         
                                                                 
 dense_1 (Dense)             (None, 64)                4160      
                                                                 
 output (Dense)              (None, 2)                 130       
                                                                 
=================================================================
Total params: 52,226
Trainable params: 51,714
Non-trainable params: 512
_________________________________________________________________
","[64, 64, 64]",relu,l2,0,TRUE,0.001,16,10000,Adam,mean_squared_error,175,25,0.001223,0.01546,0.007371,8126,N/A
2025-12-02_21-12-38,"Model: ""Modular_1D_CNN_Model""
_________________________________________________________________
 Layer (type)                Output Shape              Param #   
=================================================================
 conv1d (Conv1D)             (None, 7404, 64)          1664      
                                                                 
 batch_normalization (BatchN  (None, 7404, 64)         256       
 ormalization)                                                   
                                                                 
 conv1d_1 (Conv1D)           (None, 7404, 64)          20544     
                                                                 
 batch_normalization_1 (Batc  (None, 7404, 64)         256       
 hNormalization)                                                 
                                                                 
 conv1d_2 (Conv1D)           (None, 7404, 64)          20544     
                                                                 
 batch_normalization_2 (Batc  (None, 7404, 64)         256       
 hNormalization)                                                 
                                                                 
 global_max_pooling1d (Globa  (None, 64)               0         
 lMaxPooling1D)                                                  
                                                                 
 dense (Dense)               (None, 64)                4160      
                                                                 
 batch_normalization_3 (Batc  (None, 64)               256       
 hNormalization)                                                 
                                                                 
 activation (Activation)     (None, 64)                0         
                                                                 
 dense_1 (Dense)             (None, 64)                4160      
                                                                 
 output (Dense)              (None, 2)                 130       
                                                                 
=================================================================
Total params: 52,226
Trainable params: 51,714
Non-trainable params: 512
_________________________________________________________________
","[64, 64, 64]",relu,l2,0,TRUE,0.001,16,10000,Adam,mean_squared_error,175,25,0.001223,0.01546,0.007371,8126,N/A
2025-12-02_22-22-53,"Model: ""Modular_1D_CNN_Model""
_________________________________________________________________
 Layer (type)                Output Shape              Param #   
=================================================================
 conv1d (Conv1D)             (None, 7404, 64)          704       
                                                                 
 batch_normalization (BatchN  (None, 7404, 64)         256       
 ormalization)                                                   
                                                                 
 conv1d_1 (Conv1D)           (None, 7404, 64)          8256      
                                                                 
 batch_normalization_1 (Batc  (None, 7404, 64)         256       
 hNormalization)                                                 
                                                                 
 conv1d_2 (Conv1D)           (None, 7404, 64)          8256      
                                                                 
 batch_normalization_2 (Batc  (None, 7404, 64)         256       
 hNormalization)                                                 
                                                                 
 global_max_pooling1d (Globa  (None, 64)               0         
 lMaxPooling1D)                                                  
                                                                 
 dense (Dense)               (None, 64)                4160      
                                                                 
 batch_normalization_3 (Batc  (None, 64)               256       
 hNormalization)                                                 
                                                                 
 activation (Activation)     (None, 64)                0         
                                                                 
 dense_1 (Dense)             (None, 64)                4160      
                                                                 
 output (Dense)              (None, 2)                 130       
                                                                 
=================================================================
Total params: 26,690
Trainable params: 26,178
Non-trainable params: 512
_________________________________________________________________
","[64, 64, 64]",relu,l2,0,TRUE,0.001,16,10000,Adam,mean_squared_error,175,25,0.001597,0.011747,0.005905,2129,N/A
2025-12-02_22-22-53,"Model: ""Modular_1D_CNN_Model""
_________________________________________________________________
 Layer (type)                Output Shape              Param #   
=================================================================
 conv1d (Conv1D)             (None, 7404, 64)          704       
                                                                 
 batch_normalization (BatchN  (None, 7404, 64)         256       
 ormalization)                                                   
                                                                 
 conv1d_1 (Conv1D)           (None, 7404, 64)          8256      
                                                                 
 batch_normalization_1 (Batc  (None, 7404, 64)         256       
 hNormalization)                                                 
                                                                 
 conv1d_2 (Conv1D)           (None, 7404, 64)          8256      
                                                                 
 batch_normalization_2 (Batc  (None, 7404, 64)         256       
 hNormalization)                                                 
                                                                 
 global_max_pooling1d (Globa  (None, 64)               0         
 lMaxPooling1D)                                                  
                                                                 
 dense (Dense)               (None, 64)                4160      
                                                                 
 batch_normalization_3 (Batc  (None, 64)               256       
 hNormalization)                                                 
                                                                 
 activation (Activation)     (None, 64)                0         
                                                                 
 dense_1 (Dense)             (None, 64)                4160      
                                                                 
 output (Dense)              (None, 2)                 130       
                                                                 
=================================================================
Total params: 26,690
Trainable params: 26,178
Non-trainable params: 512
_________________________________________________________________
","[64, 64, 64]",relu,l2,0,TRUE,0.001,16,10000,Adam,mean_squared_error,175,25,0.001597,0.011747,0.005905,2129,N/A
2025-12-02_23-05-20,"Model: ""Modular_1D_CNN_Model""
_________________________________________________________________
 Layer (type)                Output Shape              Param #   
=================================================================
 conv1d_3 (Conv1D)           (None, 7404, 64)          1664      
                                                                 
 batch_normalization_4 (Batc  (None, 7404, 64)         256       
 hNormalization)                                                 
                                                                 
 conv1d_4 (Conv1D)           (None, 7404, 64)          20544     
                                                                 
 batch_normalization_5 (Batc  (None, 7404, 64)         256       
 hNormalization)                                                 
                                                                 
 conv1d_5 (Conv1D)           (None, 7404, 64)          20544     
                                                                 
 batch_normalization_6 (Batc  (None, 7404, 64)         256       
 hNormalization)                                                 
                                                                 
 global_max_pooling1d_1 (Glo  (None, 64)               0         
 balMaxPooling1D)                                                
                                                                 
 dense_2 (Dense)             (None, 64)                4160      
                                                                 
 batch_normalization_7 (Batc  (None, 64)               256       
 hNormalization)                                                 
                                                                 
 activation_1 (Activation)   (None, 64)                0         
                                                                 
 dense_3 (Dense)             (None, 64)                4160      
                                                                 
 output (Dense)              (None, 2)                 130       
                                                                 
=================================================================
Total params: 52,226
Trainable params: 51,714
Non-trainable params: 512
_________________________________________________________________
","[64, 64, 64]",relu,l2,0,TRUE,0.001,16,10000,Adam,mean_squared_error,175,25,0.002021,0.013984,0.006588,7498,N/A
2025-12-02_23-05-20,"Model: ""Modular_1D_CNN_Model""
_________________________________________________________________
 Layer (type)                Output Shape              Param #   
=================================================================
 conv1d_3 (Conv1D)           (None, 7404, 64)          1664      
                                                                 
 batch_normalization_4 (Batc  (None, 7404, 64)         256       
 hNormalization)                                                 
                                                                 
 conv1d_4 (Conv1D)           (None, 7404, 64)          20544     
                                                                 
 batch_normalization_5 (Batc  (None, 7404, 64)         256       
 hNormalization)                                                 
                                                                 
 conv1d_5 (Conv1D)           (None, 7404, 64)          20544     
                                                                 
 batch_normalization_6 (Batc  (None, 7404, 64)         256       
 hNormalization)                                                 
                                                                 
 global_max_pooling1d_1 (Glo  (None, 64)               0         
 balMaxPooling1D)                                                
                                                                 
 dense_2 (Dense)             (None, 64)                4160      
                                                                 
 batch_normalization_7 (Batc  (None, 64)               256       
 hNormalization)                                                 
                                                                 
 activation_1 (Activation)   (None, 64)                0         
                                                                 
 dense_3 (Dense)             (None, 64)                4160      
                                                                 
 output (Dense)              (None, 2)                 130       
                                                                 
=================================================================
Total params: 52,226
Trainable params: 51,714
Non-trainable params: 512
_________________________________________________________________
","[64, 64, 64]",relu,l2,0,TRUE,0.001,16,10000,Adam,mean_squared_error,175,25,0.002021,0.013984,0.006588,7498,N/A
2025-12-02_23-53-51,"Model: ""Modular_1D_CNN_Model""
_________________________________________________________________
 Layer (type)                Output Shape              Param #   
=================================================================
 conv1d_6 (Conv1D)           (None, 7404, 64)          3264      
                                                                 
 batch_normalization_8 (Batc  (None, 7404, 64)         256       
 hNormalization)                                                 
                                                                 
 conv1d_7 (Conv1D)           (None, 7404, 64)          41024     
                                                                 
 batch_normalization_9 (Batc  (None, 7404, 64)         256       
 hNormalization)                                                 
                                                                 
 conv1d_8 (Conv1D)           (None, 7404, 64)          41024     
                                                                 
 batch_normalization_10 (Bat  (None, 7404, 64)         256       
 chNormalization)                                                
                                                                 
 global_max_pooling1d_2 (Glo  (None, 64)               0         
 balMaxPooling1D)                                                
                                                                 
 dense_4 (Dense)             (None, 64)                4160      
                                                                 
 batch_normalization_11 (Bat  (None, 64)               256       
 chNormalization)                                                
                                                                 
 activation_2 (Activation)   (None, 64)                0         
                                                                 
 dense_5 (Dense)             (None, 64)                4160      
                                                                 
 output (Dense)              (None, 2)                 130       
                                                                 
=================================================================
Total params: 94,786
Trainable params: 94,274
Non-trainable params: 512
_________________________________________________________________
","[64, 64, 64]",relu,l2,0,TRUE,0.001,16,10000,Adam,mean_squared_error,175,25,0.007386,0.03451,0.008577,2653,N/A
2025-12-02_23-53-52,"Model: ""Modular_1D_CNN_Model""
_________________________________________________________________
 Layer (type)                Output Shape              Param #   
=================================================================
 conv1d_6 (Conv1D)           (None, 7404, 64)          3264      
                                                                 
 batch_normalization_8 (Batc  (None, 7404, 64)         256       
 hNormalization)                                                 
                                                                 
 conv1d_7 (Conv1D)           (None, 7404, 64)          41024     
                                                                 
 batch_normalization_9 (Batc  (None, 7404, 64)         256       
 hNormalization)                                                 
                                                                 
 conv1d_8 (Conv1D)           (None, 7404, 64)          41024     
                                                                 
 batch_normalization_10 (Bat  (None, 7404, 64)         256       
 chNormalization)                                                
                                                                 
 global_max_pooling1d_2 (Glo  (None, 64)               0         
 balMaxPooling1D)                                                
                                                                 
 dense_4 (Dense)             (None, 64)                4160      
                                                                 
 batch_normalization_11 (Bat  (None, 64)               256       
 chNormalization)                                                
                                                                 
 activation_2 (Activation)   (None, 64)                0         
                                                                 
 dense_5 (Dense)             (None, 64)                4160      
                                                                 
 output (Dense)              (None, 2)                 130       
                                                                 
=================================================================
Total params: 94,786
Trainable params: 94,274
Non-trainable params: 512
_________________________________________________________________
","[64, 64, 64]",relu,l2,0,TRUE,0.001,16,10000,Adam,mean_squared_error,175,25,0.007386,0.03451,0.008577,2653,N/A
2025-12-03_09-51-44,"Model: ""Modular_1D_CNN_Model""
_________________________________________________________________
 Layer (type)                Output Shape              Param #   
=================================================================
 conv1d_72 (Conv1D)          (None, 7404, 64)          704       
                                                                 
 batch_normalization_90 (Bat  (None, 7404, 64)         256       
 chNormalization)                                                
                                                                 
 conv1d_73 (Conv1D)          (None, 7404, 64)          8256      
                                                                 
 batch_normalization_91 (Bat  (None, 7404, 64)         256       
 chNormalization)                                                
                                                                 
 conv1d_74 (Conv1D)          (None, 7404, 64)          8256      
                                                                 
 batch_normalization_92 (Bat  (None, 7404, 64)         256       
 chNormalization)                                                
                                                                 
 global_max_pooling1d_18 (Gl  (None, 64)               0         
 obalMaxPooling1D)                                               
                                                                 
 dense_36 (Dense)            (None, 32)                2080      
                                                                 
 batch_normalization_93 (Bat  (None, 32)               128       
 chNormalization)                                                
                                                                 
 activation_18 (Activation)  (None, 32)                0         
                                                                 
 dense_37 (Dense)            (None, 64)                2112      
                                                                 
 batch_normalization_94 (Bat  (None, 64)               256       
 chNormalization)                                                
                                                                 
 activation_19 (Activation)  (None, 64)                0         
                                                                 
 dense_38 (Dense)            (None, 64)                4160      
                                                                 
 output (Dense)              (None, 2)                 130       
                                                                 
=================================================================
Total params: 26,850
Trainable params: 26,274
Non-trainable params: 576
_________________________________________________________________
","[64, 64, 64]",relu,l2,0,TRUE,0.001,16,10000,Adam,mean_squared_error,175,25,0.001094,0.01363,0.005618,6883,N/A
2025-12-03_09-51-44,"Model: ""Modular_1D_CNN_Model""
_________________________________________________________________
 Layer (type)                Output Shape              Param #   
=================================================================
 conv1d_72 (Conv1D)          (None, 7404, 64)          704       
                                                                 
 batch_normalization_90 (Bat  (None, 7404, 64)         256       
 chNormalization)                                                
                                                                 
 conv1d_73 (Conv1D)          (None, 7404, 64)          8256      
                                                                 
 batch_normalization_91 (Bat  (None, 7404, 64)         256       
 chNormalization)                                                
                                                                 
 conv1d_74 (Conv1D)          (None, 7404, 64)          8256      
                                                                 
 batch_normalization_92 (Bat  (None, 7404, 64)         256       
 chNormalization)                                                
                                                                 
 global_max_pooling1d_18 (Gl  (None, 64)               0         
 obalMaxPooling1D)                                               
                                                                 
 dense_36 (Dense)            (None, 32)                2080      
                                                                 
 batch_normalization_93 (Bat  (None, 32)               128       
 chNormalization)                                                
                                                                 
 activation_18 (Activation)  (None, 32)                0         
                                                                 
 dense_37 (Dense)            (None, 64)                2112      
                                                                 
 batch_normalization_94 (Bat  (None, 64)               256       
 chNormalization)                                                
                                                                 
 activation_19 (Activation)  (None, 64)                0         
                                                                 
 dense_38 (Dense)            (None, 64)                4160      
                                                                 
 output (Dense)              (None, 2)                 130       
                                                                 
=================================================================
Total params: 26,850
Trainable params: 26,274
Non-trainable params: 576
_________________________________________________________________
","[64, 64, 64]",relu,l2,0,TRUE,0.001,16,10000,Adam,mean_squared_error,175,25,0.001094,0.01363,0.005618,6883,N/A
2025-12-03_10-36-01,"Model: ""Modular_1D_CNN_Model""
_________________________________________________________________
 Layer (type)                Output Shape              Param #   
=================================================================
 conv1d_75 (Conv1D)          (None, 7404, 64)          1664      
                                                                 
 batch_normalization_95 (Bat  (None, 7404, 64)         256       
 chNormalization)                                                
                                                                 
 conv1d_76 (Conv1D)          (None, 7404, 64)          20544     
                                                                 
 batch_normalization_96 (Bat  (None, 7404, 64)         256       
 chNormalization)                                                
                                                                 
 conv1d_77 (Conv1D)          (None, 7404, 64)          20544     
                                                                 
 batch_normalization_97 (Bat  (None, 7404, 64)         256       
 chNormalization)                                                
                                                                 
 global_max_pooling1d_19 (Gl  (None, 64)               0         
 obalMaxPooling1D)                                               
                                                                 
 dense_39 (Dense)            (None, 32)                2080      
                                                                 
 batch_normalization_98 (Bat  (None, 32)               128       
 chNormalization)                                                
                                                                 
 activation_20 (Activation)  (None, 32)                0         
                                                                 
 dense_40 (Dense)            (None, 64)                2112      
                                                                 
 batch_normalization_99 (Bat  (None, 64)               256       
 chNormalization)                                                
                                                                 
 activation_21 (Activation)  (None, 64)                0         
                                                                 
 dense_41 (Dense)            (None, 64)                4160      
                                                                 
 output (Dense)              (None, 2)                 130       
                                                                 
=================================================================
Total params: 52,386
Trainable params: 51,810
Non-trainable params: 576
_________________________________________________________________
","[64, 64, 64]",relu,l2,0,TRUE,0.001,16,10000,Adam,mean_squared_error,175,25,0.001283,0.016965,0.006894,8780,N/A
2025-12-03_10-36-01,"Model: ""Modular_1D_CNN_Model""
_________________________________________________________________
 Layer (type)                Output Shape              Param #   
=================================================================
 conv1d_75 (Conv1D)          (None, 7404, 64)          1664      
                                                                 
 batch_normalization_95 (Bat  (None, 7404, 64)         256       
 chNormalization)                                                
                                                                 
 conv1d_76 (Conv1D)          (None, 7404, 64)          20544     
                                                                 
 batch_normalization_96 (Bat  (None, 7404, 64)         256       
 chNormalization)                                                
                                                                 
 conv1d_77 (Conv1D)          (None, 7404, 64)          20544     
                                                                 
 batch_normalization_97 (Bat  (None, 7404, 64)         256       
 chNormalization)                                                
                                                                 
 global_max_pooling1d_19 (Gl  (None, 64)               0         
 obalMaxPooling1D)                                               
                                                                 
 dense_39 (Dense)            (None, 32)                2080      
                                                                 
 batch_normalization_98 (Bat  (None, 32)               128       
 chNormalization)                                                
                                                                 
 activation_20 (Activation)  (None, 32)                0         
                                                                 
 dense_40 (Dense)            (None, 64)                2112      
                                                                 
 batch_normalization_99 (Bat  (None, 64)               256       
 chNormalization)                                                
                                                                 
 activation_21 (Activation)  (None, 64)                0         
                                                                 
 dense_41 (Dense)            (None, 64)                4160      
                                                                 
 output (Dense)              (None, 2)                 130       
                                                                 
=================================================================
Total params: 52,386
Trainable params: 51,810
Non-trainable params: 576
_________________________________________________________________
","[64, 64, 64]",relu,l2,0,TRUE,0.001,16,10000,Adam,mean_squared_error,175,25,0.001283,0.016965,0.006894,8780,N/A
2025-12-03_11-26-18,"Model: ""Modular_1D_CNN_Model""
_________________________________________________________________
 Layer (type)                Output Shape              Param #   
=================================================================
 conv1d_78 (Conv1D)          (None, 7404, 64)          3264      
                                                                 
 batch_normalization_100 (Ba  (None, 7404, 64)         256       
 tchNormalization)                                               
                                                                 
 conv1d_79 (Conv1D)          (None, 7404, 64)          41024     
                                                                 
 batch_normalization_101 (Ba  (None, 7404, 64)         256       
 tchNormalization)                                               
                                                                 
 conv1d_80 (Conv1D)          (None, 7404, 64)          41024     
                                                                 
 batch_normalization_102 (Ba  (None, 7404, 64)         256       
 tchNormalization)                                               
                                                                 
 global_max_pooling1d_20 (Gl  (None, 64)               0         
 obalMaxPooling1D)                                               
                                                                 
 dense_42 (Dense)            (None, 32)                2080      
                                                                 
 batch_normalization_103 (Ba  (None, 32)               128       
 tchNormalization)                                               
                                                                 
 activation_22 (Activation)  (None, 32)                0         
                                                                 
 dense_43 (Dense)            (None, 64)                2112      
                                                                 
 batch_normalization_104 (Ba  (None, 64)               256       
 tchNormalization)                                               
                                                                 
 activation_23 (Activation)  (None, 64)                0         
                                                                 
 dense_44 (Dense)            (None, 64)                4160      
                                                                 
 output (Dense)              (None, 2)                 130       
                                                                 
=================================================================
Total params: 94,946
Trainable params: 94,370
Non-trainable params: 576
_________________________________________________________________
","[64, 64, 64]",relu,l2,0,TRUE,0.001,16,10000,Adam,mean_squared_error,175,25,0.003823,0.018146,0.00797,3854,N/A
2025-12-03_11-26-18,"Model: ""Modular_1D_CNN_Model""
_________________________________________________________________
 Layer (type)                Output Shape              Param #   
=================================================================
 conv1d_78 (Conv1D)          (None, 7404, 64)          3264      
                                                                 
 batch_normalization_100 (Ba  (None, 7404, 64)         256       
 tchNormalization)                                               
                                                                 
 conv1d_79 (Conv1D)          (None, 7404, 64)          41024     
                                                                 
 batch_normalization_101 (Ba  (None, 7404, 64)         256       
 tchNormalization)                                               
                                                                 
 conv1d_80 (Conv1D)          (None, 7404, 64)          41024     
                                                                 
 batch_normalization_102 (Ba  (None, 7404, 64)         256       
 tchNormalization)                                               
                                                                 
 global_max_pooling1d_20 (Gl  (None, 64)               0         
 obalMaxPooling1D)                                               
                                                                 
 dense_42 (Dense)            (None, 32)                2080      
                                                                 
 batch_normalization_103 (Ba  (None, 32)               128       
 tchNormalization)                                               
                                                                 
 activation_22 (Activation)  (None, 32)                0         
                                                                 
 dense_43 (Dense)            (None, 64)                2112      
                                                                 
 batch_normalization_104 (Ba  (None, 64)               256       
 tchNormalization)                                               
                                                                 
 activation_23 (Activation)  (None, 64)                0         
                                                                 
 dense_44 (Dense)            (None, 64)                4160      
                                                                 
 output (Dense)              (None, 2)                 130       
                                                                 
=================================================================
Total params: 94,946
Trainable params: 94,370
Non-trainable params: 576
_________________________________________________________________
","[64, 64, 64]",relu,l2,0,TRUE,0.001,16,10000,Adam,mean_squared_error,175,25,0.003823,0.018146,0.00797,3854,N/A
2025-12-03_15-36-33,"Model: ""Modular_1D_CNN_Model""
_________________________________________________________________
 Layer (type)                Output Shape              Param #   
=================================================================
 conv1d_85 (Conv1D)          (None, 4624, 64)          320       
                                                                 
 batch_normalization_119 (Ba  (None, 4624, 64)         256       
 tchNormalization)                                               
                                                                 
 max_pooling1d_68 (MaxPoolin  (None, 1156, 64)         0         
 g1D)                                                            
                                                                 
 conv1d_86 (Conv1D)          (None, 1156, 64)          8256      
                                                                 
 batch_normalization_120 (Ba  (None, 1156, 64)         256       
 tchNormalization)                                               
                                                                 
 max_pooling1d_69 (MaxPoolin  (None, 289, 64)          0         
 g1D)                                                            
                                                                 
 conv1d_87 (Conv1D)          (None, 289, 64)           8256      
                                                                 
 batch_normalization_121 (Ba  (None, 289, 64)          256       
 tchNormalization)                                               
                                                                 
 max_pooling1d_70 (MaxPoolin  (None, 72, 64)           0         
 g1D)                                                            
                                                                 
 conv1d_88 (Conv1D)          (None, 72, 64)            8256      
                                                                 
 batch_normalization_122 (Ba  (None, 72, 64)           256       
 tchNormalization)                                               
                                                                 
 max_pooling1d_71 (MaxPoolin  (None, 18, 64)           0         
 g1D)                                                            
                                                                 
 conv1d_89 (Conv1D)          (None, 18, 64)            8256      
                                                                 
 batch_normalization_123 (Ba  (None, 18, 64)           256       
 tchNormalization)                                               
                                                                 
 global_max_pooling1d_17 (Gl  (None, 64)               0         
 obalMaxPooling1D)                                               
                                                                 
 dense_51 (Dense)            (None, 16)                1040      
                                                                 
 batch_normalization_124 (Ba  (None, 16)               64        
 tchNormalization)                                               
                                                                 
 activation_34 (Activation)  (None, 16)                0         
                                                                 
 dense_52 (Dense)            (None, 32)                544       
                                                                 
 batch_normalization_125 (Ba  (None, 32)               128       
 tchNormalization)                                               
                                                                 
 activation_35 (Activation)  (None, 32)                0         
                                                                 
 dense_53 (Dense)            (None, 64)                2112      
                                                                 
 batch_normalization_126 (Ba  (None, 64)               256       
 tchNormalization)                                               
                                                                 
 activation_36 (Activation)  (None, 64)                0         
                                                                 
 dense_54 (Dense)            (None, 128)               8320      
                                                                 
 batch_normalization_127 (Ba  (None, 128)              512       
 tchNormalization)                                               
                                                                 
 activation_37 (Activation)  (None, 128)               0         
                                                                 
 dense_55 (Dense)            (None, 64)                8256      
                                                                 
 output (Dense)              (None, 2)                 130       
                                                                 
=================================================================
Total params: 55,986
Trainable params: 54,866
Non-trainable params: 1,120
_________________________________________________________________
","[1, 2, 4, 8, 16]",relu,l2,0.05,True,0.001,16,10000,Adam,mean_squared_error,556,80,0.002759,0.015096,0.007291,2912,N/A
2025-12-03_15-36-33,"Model: ""Modular_1D_CNN_Model""
_________________________________________________________________
 Layer (type)                Output Shape              Param #   
=================================================================
 conv1d_85 (Conv1D)          (None, 4624, 64)          320       
                                                                 
 batch_normalization_119 (Ba  (None, 4624, 64)         256       
 tchNormalization)                                               
                                                                 
 max_pooling1d_68 (MaxPoolin  (None, 1156, 64)         0         
 g1D)                                                            
                                                                 
 conv1d_86 (Conv1D)          (None, 1156, 64)          8256      
                                                                 
 batch_normalization_120 (Ba  (None, 1156, 64)         256       
 tchNormalization)                                               
                                                                 
 max_pooling1d_69 (MaxPoolin  (None, 289, 64)          0         
 g1D)                                                            
                                                                 
 conv1d_87 (Conv1D)          (None, 289, 64)           8256      
                                                                 
 batch_normalization_121 (Ba  (None, 289, 64)          256       
 tchNormalization)                                               
                                                                 
 max_pooling1d_70 (MaxPoolin  (None, 72, 64)           0         
 g1D)                                                            
                                                                 
 conv1d_88 (Conv1D)          (None, 72, 64)            8256      
                                                                 
 batch_normalization_122 (Ba  (None, 72, 64)           256       
 tchNormalization)                                               
                                                                 
 max_pooling1d_71 (MaxPoolin  (None, 18, 64)           0         
 g1D)                                                            
                                                                 
 conv1d_89 (Conv1D)          (None, 18, 64)            8256      
                                                                 
 batch_normalization_123 (Ba  (None, 18, 64)           256       
 tchNormalization)                                               
                                                                 
 global_max_pooling1d_17 (Gl  (None, 64)               0         
 obalMaxPooling1D)                                               
                                                                 
 dense_51 (Dense)            (None, 16)                1040      
                                                                 
 batch_normalization_124 (Ba  (None, 16)               64        
 tchNormalization)                                               
                                                                 
 activation_34 (Activation)  (None, 16)                0         
                                                                 
 dense_52 (Dense)            (None, 32)                544       
                                                                 
 batch_normalization_125 (Ba  (None, 32)               128       
 tchNormalization)                                               
                                                                 
 activation_35 (Activation)  (None, 32)                0         
                                                                 
 dense_53 (Dense)            (None, 64)                2112      
                                                                 
 batch_normalization_126 (Ba  (None, 64)               256       
 tchNormalization)                                               
                                                                 
 activation_36 (Activation)  (None, 64)                0         
                                                                 
 dense_54 (Dense)            (None, 128)               8320      
                                                                 
 batch_normalization_127 (Ba  (None, 128)              512       
 tchNormalization)                                               
                                                                 
 activation_37 (Activation)  (None, 128)               0         
                                                                 
 dense_55 (Dense)            (None, 64)                8256      
                                                                 
 output (Dense)              (None, 2)                 130       
                                                                 
=================================================================
Total params: 55,986
Trainable params: 54,866
Non-trainable params: 1,120
_________________________________________________________________
","[1, 2, 4, 8, 16]",relu,l2,0.05,True,0.001,16,10000,Adam,mean_squared_error,556,80,0.002759,0.015096,0.007291,2912,N/A
